Farmer_id,farmer_consent_form,district,number_of_coffee_farms_owned,farmer_head_of_family,number_of_household_members,farmer_member_coffee_org,name_of_coffee_org,farmer_part_of_carbon_project,carbon_project_name,farmer_has_mobile_money_wallet,land_agri_or_forest,land_documents,land_documents_other,any_land_dispute,any_land_dispute_details,protect_water_sources,protect_water_sources_details,use_organic_waste,use_organic_waste_details,harvest_wood_farm,harvest_wood_farm_regulations,harvest_wood_farm_regulations_details,interact_leaders_farming_activities,interact_leaders_farming_activities_details,workers_treatment,workers_treatment_details,pay_min_wage,pay_min_wage_details,underage_workers,underage_workers_details,workers_follow_schedule,workers_follow_schedule_details,workers_aware_of_rights,workers_aware_of_rights_details,pay_taxes,pay_taxes_details,corruption_practices_observed,corruption_practices_observed_details,gps_center_accuracy,gps_center_altitude,farm_size,coffee_trees_farmers_estimate,number_productive_trees,date_of_planting,percent_Arabica_grown,percent_Robusta_grown,crops_grown,crop_grown_other,irrigation_method,gap,male_workers,female_workers,temp_workers,permanent_workers,local_workers,immigrant_workers,2022_production_FAQ,2023_production_FAQ,2022_production_kiboko,2023_production_kiboko,2022_production_green_cherries,2023_production_green_cherries,sell_coffee_to,primary_buyer,primary_buyer_other
F-001,1.0,Kayunga,1,yes,4.0,no,,no,,yes,Agricultural Use,Customary,,no,,yes,,yes,,no,,,yes,,yes,,yes,,no,,yes,,yes,,yes,,no,,2.8,1110.2,0.342465,950.0,900.0,2014-05-12 03:00:00Z,0-25%,75-100%,['Bananas'],,Rainfed,"['Using Fertilizers', 'Weeding', 'Intercropping']",3.0,2.0,3.0,2.0,5.0,0.0,750.0,650.0,1500.0,1500.0,,750.0,It's picked from your farm,Supplier,
F-002,1.0,Kayunga,1,yes,4.0,no,,no,,no,Agricultural Use,Customary,,no,,yes,,yes,,no,,,yes,,yes,,yes,,no,,yes,,yes,,yes,,no,,9.0,1063.8,0.210546,400.0,300.0,2016-05-12 03:00:00Z,0-25%,75-100%,['Bananas'],,Rainfed,"['Intercropping', 'Weeding']",1.0,2.0,1.0,2.0,3.0,0.0,400.0,350.0,800.0,800.0,,400.0,At a hulling station,Supplier,
F-003,1.0,Kayunga,1,yes,2.0,no,,no,,no,Agricultural Use,Title,,no,,yes,,yes,,yes,yes,,yes,,yes,,yes,,no,,yes,,yes,,yes,,no,,1.45,1130.8,0.822438,750.0,700.0,1999-12-03 03:00:00Z,0-25%,75-100%,"['Bananas', 'Beans']",,Rainfed,"['Using Fertilizers', 'Weeding', 'Intercropping']",1.0,0.0,0.0,1.0,0.0,0.0,200.0,150.0,400.0,400.0,,200.0,It's picked from your farm,Supplier,
F-004,1.0,Kayunga,1,yes,3.0,no,,no,,yes,Agricultural Use,Agreement/lease,,no,,yes,,yes,,no,,,yes,,yes,,yes,,no,,yes,,yes,,yes,,no,,1.8,1074.5,0.975449,1050.0,1000.0,2000-08-12 03:00:00Z,0-25%,75-100%,['Bananas'],,Rainfed,"['Intercropping', 'Weeding']",3.0,2.0,4.0,1.0,5.0,0.0,1100.0,1000.0,2200.0,2200.0,,1100.0,It's picked from your farm,Supplier,
F-005,1.0,Kayunga,1,yes,3.0,no,,no,,yes,Agricultural Use,Customary,,no,,yes,,yes,,no,,,yes,,yes,,yes,,no,,yes,,yes,,yes,,no,,2.8,1080.9,1.110423,950.0,900.0,1995-03-12 03:00:00Z,0-25%,75-100%,['Bananas'],,Rainfed,"['Intercropping', 'Weeding']",3.0,3.0,5.0,1.0,6.0,0.0,900.0,800.0,1800.0,1800.0,,900.0,It's picked from your farm,Supplier,
F-006,1.0,Kayunga,1,yes,2.0,no,,no,,yes,Agricultural Use,Customary,,no,,yes,,yes,,no,,,yes,,yes,,yes,,no,,yes,,yes,,yes,,no,,10.3,1075.3,0.737308,850.0,800.0,2006-05-12 03:00:00Z,0-25%,75-100%,"['Bananas', 'Beans']",,Rainfed,['Intercropping'],2.0,2.0,1.0,3.0,4.0,0.0,900.0,800.0,1800.0,1800.0,,900.0,It's picked from your farm,Supplier,
F-007,1.0,Kayunga,2,yes,6.0,no,,no,,yes,Agricultural Use,Agreement/lease,,no,,yes,,yes,,yes,yes,,yes,,yes,,yes,,no,,yes,,yes,,yes,,no,,8.3,1043.9,0.369906,1000.0,1000.0,2004-08-09 03:00:00Z,0-25%,75-100%,['Bananas'],,Rainfed,"['Using Fertilizers', 'Pruning', 'Weeding', 'Intercropping']",4.0,1.0,4.0,1.0,5.0,0.0,1000.0,800.0,2000.0,2000.0,,1000.0,It's picked from your farm,Supplier,
F-008,1.0,Luwero,1,yes,2.0,no,,no,,yes,Agricultural Use,Customary,,no,,yes,,yes,,yes,yes,,yes,,yes,,yes,,no,,yes,,yes,,yes,,no,,1.585,1123.379,0.286,200.0,150.0,2016-03-02 03:00:00Z,0-25%,75-100%,['Bananas'],,Rainfed,['Intercropping'],1.0,2.0,1.0,2.0,1.0,0.0,100.0,50.0,100.0,100.0,,100.0,It's picked from your farm,Supplier,
F-009,1.0,Kayunga,1,no,4.0,no,,no,,no,Agricultural Use,Agreement/lease,,no,,yes,,yes,,no,,,yes,,yes,,Yes,,no,,yes,,yes,,yes,,no,,3.6,1024.0,1.303855,950.0,900.0,2009-03-12 03:00:00Z,0-25%,75-100%,['Bananas'],,Rainfed,['Using Fertilizers'],2.0,0.0,0.0,3.0,0.0,0.0,700.0,500.0,950.0,950.0,,700.0,It's picked from your farm,Cooperative representative,
F-010,1.0,Kayunga,1,yes,8.0,no,,no,,yes,Agricultural Use,Agreement/lease,,no,,yes,,yes,,no,,,yes,,yes,,yes,,no,,yes,,yes,,yes,,no,,1.0652142,1073.595,0.424243,1200.0,1000.0,2000-07-07 03:00:00Z,0-25%,75-100%,['Bananas'],,Rainfed,"['Pruning', 'Weeding', 'Intercropping']",6.0,2.0,2.0,5.0,8.0,0.0,1000.0,900.0,2000.0,2000.0,,1000.0,At a hulling station,Supplier,
F-011,1.0,Kayunga,1,yes,10.0,no,,no,,yes,Agricultural Use,Agreement/lease,,no,,yes,,yes,,no,,,yes,,yes,,Yes,,no,,yes,,yes,,yes,,no,,0.623,1056.029,0.933127,800.0,800.0,1965-10-05 03:00:00Z,0-25%,75-100%,"['Bananas', 'Beans']",,Rainfed,"['Pruning', 'Weeding']",0.0,0.0,0.0,0.0,2.0,0.0,1000.0,950.0,2000.0,2000.0,,1000.0,It's picked from your farm,Hulling Station representative,
F-012,1.0,Kayunga,1,no,10.0,no,,no,,yes,Agricultural Use,Agreement/lease,,no,,yes,,yes,,no,,,yes,,yes,,Yes,,no,,yes,,yes,,yes,,no,,13.867,1075.209,0.160922,1500.0,1500.0,1971-07-12 03:00:00Z,0-25%,75-100%,"['Bananas', 'Beans']",,Rainfed,"['Pruning', 'Weeding']",0.0,0.0,0.0,0.0,3.0,0.0,1500.0,1450.0,3000.0,3000.0,,1500.0,It's picked from your farm,Hulling Station representative,
F-013,1.0,Kayunga,1,yes,7.0,no,,no,,yes,Agricultural Use,Customary,,no,,yes,,yes,,no,,,yes,,yes,,yes,,no,,yes,,yes,,yes,,no,,2.152,1037.1,2.130879,1000.0,800.0,2000-09-13 03:00:00Z,0-25%,75-100%,['Bananas'],,Rainfed,"['Using Fertilizers', 'Intercropping']",4.0,2.0,0.0,6.0,6.0,0.0,359.0,360.0,700.0,700.0,,359.0,It's picked from your farm,Supplier,
F-014,1.0,Kayunga,1,no,9.0,no,,no,,yes,Agricultural Use,Agreement/lease,,no,,yes,,yes,,no,,,yes,,yes,,yes,,no,,yes,,yes,,yes,,no,,11.9,1047.6,0.247588,1350.0,1300.0,2000-06-03 03:00:00Z,0-25%,75-100%,"['Bananas', 'Beans']",,Rainfed,['Weeding'],8.0,2.0,3.0,7.0,10.0,0.0,1000.0,900.0,2000.0,2000.0,,1000.0,At a hulling station,Supplier,
F-015,1.0,Kayunga,1,yes,8.0,no,,no,,no,Agricultural Use,Customary,,no,,yes,,yes,,no,,,yes,,yes,,yes,,no,,yes,,yes,,yes,,no,,2.767,1061.69999999999,1.241591,1050.0,1000.0,2000-09-13 03:00:00Z,0-25%,75-100%,['Bananas'],,Rainfed,"['Intercropping', 'Weeding']",5.0,5.0,6.0,4.0,10.0,0.0,900.0,900.0,2000.0,2000.0,1000.0,1000.0,At a hulling station,Supplier,
F-016,1.0,Kayunga,1,yes,6.0,no,,no,,yes,Agricultural Use,Agreement/lease,,no,,yes,,yes,,no,,,yes,,yes,,yes,,no,,yes,,yes,,yes,,no,,0.7861534,1039.775,0.676514,1300.0,1000.0,2000-06-08 03:00:00Z,0-25%,75-100%,['Bananas'],,Rainfed,"['Pruning', 'Weeding', 'Intercropping']",7.0,2.0,6.0,3.0,9.0,0.0,1000.0,900.0,2000.0,2000.0,,1000.0,It's picked from your farm,Supplier,
F-017,1.0,Kayunga,1,yes,4.0,no,,no,,yes,Agricultural Use,Agreement/lease,,no,,yes,,yes,,no,,,yes,,yes,,yes,,no,,yes,,yes,,yes,,no,,2.4,1092.2,2.404904,1150.0,1100.0,2008-02-12 03:00:00Z,0-25%,75-100%,['Bananas'],,Rainfed,"['Weeding', 'Intercropping']",3.0,3.0,4.0,7.0,10.0,0.0,1100.0,1000.0,2200.0,2200.0,,1100.0,At a hulling station,Supplier,
F-018,1.0,Kayunga,1,yes,5.0,no,,no,,no,Agricultural Use,Customary,,no,,yes,,yes,,no,,,yes,,yes,,yes,,no,,yes,,yes,,yes,,no,,7.9,1059.5,0.525987,1050.0,1000.0,2014-08-12 03:00:00Z,0-25%,75-100%,['Bananas'],,Rainfed,"['Weeding', 'Intercropping']",4.0,3.0,2.0,5.0,7.0,0.0,1100.0,1000.0,2200.0,2200.0,,1100.0,At a hulling station,Supplier,
F-019,1.0,Kayunga,1,yes,5.0,no,,no,,yes,Agricultural Use,Customary,,no,,yes,,yes,,no,,,yes,,yes,,yes,,no,,yes,,yes,,yes,,no,,4.8,1065.1,1.118806,1050.0,1000.0,2000-08-16 03:00:00Z,0-25%,75-100%,"['Bananas', 'Beans']",,Rainfed,"['Intercropping', 'Weeding']",3.0,2.0,3.0,2.0,5.0,0.0,1000.0,850.0,2000.0,2000.0,,1000.0,It's picked from your farm,Supplier,
F-020,1.0,Kayunga,1,yes,6.0,no,,no,,yes,Agricultural Use,Agreement/lease,,no,,yes,,yes,,no,,,yes,,yes,,yes,,no,,yes,,yes,,yes,,no,,1.0873847,1086.221,0.621581,1700.0,1500.0,2009-07-08 03:00:00Z,0-25%,75-100%,['Bananas'],,Rainfed,"['Pruning', 'Weeding', 'Intercropping']",4.0,4.0,4.0,4.0,8.0,0.0,1500.0,1350.0,3000.0,3000.0,,1500.0,At a hulling station,Supplier,
F-021,1.0,Luwero,1,yes,4.0,no,,no,,yes,Agricultural Use,Customary,,no,,yes,,yes,,no,,,yes,,yes,,yes,,no,,yes,,yes,,yes,,no,,5.8,1133.3,0.550166,2850.0,2800.0,2018-09-12 03:00:00Z,0-25%,75-100%,['Bananas'],,Rainfed,['Intercropping'],2.0,2.0,0.0,4.0,0.0,0.0,600.0,600.0,2000.0,2000.0,,600.0,It's picked from your farm,Supplier,
F-022,1.0,Kayunga,1,yes,5.0,no,,no,,no,Agricultural Use,Customary,,no,,yes,,yes,,no,,,yes,,yes,,yes,,no,,yes,,yes,,yes,,no,,0.76525766,1133.107,0.702556,1200.0,1000.0,2009-07-08 03:00:00Z,0-25%,75-100%,['Bananas'],,Rainfed,"['Using Fertilizers', 'Pruning', 'Weeding', 'Intercropping']",4.0,2.0,4.0,2.0,6.0,0.0,1000.0,900.0,2000.0,2000.0,,1000.0,It's picked from your farm,Cooperative representative,
F-023,1.0,Kayunga,1,yes,4.0,no,,no,,no,Agricultural Use,Customary,,no,,yes,,yes,,no,,,yes,,yes,,yes,,no,,yes,,yes,,yes,,no,,2.6,1096.6,0.248949,1050.0,1000.0,2014-02-12 03:00:00Z,0-25%,75-100%,['Bananas'],,Rainfed,"['Weeding', 'Intercropping']",3.0,2.0,4.0,1.0,5.0,0.0,1050.0,950.0,2100.0,2100.0,,1050.0,It's picked from your farm,Supplier,
F-024,1.0,Kayunga,1,yes,10.0,no,,no,,no,Natural forest,Customary,,no,,yes,,yes,,yes,yes,,yes,,yes,,yes,,no,,yes,,yes,,yes,,no,,3.652,1114.4,0.361324,900.0,800.0,2019-07-06 03:00:00Z,0-25%,75-100%,['Bananas'],,Rainfed,['Using Fertilizers'],1.0,1.0,2.0,2.0,0.0,0.0,800.0,400.0,1600.0,1600.0,,800.0,It's picked from your farm,Supplier,
F-025,1.0,Kayunga,1,yes,9.0,no,,no,,no,Natural forest,Customary,,no,,yes,,yes,,yes,yes,,yes,,yes,,yes,,no,,yes,,yes,,yes,,no,,5.092,1106.9,0.221562,900.0,800.0,2000-08-09 03:00:00Z,0-25%,75-100%,['Bananas'],,Rainfed,['Using Fertilizers'],1.0,1.0,2.0,2.0,0.0,0.0,800.0,400.0,1600.0,1600.0,,800.0,It's picked from your farm,Supplier,
F-026,1.0,Kayunga,1,yes,8.0,no,,no,,yes,Agricultural Use,Agreement/lease,,no,,yes,,yes,,no,,,yes,,yes,,yes,,no,,yes,,yes,,yes,,no,,1.575,1056.0,0.119615,1300.0,1000.0,2006-06-08 03:00:00Z,0-25%,75-100%,['Bananas'],,Rainfed,"['Using Fertilizers', 'Pruning', 'Weeding', 'Intercropping']",6.0,4.0,4.0,6.0,10.0,0.0,1000.0,900.0,2000.0,2000.0,,1000.0,It's picked from your farm,Supplier,
F-027,1.0,Kayunga,1,yes,5.0,no,,no,,no,Agricultural Use,Agreement/lease,,no,,yes,,yes,,yes,yes,,yes,,yes,,Yes,,no,,yes,,yes,,yes,,no,,2.8,1060.6,0.938433,1050.0,1000.0,2009-03-12 03:00:00Z,0-25%,75-100%,['Bananas'],,Rainfed,['Using Fertilizers'],3.0,0.0,0.0,3.0,0.0,0.0,800.0,500.0,1300.0,1300.0,,800.0,It's picked from your farm,Cooperative representative,
F-028,,Luwero,2,No,10.0,No,,No,,Yes,100% Agricultural,Lease,,No,,No,,Yes,,No,,,No,No interaction with cultural leaders,Yes,,Yes,,No,No child labor employed,Yes,Irregular schedules due to seasonal work,Yes,,Yes,,No,No corruption observed,,,6.007455,2450.0,367.0,1989-03-04 03:00:00Z,0-25%,75-100%,"Bananas, Cassava",,Irrigated,"Composting, Pest Management",6.0,7.0,3.0,1.0,1.0,0.0,,1923.0,,4031.0,,855.0,Luwero,Local Trader,
F-029,1.0,Kayunga,1,yes,6.0,no,,no,,yes,Agricultural Use,Customary,,no,,yes,,yes,,no,,,yes,,yes,,yes,,no,,yes,,yes,,yes,,no,,0.8914063,1057.526,1.212957,1700.0,1500.0,2000-06-08 03:00:00Z,0-25%,75-100%,"['Bananas', 'Beans']",,Rainfed,"['Using Fertilizers', 'Pruning', 'Weeding', 'Intercropping']",6.0,2.0,6.0,2.0,8.0,0.0,1500.0,1350.0,3000.0,3000.0,,1500.0,It's picked from your farm,Supplier,
F-030,1.0,Kayunga,1,yes,4.0,no,,no,,no,Agricultural Use,Customary,,no,,yes,,yes,,no,,,yes,,yes,,yes,,no,,yes,,yes,,yes,,no,,9.0,1107.6,0.33821,1000.0,950.0,1980-08-12 03:00:00Z,0-25%,75-100%,['Bananas'],,Rainfed,"['Intercropping', 'Weeding']",4.0,3.0,3.0,4.0,7.0,0.0,1100.0,1000.0,2200.0,2200.0,,1100.0,At a hulling station,Supplier,
F-031,1.0,Kayunga,1,no,4.0,no,,no,,yes,Agricultural Use,Agreement/lease,,no,,yes,,yes,,no,,,yes,,yes,,yes,,no,,yes,,yes,,yes,,no,,8.0,1061.69999999999,0.328296,1250.0,1200.0,2012-11-12 03:00:00Z,0-25%,75-100%,"['Bananas', 'Beans']",,Rainfed,['Weeding'],4.0,4.0,4.0,4.0,8.0,0.0,1000.0,900.0,2000.0,2000.0,,1000.0,At a hulling station,Supplier,
F-032,1.0,Kayunga,1,yes,4.0,no,,no,,yes,Agricultural Use,Customary,,no,,yes,,yes,,no,,,yes,,yes,,yes,,no,,yes,,yes,,yes,,no,,3.915,1079.6,0.469003,800.0,750.0,2005-02-12 03:00:00Z,0-25%,75-100%,['Bananas'],,Rainfed,"['Weeding', 'Intercropping']",3.0,3.0,3.0,3.0,6.0,0.0,750.0,600.0,1500.0,1500.0,,750.0,At a hulling station,Supplier,
F-033,1.0,Kayunga,1,yes,6.0,no,,no,,yes,Agricultural Use,Agreement/lease,,no,,yes,,yes,,no,,,yes,,yes,,yes,,no,,yes,,yes,,yes,,no,,1.0444275,1062.005,1.259368,1300.0,1000.0,2000-07-08 03:00:00Z,0-25%,75-100%,['Bananas'],,Rainfed,"['Using Fertilizers', 'Pruning', 'Weeding']",6.0,4.0,4.0,6.0,10.0,0.0,1000.0,900.0,2000.0,2000.0,,1000.0,It's picked from your farm,Supplier,
F-034,,Luwero,2,Yes,3.0,No,,No,,No,100% Agricultural,Other,,No,,Yes,Lack of resources for buffer zones,No,Limited knowledge of waste management,No,,,No,No interaction with cultural leaders,No,,Yes,,No,No child labor employed,Yes,,Yes,,Yes,,No,No corruption observed,,,3.929771,1400.0,2301.0,,0-25%,75-100%,"Matoke, Groundnuts",,Rainfed,"Composting, Pest Management",9.0,3.0,9.0,2.0,7.0,0.0,,1973.0,,624.0,,131.0,Luwero,Local Trader,
F-035,1.0,Kayunga,1,yes,4.0,no,,no,,yes,Agricultural Use,Customary,,no,,yes,,yes,,no,,,yes,,yes,,yes,,no,,yes,,yes,,yes,,no,,2.3,1082.1,0.275401,1050.0,1000.0,2001-05-12 03:00:00Z,0-25%,75-100%,['Bananas'],,Rainfed,['Intercropping'],4.0,3.0,4.0,3.0,7.0,0.0,1000.0,900.0,2000.0,2000.0,,1000.0,At a hulling station,Supplier,
F-036,1.0,Kayunga,1,yes,6.0,no,,no,,yes,Agricultural Use,Agreement/lease,,no,,yes,,yes,,no,,,yes,,yes,,yes,,no,,yes,,yes,,yes,,no,,11.905,1084.19999999999,0.535441,1050.0,1000.0,2000-08-13 03:00:00Z,0-25%,75-100%,"['Bananas', 'Beans']",,Rainfed,"['Intercropping', 'Weeding']",4.0,4.0,4.0,4.0,8.0,0.0,1000.0,850.0,2000.0,2000.0,,1000.0,It's picked from your farm,Supplier,
F-037,1.0,Kayunga,1,yes,8.0,no,,no,,yes,Agricultural Use,Agreement/lease,,no,,yes,,yes,,no,,,yes,,yes,,yes,,no,,yes,,yes,,yes,,no,,1.675,1051.5,0.164924,1400.0,1000.0,1994-04-09 03:00:00Z,0-25%,75-100%,['Bananas'],,Rainfed,"['Using Fertilizers', 'Pruning', 'Weeding', 'Intercropping']",8.0,4.0,6.0,6.0,12.0,0.0,1000.0,900.0,2000.0,2000.0,,1000.0,It's picked from your farm,Supplier,
F-038,1.0,Kayunga,2,yes,3.0,no,,no,,yes,Agricultural Use,Agreement/lease,,no,,yes,,yes,,no,,,yes,,yes,,yes,,no,,yes,,yes,,yes,,no,,10.9,1062.2,1.174393,1000.0,970.0,2003-03-30 03:00:00Z,0-25%,75-100%,['Bananas'],,Rainfed,['Weeding'],2.0,1.0,0.0,3.0,0.0,0.0,300.0,60.0,700.0,700.0,,300.0,It's picked from your farm,Supplier,
F-039,1.0,Kayunga,More than 10,yes,4.0,no,,no,,no,Agricultural Use,Title,,no,,yes,,yes,,yes,yes,,yes,,yes,,yes,,no,,yes,,yes,,yes,,no,,12.277,1053.4,1.425172,900.0,39.0,2001-09-12 03:00:00Z,0-25%,75-100%,"['Bananas', 'Tobacco']",,Both(Rainfed+Irrigated),['Using Fertilizers'],2.0,3.0,10.0,20.0,5.0,4.0,95.0,75.0,900.0,900.0,,95.0,At a hulling station,Supplier,
F-040,1.0,Kayunga,1,yes,7.0,no,,no,,yes,Agricultural Use,Customary,,no,,yes,,yes,,no,,,yes,,yes,,yes,,no,,yes,,yes,,yes,,no,,2.6,1082.6,0.606781,1050.0,1000.0,1990-09-16 03:00:00Z,0-25%,75-100%,"['Bananas', 'Beans']",,Rainfed,"['Intercropping', 'Weeding']",3.0,4.0,3.0,4.0,7.0,0.0,1000.0,850.0,2000.0,2000.0,,1000.0,It's picked from your farm,Supplier,
F-041,1.0,Kayunga,1,yes,4.0,no,,no,,yes,Agricultural Use,Agreement/lease,,no,,yes,,yes,,no,,,yes,,yes,,yes,,no,,yes,,yes,,yes,,no,,4.1,1080.7,0.655621,850.0,800.0,2018-08-12 03:00:00Z,0-25%,75-100%,['Bananas'],,Rainfed,"['Weeding', 'Intercropping']",3.0,2.0,3.0,2.0,5.0,0.0,900.0,800.0,1800.0,1800.0,,900.0,It's picked from your farm,Supplier,
F-042,1.0,Luwero,1,yes,7.0,no,,no,,yes,Agricultural Use,Agreement/lease,,no,,yes,,yes,,no,,,yes,,yes,,yes,,no,,yes,,yes,,yes,,no,,7.0,1122.0,3.461865,1250.0,1200.0,2021-10-12 03:00:00Z,0-25%,75-100%,['Bananas'],,Rainfed,"['Pruning', 'Weeding', 'Intercropping']",0.0,4.0,0.0,4.0,4.0,0.0,1250.0,1200.0,2700.0,2700.0,,1250.0,At a hulling station,Supplier,
F-043,1.0,Kayunga,1,yes,8.0,no,,no,,yes,Agricultural Use,Agreement/lease,,no,,yes,,yes,,no,,,yes,,yes,,Yes,,no,,yes,,yes,,yes,,no,,0.732,1052.569,0.284572,1000.0,1000.0,1987-12-10 03:00:00Z,0-25%,75-100%,"['Bananas', 'Beans']",,Rainfed,"['Pruning', 'Weeding']",0.0,0.0,0.0,0.0,2.0,0.0,1500.0,1450.0,3000.0,3000.0,,1500.0,At a hulling station,Hulling Station representative,
F-044,1.0,Kayunga,1,yes,4.0,no,,no,,no,Agricultural Use,Agreement/lease,,no,,yes,,yes,,no,,,yes,,yes,,yes,,no,,yes,,yes,,yes,,no,,2.5,1087.3,0.543136,1050.0,1000.0,1990-12-08 03:00:00Z,0-25%,75-100%,['Bananas'],,Rainfed,"['Weeding', 'Intercropping']",3.0,3.0,2.0,4.0,6.0,0.0,1000.0,850.0,2000.0,2000.0,,1000.0,It's picked from your farm,Supplier,
F-045,1.0,Mukono,1,yes,7.0,no,,no,,yes,Natural forest,Agreement/lease,,no,,yes,,yes,,no,,,yes,,yes,,yes,,no,,yes,,yes,,yes,,no,,1.85,1040.2,1.968449,900.0,500.0,2017-04-12 03:00:00Z,0-25%,75-100%,['Bananas'],,Rainfed,['Weeding'],1.0,1.0,0.0,2.0,0.0,0.0,1000.0,1100.0,1200.0,1200.0,1500.0,1600.0,It's picked from your farm,Cooperative representative,
F-046,1.0,Kayunga,1,yes,8.0,no,,no,,yes,Agricultural Use,Agreement/lease,,no,,yes,,yes,,no,,,yes,,yes,,yes,,no,,yes,,yes,,yes,,no,,0.7671451,1054.091,1.206617,1700.0,1500.0,2000-04-08 03:00:00Z,0-25%,75-100%,['Bananas'],,Rainfed,"['Pruning', 'Weeding', 'Intercropping']",5.0,4.0,5.0,4.0,9.0,0.0,,1350.0,,3000.0,,1500.0,It's picked from your farm,Supplier,
F-047,1.0,Kayunga,1,yes,6.0,no,,no,,yes,Agricultural Use,Agreement/lease,,no,,yes,,yes,,no,,,yes,,yes,,yes,,no,,yes,,yes,,yes,,no,,0.7175549,1088.333,0.55984,1300.0,1000.0,2000-06-08 03:00:00Z,0-25%,75-100%,['Bananas'],,Rainfed,"['Using Fertilizers', 'Pruning', 'Weeding', 'Intercropping']",6.0,2.0,2.0,6.0,8.0,0.0,1000.0,900.0,2000.0,2000.0,,1000.0,At a hulling station,Supplier,
F-048,1.0,Kayunga,1,yes,4.0,no,,no,,yes,Agricultural Use,Customary,,no,,yes,,yes,,yes,yes,,yes,,yes,,yes,,no,,yes,,yes,,yes,,no,,5.485,1024.1,0.781835,1000.0,800.0,2004-02-09 03:00:00Z,0-25%,75-100%,['Bananas'],,Rainfed,"['Using Fertilizers', 'Pruning', 'Weeding']",2.0,1.0,3.0,0.0,3.0,0.0,800.0,500.0,1600.0,1600.0,,800.0,It's picked from your farm,Supplier,
F-049,,Nakaseke,5,No,6.0,No,,No,,Yes,100% Agricultural,Other,,No,,Yes,,Yes,,No,,,No,,No,,Yes,,No,No child labor employed,No,,Yes,Lack of training on rights,Yes,,No,No corruption observed,,,5.122843,350.0,264.0,1999-01-12 03:00:00Z,0-25%,75-100%,,,Irrigated,"Mulching, Pruning",5.0,1.0,8.0,4.0,0.0,0.0,,376.0,,4272.0,,1188.0,Nakaseke,Local Trader,
F-050,1.0,Kayunga,1,yes,5.0,no,,no,,yes,Agricultural Use,Agreement/lease,,no,,yes,,yes,,no,,,yes,,yes,,yes,,no,,yes,,yes,,yes,,no,,2.5,1075.8,0.809232,1250.0,1200.0,2009-08-12 03:00:00Z,0-25%,75-100%,['Bananas'],,Rainfed,"['Using Fertilizers', 'Intercropping']",5.0,5.0,4.0,6.0,10.0,0.0,1100.0,1100.0,2400.0,2400.0,1200.0,1200.0,At a hulling station,Supplier,
F-051,1.0,Kayunga,1,yes,8.0,no,,no,,yes,Agricultural Use,Agreement/lease,,no,,yes,,yes,,no,,,yes,,yes,,yes,,no,,yes,,yes,,yes,,no,,0.7003971,1065.619,0.884495,1300.0,1000.0,2008-07-08 03:00:00Z,0-25%,75-100%,"['Bananas', 'Cocoa', 'Beans']",,Rainfed,"['Using Fertilizers', 'Pruning', 'Weeding', 'Intercropping']",10.0,1.0,6.0,5.0,11.0,0.0,1000.0,900.0,2000.0,2000.0,,1000.0,It's picked from your farm,Cooperative representative,
F-052,1.0,Kayunga,1,yes,5.0,no,,no,,yes,Agricultural Use,Agreement/lease,,no,,yes,,yes,,yes,yes,,yes,,yes,,yes,,no,,yes,,yes,,yes,,no,,5.1,1068.1,1.637172,1000.0,1000.0,2003-08-09 03:00:00Z,0-25%,75-100%,['Bananas'],,Rainfed,"['Using Fertilizers', 'Pruning', 'Intercropping', 'Weeding']",3.0,1.0,4.0,0.0,4.0,0.0,1000.0,800.0,2000.0,2000.0,,1000.0,It's picked from your farm,Supplier,
F-053,1.0,Kayunga,1,no,5.0,no,,no,,yes,Agricultural Use,Agreement/lease,,no,,yes,,yes,,yes,yes,,yes,,yes,,yes,,no,,yes,,yes,,yes,,no,,10.7,1053.0,1.746327,1000.0,1000.0,2007-08-09 03:00:00Z,0-25%,75-100%,['Bananas'],,Rainfed,"['Using Fertilizers', 'Pruning', 'Weeding']",3.0,1.0,3.0,1.0,4.0,0.0,1000.0,800.0,2000.0,2000.0,,1000.0,It's picked from your farm,Supplier,
F-054,1.0,Kayunga,1,yes,3.0,no,,no,,yes,Agricultural Use,Customary,,no,,yes,,yes,,no,,,yes,,yes,,yes,,no,,yes,,yes,,yes,,no,,2.3,1079.9,0.659165,950.0,900.0,2018-08-12 03:00:00Z,0-25%,75-100%,['Bananas'],,Rainfed,"['Weeding', 'Intercropping']",3.0,3.0,4.0,2.0,6.0,0.0,900.0,750.0,1800.0,1800.0,,900.0,At a hulling station,Supplier,
F-055,1.0,Kayunga,2025-05-10 00:00:00,yes,4.0,no,,no,,no,Agricultural Use,Title,,no,,yes,,yes,,yes,yes,,yes,,yes,,yes,,no,,yes,,yes,,yes,,no,,1.1441956,1158.988,0.453421,90.0,85.0,2003-03-21 03:00:00Z,0-25%,75-100%,['Bananas'],,Both(Rainfed+Irrigated),['Using Fertilizers'],14.0,4.0,10.0,23.0,3.0,2.0,76.0,45.0,80.0,80.0,,76.0,At a hulling station,Supplier,
F-056,1.0,Kayunga,1,yes,8.0,no,,no,,yes,Agricultural Use,Agreement/lease,,no,,yes,,yes,,no,,,yes,,yes,,yes,,no,,yes,,yes,,yes,,no,,10.84,1070.9,0.405267,620.0,500.0,2000-03-21 03:00:00Z,0-25%,75-100%,['Bananas'],,Rainfed,['Weeding'],1.0,1.0,0.0,2.0,0.0,0.0,900.0,1000.0,1000.0,800.0,1200.0,1500.0,It's picked from your farm,other,
F-057,1.0,Kayunga,1,yes,4.0,no,,no,,yes,Agricultural Use,Agreement/lease,,no,,yes,,yes,,no,,,yes,,yes,,yes,,no,,yes,,yes,,yes,,no,,2.5,1061.1,0.628945,1050.0,1000.0,2000-06-14 03:00:00Z,0-25%,75-100%,"['Bananas', 'Beans']",,Rainfed,"['Intercropping', 'Weeding']",3.0,3.0,3.0,3.0,6.0,0.0,1000.0,850.0,2000.0,2000.0,,1000.0,It's picked from your farm,Supplier,
F-058,1.0,Kayunga,1,no,5.0,no,,no,,no,Agricultural Use,Title,,no,,yes,,yes,,no,,,yes,,yes,,yes,,no,,yes,,yes,,yes,,no,,3.216,1101.77746582031,0.269177,750.0,700.0,1990-03-11 03:00:00Z,0-25%,75-100%,"['Bananas', 'Beans']",,Rainfed,"['Using Fertilizers', 'Weeding', 'Pruning']",1.0,1.0,1.0,1.0,0.0,0.0,700.0,670.0,1400.0,1400.0,,700.0,It's picked from your farm,Supplier,
F-059,1.0,Kayunga,1,yes,4.0,no,,no,,yes,Agricultural Use,Agreement/lease,,no,,yes,,yes,,no,,,yes,,yes,,yes,,no,,yes,,yes,,yes,,no,,0.955114,1050.874,0.621334,750.0,500.0,2000-06-08 03:00:00Z,0-25%,75-100%,"['Beans', 'Bananas']",,Rainfed,"['Using Fertilizers', 'Weeding', 'Intercropping']",5.0,2.0,3.0,5.0,7.0,0.0,450.0,450.0,1000.0,1000.0,500.0,500.0,It's picked from your farm,Supplier,
F-060,1.0,Kayunga,1,yes,8.0,no,,no,,no,Agricultural Use,Agreement/lease,,no,,yes,,yes,,no,,,yes,,yes,,yes,,no,,yes,,yes,,yes,,no,,0.8472695,1036.56,0.529596,1200.0,1000.0,2000-06-08 03:00:00Z,0-25%,75-100%,['Bananas'],,Rainfed,"['Pruning', 'Weeding', 'Intercropping']",3.0,3.0,3.0,3.0,6.0,0.0,1000.0,900.0,2000.0,2000.0,,1000.0,It's picked from your farm,Supplier,
F-061,1.0,Kayunga,1,yes,4.0,no,,no,,yes,Agricultural Use,Agreement/lease,,no,,yes,,yes,,no,,,yes,,yes,,yes,,no,,yes,,yes,,yes,,no,,3.3,1044.6,0.320936,1050.0,1000.0,1985-08-13 03:00:00Z,0-25%,75-100%,"['Beans', 'Bananas']",,Rainfed,"['Intercropping', 'Weeding']",3.0,4.0,2.0,5.0,7.0,0.0,1000.0,850.0,2000.0,2000.0,,1000.0,It's picked from your farm,Supplier,
F-062,1.0,Kayunga,1,no,7.0,no,,no,,yes,Agricultural Use,Agreement/lease,,no,,yes,,yes,,no,,,yes,,yes,,yes,,no,,yes,,yes,,yes,,no,,5.9,1050.69999999999,1.232766,1280.0,1230.0,2011-05-11 03:00:00Z,0-25%,75-100%,"['Bananas', 'Beans']",,Rainfed,['Weeding'],4.0,4.0,4.0,4.0,8.0,0.0,1000.0,900.0,2000.0,2000.0,,1000.0,At a hulling station,Supplier,
F-063,1.0,Luwero,1,no,6.0,no,,no,,yes,Agricultural Use,Title,,no,,yes,,yes,,no,,,yes,,yes,,yes,,no,,yes,,yes,,yes,,no,,5.9,1144.0,3.578659,1400.0,1350.0,2016-09-12 03:00:00Z,0-25%,75-100%,['Bananas'],,Rainfed,['Intercropping'],6.0,0.0,0.0,6.0,0.0,0.0,200.0,50.0,800.0,800.0,,200.0,It's picked from your farm,Supplier,
F-064,1.0,Mukono,1,yes,7.0,no,,no,,yes,Agricultural Use,Agreement/lease,,no,,yes,,yes,,no,,,yes,,yes,,yes,,no,,yes,,yes,,yes,,no,,1.0041834,1055.539,0.787022,1300.0,1000.0,2001-02-08 03:00:00Z,0-25%,75-100%,['Bananas'],,Rainfed,"['Using Fertilizers', 'Weeding', 'Intercropping']",8.0,7.0,7.0,8.0,15.0,0.0,900.0,900.0,2000.0,2000.0,1000.0,1000.0,It's picked from your farm,Supplier,
F-065,1.0,Kayunga,1,yes,6.0,no,,no,,yes,Agricultural Use,Agreement/lease,,no,,yes,,yes,,no,,,yes,,yes,,yes,,no,,yes,,yes,,yes,,no,,5.8,1082.9,0.597684,500.0,400.0,2019-02-12 03:00:00Z,0-25%,75-100%,['Bananas'],,Rainfed,"['Weeding', 'Intercropping']",2.0,1.0,1.0,2.0,3.0,0.0,450.0,400.0,900.0,900.0,,450.0,It's picked from your farm,Supplier,
F-066,1.0,Kayunga,1,no,19.0,no,,no,,no,Agricultural Use,Agreement/lease,,no,,yes,,yes,,no,,,yes,,yes,,Yes,,no,,yes,,yes,,yes,,no,,10.057,1113.7,2.109606,950.0,900.0,2013-05-12 03:00:00Z,0-25%,75-100%,['Bananas'],,Rainfed,['Using Fertilizers'],3.0,0.0,0.0,3.0,0.0,0.0,600.0,450.0,800.0,800.0,,600.0,It's picked from your farm,Cooperative representative,
F-067,1.0,Kayunga,1,yes,7.0,no,,no,,no,Agricultural Use,Agreement/lease,,no,,yes,,yes,,no,,,yes,,yes,,yes,,no,,yes,,yes,,yes,,no,,0.9368342,1069.075,0.973259,1300.0,1000.0,1975-05-08 03:00:00Z,0-25%,75-100%,"['Bananas', 'Beans']",,Rainfed,"['Using Fertilizers', 'Pruning', 'Weeding', 'Intercropping']",3.0,2.0,2.0,3.0,5.0,0.0,1000.0,900.0,2000.0,2000.0,,1000.0,It's picked from your farm,Hulling Station representative,
F-068,1.0,Kayunga,1,yes,8.0,no,,no,,yes,Agricultural Use,Agreement/lease,,no,,yes,,yes,,no,,,yes,,yes,,yes,,no,,yes,,yes,,yes,,no,,0.8143051,1059.463,0.222317,1700.0,1500.0,1980-06-08 03:00:00Z,0-25%,75-100%,['Bananas'],,Rainfed,"['Using Fertilizers', 'Pruning', 'Weeding', 'Intercropping']",6.0,4.0,4.0,6.0,10.0,0.0,1500.0,1350.0,3000.0,3000.0,,1500.0,At a hulling station,Cooperative representative,
F-069,1.0,Kayunga,1,yes,8.0,no,,no,,yes,Agricultural Use,Agreement/lease,,no,,yes,,yes,,no,,,yes,,yes,,yes,,no,,yes,,yes,,yes,,no,,2.8712149,1074.599,1.213667,1700.0,1500.0,2000-07-09 03:00:00Z,0-25%,75-100%,['Bananas'],,Rainfed,"['Using Fertilizers', 'Pruning', 'Weeding', 'Intercropping']",8.0,5.0,5.0,8.0,13.0,0.0,1500.0,1350.0,3000.0,3000.0,,1500.0,It's picked from your farm,Supplier,
F-070,1.0,Luwero,1,yes,4.0,no,,no,,no,Agricultural Use,Agreement/lease,,no,,yes,,yes,,yes,yes,,yes,,yes,,yes,,no,,yes,,yes,,yes,,no,,1.488,1089.47,2.483852,460.0,110.0,2000-03-19 03:00:00Z,0-25%,75-100%,['Bananas'],,Rainfed,"['Weeding', 'Pruning']",2.0,0.0,2.0,0.0,0.0,0.0,540.0,165.0,330.0,330.0,,540.0,It's picked from your farm,Supplier,
F-071,1.0,Kayunga,1,yes,9.0,no,,no,,yes,Agricultural Use,Agreement/lease,,no,,yes,,yes,,no,,,yes,,yes,,yes,,no,,yes,,yes,,yes,,no,,1.2953079,1082.665,0.463059,1700.0,1500.0,2000-07-08 03:00:00Z,0-25%,75-100%,['Bananas'],,Rainfed,"['Using Fertilizers', 'Pruning', 'Weeding', 'Intercropping']",9.0,2.0,2.0,9.0,11.0,0.0,1500.0,1350.0,3000.0,3000.0,,1500.0,It's picked from your farm,Supplier,
F-072,1.0,Kayunga,1,no,5.0,no,,no,,no,Natural forest,Customary,,no,,yes,,yes,,yes,yes,,yes,,yes,,yes,,no,,yes,,yes,,yes,,no,,2.2,1113.1,0.29592,800.0,600.0,2007-09-08 03:00:00Z,0-25%,75-100%,['Bananas'],,Rainfed,['Using Fertilizers'],1.0,1.0,1.0,1.0,0.0,0.0,600.0,300.0,1200.0,1200.0,,600.0,It's picked from your farm,Supplier,
F-073,1.0,Kayunga,1,yes,4.0,no,,no,,yes,Agricultural Use,Agreement/lease,,no,,yes,,yes,,no,,,yes,,yes,,yes,,no,,yes,,yes,,yes,,no,,1.6,1075.8,0.196872,1300.0,1000.0,1980-06-08 03:00:00Z,0-25%,75-100%,['Bananas'],,Rainfed,"['Using Fertilizers', 'Pruning', 'Weeding', 'Intercropping']",10.0,1.0,6.0,5.0,11.0,0.0,1000.0,900.0,2000.0,2000.0,,1000.0,It's picked from your farm,Supplier,
F-074,1.0,Kayunga,1,yes,8.0,no,,no,,yes,Agricultural Use,Agreement/lease,,no,,yes,,yes,,no,,,yes,,yes,,yes,,no,,yes,,yes,,yes,,no,,1.8132802,1069.524,2.336874,1300.0,1000.0,2000-06-08 03:00:00Z,0-25%,75-100%,['Bananas'],,Rainfed,"['Using Fertilizers', 'Pruning', 'Weeding', 'Intercropping']",5.0,4.0,4.0,5.0,9.0,0.0,1000.0,900.0,2000.0,2000.0,,1000.0,It's picked from your farm,Supplier,
F-075,1.0,Kayunga,1,yes,4.0,no,,no,,no,Agricultural Use,Customary,,no,,yes,,yes,,no,,,yes,,yes,,yes,,no,,yes,,yes,,yes,,no,,1.893825,1063.579,0.324344,1300.0,1000.0,1980-06-08 03:00:00Z,0-25%,75-100%,['Bananas'],,Rainfed,"['Pruning', 'Weeding', 'Intercropping']",4.0,3.0,3.0,4.0,7.0,0.0,1000.0,900.0,2000.0,2000.0,,1000.0,It's picked from your farm,Cooperative representative,
F-076,1.0,Kayunga,1,yes,3.0,no,,no,,no,Agricultural Use,Customary,,no,,yes,,yes,,no,,,yes,,yes,,yes,,no,,yes,,yes,,yes,,no,,3.8,1170.7,0.400201,1050.0,1000.0,2000-08-12 03:00:00Z,0-25%,75-100%,['Bananas'],,Rainfed,"['Intercropping', 'Weeding']",3.0,3.0,4.0,2.0,6.0,0.0,1200.0,1050.0,2400.0,2400.0,,1200.0,It's picked from your farm,Supplier,
F-077,1.0,Kayunga,1,no,4.0,no,,no,,no,Agricultural Use,Agreement/lease,,no,,yes,,yes,,no,,,yes,,yes,,Yes,,no,,yes,,yes,,yes,,no,,7.992,957.7,0.597024,850.0,800.0,2013-06-12 03:00:00Z,0-25%,75-100%,['Bananas'],,Rainfed,['Using Fertilizers'],2.0,0.0,0.0,2.0,0.0,0.0,500.0,300.0,700.0,700.0,,500.0,It's picked from your farm,Cooperative representative,
F-078,,Luwero,1,Yes,5.0,No,,No,,Yes,100% Agricultural,Other,,No,,Yes,,Yes,,No,,,Yes,,Yes,Issues with equal pay reported,Yes,,No,No child labor employed,Yes,,No,Lack of training on rights,Yes,Unaware of tax obligations,No,No corruption observed,,,3.507372,1000.0,1161.0,1992-04-17 03:00:00Z,0-25%,75-100%,,,Rainfed,"Mulching, Pruning",1.0,5.0,5.0,3.0,3.0,0.0,,1958.0,,828.0,,1216.0,Luwero,Local Trader,
F-079,1.0,Luwero,1,yes,6.0,no,,no,,yes,Agricultural Use,Agreement/lease,,no,,yes,,yes,,no,,,yes,,yes,,yes,,no,,yes,,yes,,yes,,no,,11.0,1081.0,2.671739,2570.0,2520.0,2010-08-12 03:00:00Z,0-25%,75-100%,['Bananas'],,Rainfed,['Weeding'],6.0,3.0,3.0,8.0,8.0,0.0,2200.0,2100.0,5400.0,5400.0,,2200.0,It's picked from your farm,Supplier,
F-080,1.0,Kayunga,1,yes,8.0,no,,no,,yes,Agricultural Use,Agreement/lease,,no,,yes,,yes,,no,,,yes,,yes,,yes,,no,,yes,,yes,,yes,,no,,2.5,1070.7,0.48317,1050.0,1000.0,2008-08-12 03:00:00Z,0-25%,75-100%,['Bananas'],,Rainfed,['Intercropping'],5.0,5.0,5.0,5.0,10.0,0.0,850.0,850.0,2000.0,2000.0,1000.0,1000.0,At a hulling station,Supplier,
F-081,1.0,Kayunga,1,yes,5.0,no,,no,,yes,Agricultural Use,Agreement/lease,,no,,yes,,yes,,no,,,yes,,yes,,yes,,no,,yes,,yes,,yes,,no,,2.9,1046.2,1.071906,1400.0,1300.0,2001-08-12 03:00:00Z,0-25%,75-100%,['Bananas'],,Rainfed,"['Intercropping', 'Weeding', 'Pruning', 'Using Fertilizers']",5.0,5.0,5.0,5.0,10.0,0.0,1300.0,1200.0,2600.0,2600.0,,1300.0,It's picked from your farm,Supplier,
F-082,,Nakaseke,2,Yes,10.0,No,,No,,No,100% Agricultural,Deed of Property,,No,,Yes,,Yes,,No,,,No,,Yes,,Yes,,No,No child labor employed,Yes,,Yes,,Yes,,No,No corruption observed,,,4.094099,60.0,1321.0,2016-02-04 03:00:00Z,0-25%,75-100%,,,Irrigated,"Mulching, Pruning",3.0,1.0,7.0,5.0,2.0,0.0,,1379.0,,1459.0,,1663.0,Nakaseke,Local Trader,
F-083,1.0,Kayunga,1,no,4.0,no,,no,,no,Agricultural Use,Agreement/lease,,no,,yes,,yes,,yes,yes,,yes,,yes,,yes,,no,,yes,,yes,,yes,,no,,2.6,1106.4,0.302835,750.0,700.0,2008-03-12 03:00:00Z,0-25%,75-100%,['Bananas'],,Rainfed,['Using Fertilizers'],2.0,1.0,0.0,2.0,0.0,0.0,650.0,400.0,800.0,800.0,,650.0,It's picked from your farm,Cooperative representative,
F-084,1.0,Kayunga,1,yes,11.0,no,,no,,yes,Agricultural Use,Title,,no,,yes,,yes,,yes,yes,,yes,,yes,,yes,,no,,yes,,yes,,yes,,no,,2.977,1087.8,0.571358,1350.0,1300.0,1993-09-12 03:00:00Z,0-25%,75-100%,"['Bananas', 'other']",Cassava,Rainfed,['Intercropping'],4.0,0.0,4.0,0.0,4.0,0.0,1950.0,975.0,3900.0,3900.0,,1950.0,It's picked from your farm,Supplier,
F-085,1.0,Luwero,1,no,5.0,no,,no,,yes,Agricultural Use,Title,,no,,yes,,yes,,no,,,yes,,yes,,yes,,no,,yes,,yes,,yes,,no,,1.384,1088.892,3.441505,3340.0,3290.0,2004-03-02 03:00:00Z,0-25%,75-100%,['Bananas'],,Rainfed,"['Pruning', 'Weeding']",4.0,0.0,4.0,0.0,0.0,0.0,1200.0,350.0,6580.0,6580.0,,1200.0,At a hulling station,Supplier,
F-086,,Luwero,3,Yes,9.0,No,,No,,Yes,100% Agricultural,Customary,,No,,Yes,,Yes,,No,,,No,,Yes,,Yes,,No,No child labor employed,Yes,,Yes,,Yes,Unaware of tax obligations,No,No corruption observed,,,3.129051,1200.0,510.0,2001-05-23 03:00:00Z,0-25%,75-100%,"Bananas, Cassava",,Rainfed,"Intercropping, Soil Testing",1.0,5.0,8.0,0.0,6.0,0.0,,1850.0,,4754.0,,1821.0,Luwero,Local Trader,
F-087,1.0,Luwero,1,yes,5.0,no,,no,,yes,Agricultural Use,Agreement/lease,,no,,yes,,yes,,yes,yes,,yes,,yes,,yes,,no,,yes,,yes,,yes,,no,,4.51,1079.8,1.256252,1050.0,1000.0,1989-05-08 03:00:00Z,0-25%,75-100%,['Bananas'],,Rainfed,['Using Fertilizers'],2.0,3.0,0.0,5.0,5.0,0.0,200.0,250.0,200.0,200.0,,200.0,It's picked from your farm,Supplier,
F-088,1.0,Kayunga,1,yes,5.0,no,,no,,yes,Agricultural Use,Customary,,no,,yes,,yes,,no,,,yes,,yes,,yes,,no,,yes,,yes,,yes,,no,,4.8,1137.5,0.312258,1250.0,1200.0,2009-08-12 03:00:00Z,0-25%,75-100%,['Bananas'],,Rainfed,"['Intercropping', 'Weeding']",6.0,5.0,6.0,5.0,11.0,0.0,1000.0,1000.0,2400.0,2400.0,1200.0,1200.0,At a hulling station,Supplier,
F-089,1.0,Kayunga,1,no,8.0,no,,no,,no,Natural forest,Customary,,no,,yes,,yes,,yes,yes,,yes,,yes,,yes,,no,,yes,,yes,,yes,,no,,1.747,1113.6,0.335634,900.0,800.0,1996-06-06 03:00:00Z,0-25%,75-100%,['Bananas'],,Rainfed,['Using Fertilizers'],1.0,1.0,1.0,2.0,0.0,0.0,800.0,400.0,1600.0,1600.0,,800.0,It's picked from your farm,Supplier,
F-090,1.0,Kayunga,1,yes,8.0,no,,no,,no,Agricultural Use,Agreement/lease,,no,,yes,,yes,,yes,yes,,yes,,yes,,yes,,no,,yes,,yes,,yes,,no,,12.1,1103.1,0.661676,400.0,1000.0,1997-07-10 03:00:00Z,0-25%,75-100%,['Beans'],,Rainfed,['Pruning'],1.0,1.0,1.0,0.0,1.0,0.0,,1400.0,,3000.0,,1500.0,It's picked from your farm,Supplier,
F-091,1.0,Kayunga,1,yes,1.0,no,,no,,yes,Agricultural Use,Customary,,no,,yes,,yes,,yes,yes,,yes,,yes,,yes,,no,,yes,,yes,,yes,,no,,3.8,1067.6,1.452043,1100.0,1000.0,1997-05-12 03:00:00Z,0-25%,75-100%,['Bananas'],,Rainfed,['Intercropping'],2.0,0.0,2.0,0.0,2.0,0.0,1500.0,750.0,3000.0,3000.0,,1500.0,It's picked from your farm,Supplier,
F-092,1.0,Kayunga,1,yes,8.0,no,,no,,yes,Agricultural Use,Agreement/lease,,no,,yes,,yes,,no,,,yes,,yes,,yes,,no,,yes,,yes,,yes,,no,,1.034075,1083.406,0.423387,1300.0,1000.0,2000-07-08 03:00:00Z,0-25%,75-100%,['Bananas'],,Rainfed,"['Pruning', 'Weeding', 'Intercropping']",6.0,2.0,2.0,6.0,8.0,0.0,1000.0,900.0,2000.0,2000.0,,1000.0,It's picked from your farm,Supplier,
F-093,1.0,Luwero,More than 10,yes,5.0,no,,no,,yes,Agricultural Use,Agreement/lease,,no,,yes,,yes,,no,,,yes,,yes,,yes,,no,,yes,,yes,,yes,,no,,5.0,1093.0,3.311191,450.0,100.0,1998-10-01 03:00:00Z,0-25%,75-100%,['Bananas'],,Rainfed,"['Intercropping', 'Weeding']",1.0,1.0,1.0,1.0,1.0,1.0,350.0,315.0,7000.0,7000.0,,350.0,It's picked from your farm,Supplier,
F-094,,Luwero,5,Yes,6.0,No,,No,,Yes,100% Agricultural,Deed of Property,,No,,Yes,Lack of resources for buffer zones,Yes,,No,,,Yes,,Yes,Issues with equal pay reported,Yes,,No,No child labor employed,Yes,,Yes,,Yes,,No,No corruption observed,,,3.152506,1500.0,454.0,,0-25%,75-100%,"Maize, Beans",,Rainfed,"Mulching, Pruning",5.0,1.0,5.0,3.0,5.0,0.0,,1262.0,,1315.0,,1187.0,Luwero,Local Trader,
F-095,1.0,Luwero,3,yes,2.0,no,,no,,yes,Agricultural Use,Agreement/lease,,no,,yes,,yes,,no,,,yes,,yes,,yes,,no,,yes,,yes,,yes,,no,,5.26,1086.182,2.806193,950.0,900.0,2006-02-16 03:00:00Z,0-25%,75-100%,['Bananas'],,Rainfed,['Using Fertilizers'],2.0,0.0,1.0,1.0,2.0,0.0,552.0,4250.0,650.0,650.0,,552.0,It's picked from your farm,Supplier,
F-096,1.0,Kayunga,1,yes,2.0,no,,no,,yes,Agricultural Use,Customary,,no,,yes,,yes,,no,,,yes,,yes,,yes,,no,,yes,,yes,,yes,,no,,1.866,1034.7,1.995116,1500.0,1200.0,1980-05-25 03:00:00Z,0-25%,75-100%,"['Bananas', 'Beans']",,Rainfed,"['Weeding', 'Pruning', 'Intercropping']",1.0,2.0,1.0,3.0,3.0,0.0,1200.0,1100.0,2400.0,2400.0,,1200.0,At a hulling station,Hulling Station representative,
F-097,1.0,Kayunga,1,yes,5.0,no,,no,,no,Natural forest,Customary,,no,,yes,,yes,,yes,yes,,yes,,yes,,yes,,no,,yes,,yes,,yes,,no,,10.935,1101.8,0.383072,800.0,600.0,2011-08-08 03:00:00Z,0-25%,75-100%,['Bananas'],,Rainfed,['Using Fertilizers'],0.0,1.0,1.0,1.0,0.0,0.0,600.0,200.0,1200.0,1200.0,,600.0,It's picked from your farm,Supplier,
F-098,1.0,Kayunga,1,yes,1.0,no,,no,,yes,Agricultural Use,Title,,no,,yes,,yes,,yes,yes,,yes,,yes,,yes,,no,,yes,,yes,,yes,,no,,15.445,1111.5,0.212997,450.0,800.0,2011-06-01 03:00:00Z,0-25%,75-100%,"['Bananas', 'Tobacco']",,Rainfed,"['Using Fertilizers', 'Weeding', 'Intercropping']",1.0,0.0,0.0,1.0,0.0,0.0,,400.0,,1600.0,,800.0,It's picked from your farm,Supplier,
F-099,1.0,Kayunga,1,yes,5.0,no,,no,,yes,Agricultural Use,Agreement/lease,,no,,yes,,yes,,yes,yes,,yes,,yes,,Yes,,no,,yes,,yes,,yes,,no,,3.1,1101.5,0.980773,800.0,700.0,2009-02-12 03:00:00Z,0-25%,75-100%,['Bananas'],,Rainfed,['Using Fertilizers'],2.0,1.0,2.0,3.0,1.0,0.0,1000.0,800.0,1500.0,1500.0,,1000.0,It's picked from your farm,Cooperative representative,
F-100,1.0,Kayunga,1,yes,8.0,no,,no,,yes,Agricultural Use,Agreement/lease,,no,,yes,,yes,,no,,,yes,,yes,,yes,,no,,yes,,yes,,yes,,no,,2.5,1059.2,1.324293,1500.0,1300.0,2019-03-05 03:00:00Z,0-25%,75-100%,['Bananas'],,Rainfed,['Intercropping'],5.0,5.0,6.0,5.0,10.0,0.0,1200.0,1200.0,2600.0,2600.0,1300.0,1300.0,At a hulling station,Supplier,
F-101,1.0,Kayunga,1,yes,6.0,no,,no,,yes,Agricultural Use,Agreement/lease,,no,,yes,,yes,,no,,,yes,,yes,,yes,,no,,yes,,yes,,yes,,no,,0.8445397,1053.661,0.785356,1200.0,1000.0,2000-06-09 03:00:00Z,0-25%,75-100%,['Bananas'],,Rainfed,"['Using Fertilizers', 'Pruning', 'Weeding', 'Intercropping']",7.0,3.0,3.0,7.0,10.0,0.0,1000.0,900.0,2000.0,2000.0,,1000.0,It's picked from your farm,Supplier,
F-102,1.0,Kayunga,1,yes,2.0,no,,no,,yes,Agricultural Use,Agreement/lease,,no,,yes,,yes,,no,,,yes,,yes,,yes,,no,,yes,,yes,,yes,,no,,3.4,1108.1,0.333663,1250.0,1200.0,2009-08-12 03:00:00Z,0-25%,75-100%,['Bananas'],,Rainfed,"['Weeding', 'Intercropping']",3.0,2.0,1.0,4.0,5.0,0.0,1300.0,1180.0,2600.0,2600.0,,1300.0,At a hulling station,Supplier,
F-103,1.0,Kayunga,2,yes,8.0,no,,no,,yes,Agricultural Use,Title,,no,,yes,,yes,,yes,yes,,yes,,yes,,yes,,no,,yes,,yes,,yes,,no,,10.75,1049.6,1.153685,1350.0,1300.0,1994-08-25 03:00:00Z,0-25%,75-100%,"['Bananas', 'other']",Cassava,Rainfed,['Intercropping'],6.0,0.0,6.0,0.0,6.0,0.0,1950.0,975.0,3900.0,3900.0,,1950.0,It's picked from your farm,Supplier,
F-104,1.0,Kayunga,1,yes,4.0,no,,no,,yes,Agricultural Use,Agreement/lease,,no,,yes,,yes,,no,,,yes,,yes,,yes,,no,,yes,,yes,,yes,,no,,7.9,982.0,1.00515,1250.0,1200.0,2008-08-12 03:00:00Z,0-25%,75-100%,['Beans'],,Rainfed,"['Intercropping', 'Weeding']",6.0,5.0,5.0,6.0,11.0,0.0,1200.0,110.0,2400.0,2400.0,,1200.0,At a hulling station,Supplier,
F-105,1.0,Luwero,3,Yes,3.0,No,KIMIKA,No,,Yes,100% Agricultural,Lease,,No,,No,,Yes,,No,,,Yes,,Yes,,Yes,,No,No child labor employed,Yes,,No,,No,Unaware of tax obligations,No,No corruption observed,,,5.932948,900.0,712.0,2000-04-06 03:00:00Z,0-25%,75-100%,"Maize, Beans",,Rainfed,"Mulching, Pruning",1.0,3.0,5.0,5.0,2.0,0.0,,1186.0,,1903.0,,301.0,Luwero,Local Trader,
F-106,1.0,Kayunga,1,yes,4.0,no,,no,,no,Agricultural Use,Agreement/lease,,no,,yes,,yes,,no,,,yes,,yes,,yes,,no,,yes,,yes,,yes,,no,,2.8,1078.8,1.076504,1150.0,1100.0,1999-05-12 03:00:00Z,0-25%,75-100%,['Bananas'],,Rainfed,"['Weeding', 'Intercropping']",2.0,2.0,1.0,3.0,4.0,0.0,1200.0,1000.0,2400.0,2400.0,,1200.0,It's picked from your farm,Supplier,
F-107,1.0,Kayunga,2025-05-10 00:00:00,yes,8.0,no,,no,,no,Agricultural Use,Title,,no,,yes,,yes,,yes,yes,,yes,,yes,,yes,,no,,yes,,yes,,yes,,no,,3.216,1072.93994140625,3.402597,200.0,70.0,2008-08-10 03:00:00Z,0-25%,75-100%,['Beans'],,Irrigated,['Using Fertilizers'],15.0,10.0,10.0,40.0,3.0,2.0,150.0,100.0,100.0,100.0,,150.0,It's picked from your farm,Supplier,
F-108,1.0,Kayunga,1,yes,6.0,no,,no,,yes,Agricultural Use,Agreement/lease,,no,,yes,,yes,,no,,,yes,,yes,,Yes,,no,,yes,,yes,,yes,,no,,14.717,1049.01,0.267753,1500.0,1500.0,1987-02-12 03:00:00Z,0-25%,75-100%,"['Bananas', 'Beans']",,Rainfed,"['Pruning', 'Weeding']",0.0,0.0,0.0,0.0,2.0,0.0,1500.0,1450.0,3000.0,3000.0,,1500.0,It's picked from your farm,Hulling Station representative,
F-109,,Nakaseke,1,Yes,10.0,No,,No,,Yes,100% Agricultural,Customary,,No,,Yes,,Yes,,No,,,No,,Yes,,Yes,,No,No child labor employed,Yes,,Yes,,No,,No,No corruption observed,,,3.848576,480.0,2389.0,1979-10-20 03:00:00Z,0-25%,75-100%,"Bananas, Cassava",,Rainfed,"Mulching, Pruning",2.0,0.0,0.0,5.0,6.0,0.0,,1922.0,,4776.0,,1501.0,Nakaseke,Local Trader,
F-110,1.0,Kayunga,3,yes,6.0,no,,no,,yes,Agricultural Use,Agreement/lease,,no,,yes,,yes,,yes,yes,,yes,,yes,,yes,,no,,yes,,yes,,yes,,no,,5.6,1051.8,2.034246,10000.0,9000.0,2007-08-09 03:00:00Z,0-25%,75-100%,['Bananas'],,Rainfed,"['Using Fertilizers', 'Pruning', 'Weeding', 'Intercropping']",8.0,2.0,10.0,1.0,10.0,0.0,9000.0,8000.0,9000.0,9000.0,,9000.0,It's picked from your farm,Supplier,
F-111,1.0,Kayunga,2025-05-10 00:00:00,yes,6.0,no,,no,,no,Agricultural Use,Title,,no,,yes,,yes,,yes,yes,,yes,,yes,,yes,,no,,yes,,yes,,yes,,no,,3.216,1064.57995605468,0.895404,1000.0,100.0,2009-05-10 03:00:00Z,0-25%,75-100%,['Beans'],,Irrigated,['Using Fertilizers'],15.0,10.0,10.0,40.0,3.0,2.0,150.0,100.0,100.0,100.0,,150.0,It's picked from your farm,Supplier,
F-112,1.0,Kayunga,1,yes,6.0,no,,no,,no,Agricultural Use,Agreement/lease,,no,,yes,,yes,,yes,yes,,yes,,yes,,yes,,no,,yes,,yes,,yes,,no,,8.6,1049.4,0.862892,850.0,800.0,1986-07-30 03:00:00Z,0-25%,75-100%,"['Bananas', 'Beans']",,Rainfed,"['Pruning', 'Weeding']",1.0,2.0,4.0,0.0,1.0,0.0,1200.0,1100.0,2400.0,2400.0,,1200.0,It's picked from your farm,Supplier,
F-113,,Nakaseke,1,Yes,10.0,No,,No,,Yes,100% Agricultural,Deed of Property,,No,,Yes,,No,,No,,,Yes,No interaction with cultural leaders,Yes,,Yes,,No,No child labor employed,Yes,,Yes,,Yes,,No,No corruption observed,,,3.974781,1885.0,1427.0,1994-07-16 03:00:00Z,0-25%,75-100%,"Maize, Beans",,Irrigated,"Mulching, Pruning",10.0,8.0,10.0,1.0,5.0,0.0,,360.0,,4930.0,,2242.0,Nakaseke,Local Trader,
F-114,1.0,Luwero,1,yes,3.0,no,,no,,yes,Agricultural Use,Customary,,no,,yes,,yes,,yes,yes,,yes,,yes,,yes,,no,,yes,,yes,,yes,,no,,1.518302,987.253,0.452873,150.0,150.0,2013-06-02 03:00:00Z,0-25%,75-100%,['Bananas'],,Rainfed,['Intercropping'],1.0,2.0,1.0,2.0,1.0,0.0,100.0,50.0,100.0,100.0,,100.0,It's picked from your farm,Supplier,
F-115,1.0,Kayunga,1,yes,6.0,no,,no,,yes,Agricultural Use,Agreement/lease,,no,,yes,,yes,,no,,,yes,,yes,,yes,,no,,yes,,yes,,yes,,no,,0.79891646,1058.847,0.280057,1700.0,1500.0,2007-07-03 03:00:00Z,0-25%,75-100%,['Bananas'],,Rainfed,"['Pruning', 'Weeding', 'Intercropping']",10.0,2.0,6.0,6.0,12.0,0.0,,1350.0,,3000.0,,1500.0,At a hulling station,Supplier,
F-116,1.0,Kayunga,1,yes,4.0,no,,no,,yes,Agricultural Use,Agreement/lease,,no,,yes,,yes,,no,,,yes,,yes,,yes,,no,,yes,,yes,,yes,,no,,13.418,1058.8,1.94846,1050.0,1000.0,2003-08-14 03:00:00Z,0-25%,75-100%,"['Bananas', 'Beans']",,Rainfed,"['Intercropping', 'Weeding']",2.0,5.0,3.0,4.0,7.0,0.0,1000.0,850.0,2000.0,2000.0,,1000.0,It's picked from your farm,Supplier,
F-117,1.0,Kayunga,2025-05-10 00:00:00,yes,7.0,no,,no,,no,Agricultural Use,Title,,no,,yes,,yes,,yes,yes,,yes,,yes,,yes,,no,,yes,,yes,,yes,,no,,1.093124,1077.321,0.409507,76.0,24.0,2005-09-21 03:00:00Z,0-25%,75-100%,['Bananas'],,Both(Rainfed+Irrigated),['Using Fertilizers'],6.0,11.0,10.0,39.0,3.0,2.0,46.0,80.0,90.0,90.0,,46.0,At a hulling station,Supplier,
F-118,1.0,Kayunga,1,yes,3.0,no,,no,,yes,Agricultural Use,Title,,no,,yes,,yes,,no,,,yes,,yes,,yes,,no,,yes,,yes,,yes,,no,,2.0,1104.6,0.576097,590.0,540.0,1960-04-03 03:00:00Z,0-25%,75-100%,"['Bananas', 'Beans']",,Rainfed,['Using Fertilizers'],1.0,2.0,2.0,1.0,1.0,0.0,780.0,780.0,1800.0,1800.0,900.0,900.0,It's picked from your farm,Cooperative representative,
F-119,1.0,Kayunga,1,yes,6.0,no,,no,,yes,Agricultural Use,Agreement/lease,,no,,yes,,yes,,no,,,yes,,yes,,yes,,no,,yes,,yes,,yes,,no,,2.7,1046.5,1.515497,1050.0,1000.0,2010-09-11 03:00:00Z,0-25%,75-100%,"['Bananas', 'Beans']",,Rainfed,"['Intercropping', 'Weeding']",3.0,2.0,3.0,2.0,5.0,0.0,1000.0,850.0,2000.0,2000.0,,1000.0,At a cooperative,Supplier,
F-120,1.0,Kayunga,1,yes,4.0,no,,no,,yes,Agricultural Use,Customary,,no,,yes,,yes,,no,,,yes,,yes,,yes,,no,,yes,,yes,,yes,,no,,16.068,1074.6,1.787356,1050.0,1000.0,2021-09-12 03:00:00Z,0-25%,75-100%,['Bananas'],,Rainfed,"['Weeding', 'Intercropping']",4.0,3.0,3.0,4.0,7.0,0.0,1200.0,1050.0,2400.0,2400.0,,1200.0,At a hulling station,Supplier,
F-121,1.0,Kayunga,1,yes,10.0,no,,no,,yes,Agricultural Use,Customary,,no,,yes,,yes,,no,,,yes,,yes,,yes,,no,,yes,,yes,,yes,,no,,2.0,1047.5,2.866642,1500.0,1300.0,1988-10-20 03:00:00Z,0-25%,75-100%,"['Bananas', 'Beans']",,Rainfed,"['Using Fertilizers', 'Intercropping', 'Weeding', 'Pruning']",4.0,3.0,0.0,7.0,7.0,0.0,800.0,700.0,1500.0,1500.0,,800.0,At a hulling station,Hulling Station representative,
F-122,,Luwero,4,Yes,4.0,No,,No,,Yes,100% Agricultural,Deed of Property,,No,,Yes,,Yes,,No,,,Yes,,Yes,,Yes,,No,No child labor employed,Yes,,No,,No,Unaware of tax obligations,No,No corruption observed,,,3.410419,900.0,2718.0,2017-04-01 03:00:00Z,0-25%,75-100%,,,Irrigated,"Mulching, Pruning",5.0,9.0,6.0,0.0,10.0,0.0,,1579.0,,900.0,,2433.0,Luwero,Local Trader,
F-123,1.0,Kayunga,2025-05-10 00:00:00,yes,3.0,no,,no,,no,Agricultural Use,Title,,no,,yes,,yes,,yes,yes,,yes,,yes,,yes,,no,,yes,,yes,,yes,,no,,3.216,1066.49743652343,0.191893,100.0,60.0,2007-11-10 03:00:00Z,0-25%,75-100%,['Beans'],,Irrigated,['Using Fertilizers'],10.0,5.0,10.0,30.0,3.0,2.0,150.0,100.0,100.0,100.0,,150.0,It's picked from your farm,Supplier,
F-124,1.0,Luwero,4,yes,10.0,yes,ibero,no,,yes,Agricultural Use,Agreement/lease,,no,,yes,,yes,,yes,yes,,yes,,yes,,yes,,no,,yes,,yes,,yes,,no,,11.0,1134.0,3.260501,360.0,100.0,2001-05-24 03:00:00Z,0-25%,75-100%,['Bananas'],,Rainfed,"['Pruning', 'Using Fertilizers', 'Weeding']",2.0,1.0,3.0,6.0,0.0,0.0,9000.0,9000.0,1800.0,1800.0,,900.0,It's picked from your farm,Supplier,
F-125,,Luwero,3,No,5.0,No,KAPEEKA COFFEE FARMERS CORPORATIVE SOCIETY LTD,No,,Yes,100% Agricultural,Customary,,No,,Yes,,Yes,,No,,,Yes,No interaction with cultural leaders,Yes,,Yes,,No,No child labor employed,Yes,,Yes,,Yes,Unaware of tax obligations,No,No corruption observed,,,4.267338,1500.0,1365.0,2006-04-23 03:00:00Z,0-25%,75-100%,"Matoke, Groundnuts",,Rainfed,"Composting, Pest Management",5.0,1.0,1.0,4.0,2.0,0.0,,321.0,,3795.0,,932.0,Luwero,Local Trader,
F-126,,Nakaseke,4,No,4.0,no,,No,,Yes,100% Agricultural,Other,,No,,Yes,,Yes,,No,,,No,,Yes,,Yes,,No,No child labor employed,Yes,,Yes,Lack of training on rights,Yes,,No,No corruption observed,,,3.690782,100.0,1077.0,,0-25%,75-100%,"Bananas, Cassava",,Rainfed,"Composting, Pest Management",3.0,6.0,8.0,0.0,5.0,0.0,,861.0,,3659.0,,167.0,Nakaseke,Local Trader,
F-127,,Luwero,4,Yes,3.0,No,,No,,Yes,100% Agricultural,Deed of Property,,No,,Yes,,Yes,,No,,,Yes,,Yes,,Yes,,No,No child labor employed,Yes,Irregular schedules due to seasonal work,Yes,,Yes,,No,No corruption observed,,,3.135745,1200.0,296.0,1998-08-04 03:00:00Z,0-25%,75-100%,"Maize, Beans",,Irrigated,"Intercropping, Soil Testing",9.0,0.0,10.0,4.0,7.0,0.0,,1942.0,,4889.0,,1181.0,Luwero,Local Trader,
F-128,1.0,Kayunga,1,yes,3.0,no,,no,,no,Natural forest,Customary,,no,,yes,,yes,,yes,yes,,yes,,yes,,yes,,no,,yes,,yes,,yes,,no,,2.223,1089.4,0.481638,800.0,600.0,2009-09-09 03:00:00Z,0-25%,75-100%,['Bananas'],,Rainfed,['Using Fertilizers'],1.0,1.0,1.0,1.0,0.0,0.0,600.0,300.0,1200.0,1200.0,,600.0,It's picked from your farm,Supplier,
F-129,1.0,Kayunga,1,yes,5.0,no,,no,,no,Agricultural Use,Agreement/lease,,no,,yes,,yes,,no,,,yes,,yes,,yes,,no,,yes,,yes,,yes,,no,,1.0326222,1049.283,0.517245,1300.0,1000.0,2012-06-08 03:00:00Z,0-25%,75-100%,['Bananas'],,Rainfed,"['Using Fertilizers', 'Pruning', 'Weeding', 'Intercropping']",7.0,5.0,7.0,5.0,12.0,0.0,900.0,900.0,2000.0,2000.0,1000.0,1000.0,It's picked from your farm,Supplier,
F-130,1.0,Luwero,5,yes,7.0,no,,no,,yes,Agricultural Use,Title,,no,,yes,,yes,,no,,,yes,,yes,,yes,,no,,yes,,yes,,yes,,no,,2.2,1139.4,1.409974,2300.0,2250.0,2020-04-04 03:00:00Z,0-25%,75-100%,['Bananas'],,Rainfed,"['Weeding', 'Intercropping', 'Using Fertilizers']",4.0,4.0,4.0,8.0,8.0,0.0,4500.0,2600.0,4500.0,4500.0,,4500.0,It's picked from your farm,Supplier,
F-131,1.0,Luwero,1,no,5.0,no,,no,,yes,Agricultural Use,Agreement/lease,,no,,yes,,yes,,no,,,yes,,yes,,yes,,no,,yes,,yes,,yes,,no,,6.0,1069.0,3.275778,2150.0,2100.0,2015-10-12 03:00:00Z,0-25%,75-100%,['Bananas'],,Rainfed,['Weeding'],3.0,0.0,0.0,3.0,3.0,0.0,2250.0,2100.0,4500.0,4500.0,,2250.0,It's picked from your farm,Supplier,
F-132,1.0,Luwero,1,yes,5.0,no,,no,,yes,Agricultural Use,Agreement/lease,,no,,yes,,yes,,yes,yes,,yes,,yes,,yes,,no,,yes,,yes,,yes,,no,,2.517,1066.3,2.49013,1050.0,1000.0,2000-11-10 03:00:00Z,0-25%,75-100%,['Bananas'],,Rainfed,['Using Fertilizers'],4.0,1.0,0.0,5.0,5.0,0.0,200.0,250.0,250.0,250.0,,200.0,It's picked from your farm,Supplier,
F-133,,Nakaseke,2,Yes,2.0,No,,No,,Yes,100% Agricultural,Customary,,No,,Yes,,Yes,,No,,,No,,Yes,,Yes,,No,No child labor employed,Yes,,Yes,Lack of training on rights,Yes,,No,No corruption observed,,,15.30148,20000.0,3214.0,2012-04-12 03:00:00Z,0-25%,75-100%,"Bananas, Cassava",,Rainfed,"Intercropping, Soil Testing",7.0,0.0,9.0,4.0,0.0,0.0,,812.0,,3678.0,,363.0,Nakaseke,Local Trader,
F-134,1.0,Kayunga,1,yes,5.0,no,,no,,yes,Agricultural Use,Title,,no,,yes,,yes,,yes,yes,,yes,,yes,,yes,,no,,yes,,yes,,yes,,no,,2.7,1087.8,1.350739,1150.0,1100.0,1989-04-02 03:00:00Z,0-25%,75-100%,"['Bananas', 'Beans']",,Rainfed,"['Using Fertilizers', 'Pruning', 'Weeding', 'Intercropping']",2.0,2.0,2.0,2.0,0.0,0.0,1050.0,1000.0,2200.0,2200.0,,1050.0,It's picked from your farm,Supplier,
F-135,1.0,Kayunga,1,yes,8.0,no,,no,,yes,Agricultural Use,Agreement/lease,,no,,yes,,yes,,no,,,yes,,yes,,yes,,no,,yes,,yes,,yes,,no,,0.884055,1044.63,0.384579,1300.0,1000.0,2000-05-08 03:00:00Z,0-25%,75-100%,['Bananas'],,Rainfed,"['Using Fertilizers', 'Pruning', 'Weeding', 'Intercropping']",6.0,4.0,4.0,6.0,10.0,0.0,1000.0,900.0,2000.0,2000.0,,1000.0,It's picked from your farm,Supplier,
F-136,1.0,Kayunga,2025-05-10 00:00:00,yes,5.0,no,,no,,no,Agricultural Use,Title,,no,,yes,,yes,,yes,yes,,yes,,yes,,yes,,no,,yes,,yes,,yes,,no,,11.792,1068.77270507812,0.15541,100.0,80.0,2007-09-15 03:00:00Z,0-25%,75-100%,['Beans'],,Irrigated,['Using Fertilizers'],15.0,5.0,10.0,40.0,5.0,5.0,150.0,100.0,100.0,100.0,,150.0,It's picked from your farm,Supplier,
F-137,1.0,Kayunga,1,yes,3.0,no,,no,,no,Agricultural Use,Customary,,no,,yes,,yes,,yes,yes,,yes,,yes,,yes,,no,,yes,,yes,,yes,,no,,1.85,1099.9,0.292827,1250.0,1200.0,1989-04-08 03:00:00Z,0-25%,75-100%,['Bananas'],,Rainfed,['Intercropping'],2.0,0.0,2.0,0.0,2.0,0.0,1800.0,900.0,3600.0,3600.0,,1800.0,It's picked from your farm,Supplier,
F-138,1.0,Kayunga,2,yes,3.0,no,,no,,no,Agricultural Use,Title,,no,,yes,,yes,,yes,yes,,yes,,yes,,yes,,no,,yes,,yes,,yes,,no,,1.583,1101.4,0.509648,850.0,800.0,1999-12-12 03:00:00Z,0-25%,75-100%,"['Bananas', 'Greengrams']",,Rainfed,"['Using Fertilizers', 'Weeding', 'Intercropping']",1.0,0.0,0.0,1.0,0.0,0.0,800.0,500.0,1600.0,1600.0,,800.0,It's picked from your farm,Supplier,
F-139,1.0,Luwero,1,yes,5.0,no,,no,,yes,Agricultural Use,Customary,,no,,yes,,yes,,yes,yes,,yes,,yes,,yes,,no,,yes,,yes,,yes,,no,,4.9,1144.2,0.946943,1350.0,1350.0,2008-07-08 03:00:00Z,75-100%,75-100%,"['Bananas', 'Beans']",,Rainfed,"['Using Fertilizers', 'Pruning', 'Weeding', 'Intercropping']",2.0,0.0,1.0,4.0,1.0,0.0,,450.0,,1000.0,,500.0,It's picked from your farm,Supplier,
F-140,1.0,Kayunga,1,yes,8.0,no,,no,,yes,Agricultural Use,Agreement/lease,,no,,yes,,yes,,no,,,yes,,yes,,yes,,no,,yes,,yes,,yes,,no,,0.93932617,1073.222,0.408979,2300.0,2000.0,1998-05-07 03:00:00Z,0-25%,75-100%,"['Bananas', 'Cocoa']",,Rainfed,"['Using Fertilizers', 'Pruning', 'Weeding', 'Intercropping']",10.0,5.0,5.0,10.0,15.0,0.0,2000.0,1800.0,4000.0,4000.0,,2000.0,It's picked from your farm,Supplier,
F-141,1.0,Mukono,1,yes,5.0,no,,no,,yes,Agricultural Use,Agreement/lease,,no,,yes,,yes,,no,,,yes,,yes,,yes,,no,,yes,,yes,,yes,,no,,3.1,1047.4,0.333525,900.0,800.0,2020-04-13 03:00:00Z,0-25%,75-100%,['Bananas'],,Rainfed,['Weeding'],1.0,1.0,0.0,2.0,0.0,0.0,1200.0,1300.0,1400.0,1500.0,1600.0,1500.0,It's picked from your farm,Cooperative representative,
F-142,,Luwero,4,Yes,5.0,No,,No,,Yes,100% Agricultural,Other,,No,,Yes,,Yes,,No,,,No,,Yes,,Yes,,No,No child labor employed,Yes,,Yes,,Yes,,No,No corruption observed,,,8.831017,2600.0,685.0,2017-11-12 03:00:00Z,0-25%,75-100%,"Bananas, Cassava",,Rainfed,"Composting, Pest Management",6.0,6.0,2.0,3.0,6.0,0.0,,1938.0,,3618.0,,1661.0,Luwero,Local Trader,
F-143,1.0,Kayunga,1,no,4.0,no,,no,,yes,Agricultural Use,Agreement/lease,,no,,yes,,yes,,yes,yes,,yes,,yes,,Yes,,no,,yes,,yes,,yes,,no,,16.197,1117.8,0.929927,950.0,900.0,2011-03-12 03:00:00Z,0-25%,75-100%,['Bananas'],,Rainfed,['Using Fertilizers'],0.0,0.0,0.0,3.0,0.0,0.0,800.0,600.0,1300.0,1300.0,,800.0,It's picked from your farm,Cooperative representative,
F-144,,Nakaseke,3,Yes,9.0,No,,No,,Yes,100% Agricultural,Lease,,No,,Yes,,Yes,,No,,,No,,Yes,,Yes,,No,No child labor employed,Yes,,Yes,,Yes,Unaware of tax obligations,No,No corruption observed,,,6.7394,8400.0,372.0,2022-04-08 03:00:00Z,0-25%,75-100%,,,Rainfed,"Intercropping, Soil Testing",5.0,1.0,10.0,4.0,1.0,0.0,,412.0,,189.0,,1376.0,Nakaseke,Local Trader,
F-145,1.0,Kayunga,1,yes,7.0,no,,no,,yes,Agricultural Use,Customary,,no,,yes,,yes,,yes,yes,,yes,,yes,,yes,,no,,yes,,yes,,yes,,no,,15.3,1055.8,0.249082,2000.0,2000.0,2004-08-09 03:00:00Z,0-25%,75-100%,"['Bananas', 'Beans']",,Rainfed,"['Using Fertilizers', 'Pruning', 'Weeding']",2.0,3.0,2.0,1.0,5.0,0.0,1500.0,1100.0,3000.0,3000.0,,1500.0,At a hulling station,Supplier,
F-146,1.0,Kayunga,1,yes,8.0,no,,no,,yes,Agricultural Use,Agreement/lease,,no,,yes,,yes,,no,,,yes,,yes,,yes,,no,,yes,,yes,,yes,,no,,0.71311,993.997,1.112102,1700.0,1500.0,1987-07-09 03:00:00Z,0-25%,75-100%,['Bananas'],,Rainfed,"['Pruning', 'Weeding', 'Intercropping']",6.0,3.0,3.0,6.0,9.0,0.0,1500.0,1350.0,3000.0,3000.0,,1500.0,It's picked from your farm,Supplier,
F-147,1.0,Luwero,1,yes,10.0,no,,no,,yes,Agricultural Use,Customary,,no,,yes,,yes,,no,,,yes,,yes,,yes,,no,,yes,,yes,,yes,,no,,2.536875,1132.37,0.111365,500.0,450.0,2013-08-17 03:00:00Z,0-25%,75-100%,['Bananas'],,Rainfed,['Using Fertilizers'],1.0,1.0,0.0,4.0,4.0,0.0,150.0,200.0,300.0,300.0,,150.0,somewhere else,other,
F-148,1.0,Luwero,1,yes,8.0,no,,no,,yes,Agricultural Use,Title,,no,,yes,,yes,,yes,yes,,yes,,yes,,yes,,no,,yes,,yes,,yes,,no,,4.7425127,1036.157,0.15177,300.0,250.0,2011-03-02 03:00:00Z,0-25%,75-100%,['Bananas'],,Rainfed,['Intercropping'],2.0,4.0,4.0,9.0,1.0,0.0,200.0,100.0,200.0,200.0,,200.0,It's picked from your farm,Supplier,
F-149,1.0,Luwero,1,yes,4.0,no,,no,,yes,Agricultural Use,Agreement/lease,,no,,yes,,yes,,no,,,yes,,yes,,yes,,no,,yes,,yes,,yes,,no,,0.846,1099.006,1.276076,1310.0,1260.0,2003-02-10 03:00:00Z,0-25%,75-100%,['Bananas'],,Rainfed,['Pruning'],4.0,0.0,0.0,4.0,4.0,0.0,1350.0,1260.0,2700.0,2700.0,,1350.0,It's picked from your farm,Supplier,
F-150,1.0,Kayunga,1,yes,1.0,no,,no,,yes,Agricultural Use,Agreement/lease,,no,,yes,,yes,,yes,yes,,yes,,yes,,yes,,no,,yes,,yes,,yes,,no,,3.1,1039.2,2.324869,1350.0,1000.0,2020-04-21 03:00:00Z,0-25%,75-100%,['Bananas'],,Rainfed,['Weeding'],1.0,0.0,0.0,1.0,0.0,0.0,3000.0,2500.0,2800.0,2800.0,,3000.0,It's picked from your farm,Supplier,
F-151,,Luwero,2,Yes,8.0,No,,No,,Yes,100% Agricultural,Deed of Property,,No,,Yes,,Yes,,No,,,No,No interaction with cultural leaders,No,,Yes,,No,No child labor employed,Yes,,Yes,,No,,No,No corruption observed,,,3.008468,1700.0,1778.0,2015-05-20 03:00:00Z,0-25%,75-100%,,,Rainfed,"Composting, Pest Management",4.0,6.0,1.0,4.0,8.0,0.0,,1044.0,,2841.0,,1142.0,Luwero,Local Trader,
F-152,,Luwero,2,Yes,8.0,No,,No,,Yes,100% Agricultural,Deed of Property,,No,,Yes,,Yes,,No,,,No,No interaction with cultural leaders,No,,Yes,,No,No child labor employed,Yes,,Yes,,No,,No,No corruption observed,,,0.596982,300.0,1778.0,2001-06-29 03:00:00Z,0-25%,75-100%,,,Rainfed,"Composting, Pest Management",4.0,6.0,1.0,4.0,8.0,0.0,,1044.0,,2841.0,,1142.0,Luwero,Local Trader,
F-153,1.0,Kayunga,1,yes,8.0,no,,no,,yes,Agricultural Use,Customary,,no,,yes,,yes,,no,,,yes,,yes,,yes,,no,,yes,,yes,,yes,,no,,5.084,1068.9,0.653456,1250.0,1000.0,2012-04-08 03:00:00Z,0-25%,75-100%,['Bananas'],,Rainfed,"['Intercropping', 'Weeding', 'Pruning', 'Using Fertilizers']",6.0,4.0,4.0,6.0,10.0,0.0,1000.0,900.0,2000.0,2000.0,,1000.0,It's picked from your farm,Supplier,
F-154,1.0,Luwero,2,yes,1.0,no,,no,,yes,Agricultural Use,Agreement/lease,,no,,yes,,yes,,yes,yes,,yes,,yes,,yes,,no,,yes,,yes,,yes,,no,,17.0,1125.0,2.198488,360.0,100.0,2010-06-14 03:00:00Z,0-25%,75-100%,['Bananas'],,Rainfed,"['Pruning', 'Using Fertilizers', 'Weeding']",6.0,0.0,5.0,1.0,0.0,0.0,2000.0,6000.0,2000.0,2000.0,,2000.0,It's picked from your farm,Supplier,
F-155,,Nakaseke,1,No,9.0,Yes,WOTOYITIDDE,No,,No,100% Agricultural,Customary,,No,,Yes,,Yes,,No,,,Yes,,Yes,,Yes,,No,No child labor employed,Yes,,Yes,,Yes,Unaware of tax obligations,No,No corruption observed,,,4.455784,1350.0,636.0,1996-05-12 03:00:00Z,0-25%,75-100%,,,Rainfed,"Composting, Pest Management",3.0,0.0,8.0,5.0,0.0,0.0,,478.0,,4582.0,,603.0,Nakaseke,Local Trader,
F-156,,Nakaseke,1,No,9.0,No,,No,,No,100% Agricultural,Customary,,No,,Yes,,Yes,,No,,,Yes,,Yes,,Yes,,No,No child labor employed,Yes,,Yes,,Yes,Unaware of tax obligations,No,No corruption observed,,,3.331692,400.0,636.0,2023-09-09 03:00:00Z,0-25%,75-100%,,,Rainfed,"Composting, Pest Management",3.0,0.0,8.0,5.0,0.0,0.0,,478.0,,4582.0,,603.0,Nakaseke,Local Trader,
F-157,,Nakaseke,5,Yes,2.0,No,,No,,Yes,100% Agricultural,Customary,,No,,Yes,,Yes,,No,,,Yes,,Yes,,Yes,,No,No child labor employed,Yes,,No,,Yes,,No,No corruption observed,,,4.809792,2000.0,1178.0,1970-04-07 03:00:00Z,0-25%,75-100%,,,Rainfed,"Mulching, Pruning",7.0,7.0,6.0,5.0,5.0,0.0,,487.0,,3632.0,,338.0,Nakaseke,Local Trader,
F-158,1.0,Kayunga,1,yes,6.0,no,,no,,yes,Agricultural Use,Agreement/lease,,no,,yes,,yes,,yes,yes,,yes,,yes,,yes,,no,,yes,,yes,,yes,,no,,3.129,1057.0,0.316215,600.0,400.0,2000-04-21 03:00:00Z,0-25%,75-100%,['Bananas'],,Rainfed,['Weeding'],1.0,1.0,0.0,2.0,0.0,0.0,700.0,1000.0,1200.0,1400.0,1500.0,1600.0,It's picked from your farm,other,
F-159,1.0,Kayunga,1,yes,6.0,no,,no,,no,Agricultural Use,Agreement/lease,,no,,yes,,yes,,no,,,yes,,yes,,yes,,no,,yes,,yes,,yes,,no,,4.4,1044.6,2.735372,4500.0,900.0,2009-06-12 03:00:00Z,0-25%,75-100%,['Bananas'],,Rainfed,['Using Fertilizers'],2.0,1.0,1.0,3.0,0.0,0.0,650.0,400.0,800.0,800.0,,650.0,It's picked from your farm,Cooperative representative,
F-160,1.0,Kayunga,2,yes,2.0,no,,no,,no,Natural forest,Title,,no,,yes,,yes,,no,,,yes,,yes,,yes,,no,,yes,,yes,,yes,,no,,6.432,1112.05383300781,5.839433,450.0,100.0,2008-12-12 03:00:00Z,0-25%,75-100%,['Bananas'],,Rainfed,['Using Fertilizers'],0.0,0.0,0.0,0.0,0.0,0.0,50.0,45.0,100.0,100.0,,50.0,It's picked from your farm,Supplier,
F-161,1.0,Kayunga,1,yes,4.0,no,,no,,no,Agricultural Use,Agreement/lease,,no,,yes,,yes,,no,,,yes,,yes,,yes,,no,,yes,,yes,,yes,,no,,1.0311465,1033.767,0.196521,1200.0,1000.0,1970-05-08 03:00:00Z,0-25%,75-100%,['Bananas'],,Rainfed,"['Pruning', 'Weeding', 'Intercropping']",4.0,3.0,3.0,4.0,7.0,0.0,1000.0,900.0,2000.0,2000.0,,1000.0,It's picked from your farm,Supplier,
F-162,,Luwero,1,Yes,9.0,No,,No,,Yes,100% Agricultural,Deed of Property,,No,,No,Lack of resources for buffer zones,Yes,,No,,,Yes,No interaction with cultural leaders,Yes,,Yes,,No,No child labor employed,Yes,,Yes,,Yes,,No,No corruption observed,,,3.115741,800.0,595.0,2000-10-10 03:00:00Z,0-25%,75-100%,"Matoke, Groundnuts",,Rainfed,"Intercropping, Soil Testing",5.0,2.0,7.0,5.0,1.0,0.0,,1533.0,,4522.0,,1040.0,Luwero,Local Trader,
F-163,,Luwero,1,Yes,6.0,No,,No,,Yes,100% Agricultural,Customary,,No,,No,Lack of resources for buffer zones,Yes,,No,,,Yes,,Yes,,Yes,,No,No child labor employed,No,,Yes,,Yes,,No,No corruption observed,,,4.871094,1800.0,2413.0,1995-08-07 03:00:00Z,0-25%,75-100%,,,Irrigated,"Intercropping, Soil Testing",8.0,9.0,8.0,5.0,4.0,0.0,,436.0,,4570.0,,2241.0,Luwero,Local Trader,
F-164,1.0,Luwero,3,yes,9.0,yes,ibero,no,,yes,Agricultural Use,Title,,no,,yes,,yes,,no,,,yes,,yes,,yes,,no,,yes,,yes,,yes,,no,,10.5,1107.0,2.539596,432.0,100.0,2010-07-13 03:00:00Z,0-25%,75-100%,['Bananas'],,Rainfed,"['Using Fertilizers', 'Pruning']",3.0,2.0,5.0,5.0,0.0,0.0,5000.0,5000.0,9000.0,9000.0,,5000.0,At a hulling station,Cooperative representative,
F-165,,Luwero,1,Yes,7.0,No,,No,,No,100% Agricultural,Lease,,No,,No,,Yes,,No,,,Yes,No interaction with cultural leaders,Yes,,Yes,,No,No child labor employed,No,,Yes,,Yes,,No,No corruption observed,,,3.346115,360.0,898.0,2009-11-10 03:00:00Z,0-25%,75-100%,"Bananas, Cassava",,Rainfed,"Intercropping, Soil Testing",6.0,5.0,6.0,3.0,1.0,0.0,,811.0,,2034.0,,1909.0,Luwero,Local Trader,
F-166,1.0,Kayunga,2,yes,5.0,no,,no,,yes,Agricultural Use,Agreement/lease,,no,,yes,,yes,,yes,yes,,yes,,yes,,yes,,no,,yes,,yes,,yes,,no,,11.7,1058.5,0.305646,2500.0,1000.0,2009-08-09 03:00:00Z,0-25%,75-100%,['Bananas'],,Rainfed,"['Using Fertilizers', 'Pruning', 'Weeding', 'Intercropping']",3.0,3.0,3.0,1.0,6.0,0.0,1000.0,850.0,2000.0,2000.0,,1000.0,It's picked from your farm,Supplier,
F-167,1.0,Kayunga,1,yes,4.0,no,,no,,yes,Agricultural Use,Title,,no,,yes,,yes,,no,,,yes,,yes,,yes,,no,,yes,,yes,,yes,,no,,2.3,1073.2,0.173337,700.0,650.0,2000-09-10 03:00:00Z,0-25%,75-100%,"['Beans', 'Bananas']",,Rainfed,"['Using Fertilizers', 'Pruning', 'Weeding', 'Intercropping']",1.0,0.0,0.0,1.0,0.0,0.0,700.0,650.0,1300.0,1300.0,,700.0,It's picked from your farm,Supplier,
F-168,1.0,Luwero,1,yes,2.0,no,,no,,yes,Agricultural Use,Agreement/lease,,no,,yes,,yes,,yes,yes,,yes,,yes,,yes,,no,,yes,,yes,,yes,,no,,1.623,1075.6,1.904678,1050.0,1000.0,2010-05-10 03:00:00Z,0-25%,75-100%,['Bananas'],,Rainfed,['Using Fertilizers'],1.0,1.0,0.0,2.0,2.0,0.0,200.0,250.0,200.0,200.0,,200.0,It's picked from your farm,Supplier,
F-169,1.0,Luwero,1,yes,6.0,no,,no,,yes,Agricultural Use,Agreement/lease,,no,,yes,,yes,,no,,,yes,,yes,,yes,,no,,yes,,yes,,yes,,no,,11.5,1119.0,1.955598,2150.0,2100.0,2009-05-12 03:00:00Z,0-25%,75-100%,['Bananas'],,Irrigated,"['Pruning', 'Weeding', 'Intercropping']",0.0,5.0,0.0,5.0,5.0,0.0,2550.0,2400.0,4500.0,4500.0,,2550.0,At a hulling station,Supplier,
F-170,1.0,Kayunga,1,no,6.0,no,,no,,no,Natural forest,Customary,,no,,yes,,yes,,yes,yes,,yes,,yes,,yes,,no,,yes,,yes,,yes,,no,,3.1,1113.3,0.269613,800.0,600.0,2001-09-09 03:00:00Z,0-25%,75-100%,['Bananas'],,Rainfed,['Using Fertilizers'],1.0,1.0,1.0,2.0,0.0,0.0,600.0,300.0,1200.0,1200.0,,600.0,It's picked from your farm,Supplier,
F-171,1.0,Luwero,1,no,2.0,no,,no,,yes,Agricultural Use,Title,,no,,yes,,yes,,yes,yes,,yes,,yes,,yes,,no,,yes,,yes,,yes,,no,,3.38,1162.434,0.701121,13.0,10.0,2000-02-14 03:00:00Z,0-25%,75-100%,['Bananas'],,Rainfed,['Using Fertilizers'],1.0,1.0,0.0,2.0,1.0,0.0,100.0,100.0,40.0,40.0,,100.0,It's picked from your farm,Supplier,
F-172,,Luwero,2,Yes,4.0,No,,No,,Yes,100% Agricultural,Customary,,No,,Yes,,Yes,,No,,,No,,Yes,,Yes,,No,No child labor employed,Yes,Irregular schedules due to seasonal work,Yes,Lack of training on rights,Yes,,No,No corruption observed,,,2.712987,250.0,925.0,2020-08-17 03:00:00Z,0-25%,75-100%,"Matoke, Groundnuts",,Irrigated,"Mulching, Pruning",0.0,1.0,9.0,0.0,0.0,0.0,,973.0,,2390.0,,1032.0,Luwero,Local Trader,
F-173,,Luwero,2,Yes,4.0,No,,No,,Yes,100% Agricultural,Customary,,No,,Yes,,Yes,,No,,,No,,Yes,,Yes,,No,No child labor employed,Yes,Irregular schedules due to seasonal work,Yes,Lack of training on rights,Yes,,No,No corruption observed,,,2.712987,700.0,925.0,2009-08-12 03:00:00Z,0-25%,75-100%,"Matoke, Groundnuts",,Irrigated,"Mulching, Pruning",0.0,1.0,9.0,0.0,0.0,0.0,,973.0,,2390.0,,1032.0,Luwero,Local Trader,
F-174,,Luwero,2,Yes,4.0,No,,No,,Yes,100% Agricultural,Customary,,No,,Yes,,Yes,,No,,,No,,Yes,,Yes,,No,No child labor employed,Yes,Irregular schedules due to seasonal work,Yes,Lack of training on rights,Yes,,No,No corruption observed,,,2.14662,400.0,925.0,1992-09-14 03:00:00Z,0-25%,75-100%,"Matoke, Groundnuts",,Irrigated,"Mulching, Pruning",0.0,1.0,9.0,0.0,0.0,0.0,,973.0,,2390.0,,1032.0,Luwero,Local Trader,
F-175,,Luwero,2,Yes,4.0,No,,No,,Yes,100% Agricultural,Customary,,No,,Yes,,Yes,,No,,,No,,Yes,,Yes,,No,No child labor employed,Yes,Irregular schedules due to seasonal work,Yes,Lack of training on rights,Yes,,No,No corruption observed,,,2.712987,700.0,925.0,2019-08-12 03:00:00Z,0-25%,75-100%,"Matoke, Groundnuts",,Irrigated,"Mulching, Pruning",0.0,1.0,9.0,0.0,0.0,0.0,,973.0,,2390.0,,1032.0,Luwero,Local Trader,
F-176,,Nakaseke,4,Yes,5.0,No,,No,,No,100% Agricultural,Lease,,No,,Yes,,No,,No,,,Yes,,Yes,,Yes,,No,No child labor employed,Yes,,Yes,,No,,No,No corruption observed,,,9.800503,1500.0,2343.0,1968-04-11 03:00:00Z,0-25%,75-100%,"Matoke, Groundnuts",,Rainfed,"Mulching, Pruning",3.0,6.0,6.0,2.0,0.0,0.0,,1947.0,,4034.0,,732.0,Nakaseke,Local Trader,
F-177,1.0,Kayunga,1,yes,7.0,no,,no,,yes,Agricultural Use,Agreement/lease,,no,,yes,,yes,,yes,yes,,yes,,yes,,yes,,no,,yes,,yes,,yes,,no,,8.8,1059.6,0.903773,1000.0,1000.0,2000-09-09 03:00:00Z,0-25%,75-100%,['Bananas'],,Rainfed,"['Using Fertilizers', 'Pruning', 'Weeding', 'Intercropping']",4.0,2.0,4.0,1.0,6.0,0.0,1000.0,800.0,2000.0,2000.0,,1000.0,It's picked from your farm,Supplier,
F-178,1.0,Kayunga,1,yes,10.0,no,,no,,yes,Agricultural Use,Agreement/lease,,no,,yes,,yes,,no,,,yes,,yes,,Yes,,no,,yes,,yes,,yes,,no,,4.457,1057.114,0.58593,1000.0,1000.0,1980-02-15 03:00:00Z,0-25%,75-100%,"['Bananas', 'Beans']",,Rainfed,"['Pruning', 'Weeding']",0.0,0.0,0.0,0.0,2.0,0.0,1000.0,950.0,2000.0,2000.0,,1000.0,It's picked from your farm,Hulling Station representative,
F-179,1.0,Kayunga,1,yes,4.0,no,,no,,yes,Agricultural Use,Title,,no,,yes,,yes,,no,,,yes,,yes,,yes,,no,,yes,,yes,,yes,,no,,1.7,1092.4,0.264192,780.0,730.0,2000-04-10 03:00:00Z,0-25%,75-100%,"['Bananas', 'Beans']",,Rainfed,"['Using Fertilizers', 'Pruning', 'Weeding', 'Intercropping']",1.0,1.0,1.0,1.0,0.0,0.0,720.0,700.0,1440.0,1440.0,,720.0,It's picked from your farm,Supplier,
F-180,,Luwero,4,No,4.0,No,,No,,Yes,100% Agricultural,Customary,,No,,Yes,,Yes,,No,,,Yes,No interaction with cultural leaders,Yes,,Yes,,No,No child labor employed,Yes,,Yes,,No,,No,No corruption observed,,,4.098188,400.0,1276.0,2000-12-12 03:00:00Z,0-25%,75-100%,"Maize, Beans",,Irrigated,"Composting, Pest Management",1.0,1.0,2.0,0.0,3.0,0.0,,560.0,,4237.0,,1343.0,Luwero,Local Trader,
F-181,1.0,Kayunga,2025-05-10 00:00:00,yes,7.0,no,,no,,no,Agricultural Use,Title,,no,,yes,,yes,,yes,yes,,yes,,yes,,yes,,no,,yes,,yes,,yes,,no,,4.288,1070.20068359375,1.47513,200.0,70.0,2009-09-15 03:00:00Z,0-25%,75-100%,['Beans'],,Irrigated,['Using Fertilizers'],15.0,10.0,10.0,45.0,10.0,5.0,150.0,120.0,100.0,100.0,,150.0,It's picked from your farm,Supplier,
F-182,1.0,Kayunga,1,yes,7.0,no,,no,,yes,Agricultural Use,Title,,no,,yes,,yes,,yes,yes,,yes,,yes,,yes,,no,,yes,,yes,,yes,,no,,1.95,1068.5,0.26474,400.0,380.0,1987-08-21 03:00:00Z,0-25%,75-100%,"['Bananas', 'Cocoa', 'Beans']",,Rainfed,"['Using Fertilizers', 'Pruning', 'Weeding', 'Intercropping']",1.0,2.0,1.0,2.0,0.0,0.0,4000.0,2000.0,5000.0,5000.0,,4000.0,It's picked from your farm,Supplier,
F-183,1.0,Kayunga,1,no,5.0,no,,no,,no,Agricultural Use,Title,,no,,yes,,yes,,yes,yes,,yes,,yes,,yes,,no,,yes,,yes,,yes,,no,,2.2,1084.1,1.834851,850.0,800.0,1989-10-02 03:00:00Z,0-25%,75-100%,"['Bananas', 'Tobacco']",,Rainfed,"['Using Fertilizers', 'Weeding', 'Intercropping']",1.0,0.0,0.0,1.0,0.0,0.0,800.0,400.0,1600.0,1600.0,,800.0,It's picked from your farm,Supplier,
F-184,1.0,Luwero,1,yes,10.0,no,,no,,yes,Agricultural Use,Agreement/lease,,no,,yes,,yes,,no,,,yes,,yes,,yes,,no,,yes,,yes,,yes,,no,,17.811,1062.144,1.450738,1400.0,1350.0,2002-08-19 03:00:00Z,0-25%,75-100%,['Bananas'],,Rainfed,"['Pruning', 'Weeding', 'Intercropping']",1.0,1.0,2.0,1.0,2.0,0.0,500.0,450.0,1000.0,1000.0,,500.0,It's picked from your farm,Supplier,
F-185,1.0,Kayunga,1,yes,8.0,no,,no,,yes,Agricultural Use,Customary,,no,,yes,,yes,,no,,,yes,,yes,,yes,,no,,yes,,yes,,yes,,no,,8.5,1034.1,0.23746,1050.0,1000.0,2015-08-12 03:00:00Z,0-25%,75-100%,['Bananas'],,Rainfed,"['Intercropping', 'Weeding']",6.0,5.0,6.0,5.0,11.0,0.0,1150.0,1100.0,2300.0,2300.0,,1150.0,It's picked from your farm,Supplier,
F-186,1.0,Kayunga,1,yes,4.0,no,,no,,yes,Agricultural Use,Customary,,no,,yes,,yes,,no,,,yes,,yes,,yes,,no,,yes,,yes,,yes,,no,,2.6,1053.9,0.747183,1050.0,1000.0,2010-04-12 03:00:00Z,0-25%,75-100%,"['Bananas', 'Beans']",,Rainfed,"['Intercropping', 'Weeding']",5.0,5.0,4.0,6.0,10.0,0.0,1000.0,850.0,2000.0,2000.0,,1000.0,At a hulling station,Supplier,
F-187,,Nakaseke,5,No,10.0,No,,No,,Yes,100% Agricultural,Other,,No,,Yes,,No,,No,,,Yes,No interaction with cultural leaders,Yes,,Yes,,No,No child labor employed,Yes,,Yes,,No,,No,No corruption observed,,,5.447163,2000.0,216.0,,0-25%,75-100%,"Bananas, Cassava",,Irrigated,"Intercropping, Soil Testing",2.0,1.0,6.0,0.0,0.0,0.0,,109.0,,4143.0,,1947.0,Nakaseke,Local Trader,
F-188,1.0,Luwero,1,yes,8.0,no,,no,,yes,Agricultural Use,Agreement/lease,,no,,yes,,yes,,no,,,yes,,yes,,yes,,no,,yes,,yes,,yes,,no,,1.774,1449.065,0.659693,1400.0,1350.0,2016-08-30 03:00:00Z,0-25%,75-100%,['Bananas'],,Rainfed,"['Pruning', 'Weeding', 'Intercropping']",2.0,0.0,2.0,1.0,2.0,0.0,500.0,450.0,1000.0,1000.0,,500.0,It's picked from your farm,Supplier,
F-189,1.0,Kayunga,1,yes,2.0,no,,no,,yes,Agricultural Use,Agreement/lease,,no,,yes,,yes,,yes,yes,,yes,,yes,,yes,,no,,yes,,yes,,yes,,no,,10.179,1029.6,3.967641,600.0,400.0,2000-03-12 03:00:00Z,0-25%,75-100%,['Bananas'],,Rainfed,"['Using Fertilizers', 'Pruning']",1.0,1.0,0.0,2.0,0.0,0.0,800.0,1000.0,1000.0,1200.0,1500.0,1600.0,At a hulling station,Cooperative representative,
F-190,1.0,Kayunga,1,yes,6.0,no,,no,,yes,Agricultural Use,Customary,,no,,yes,,yes,,yes,yes,,yes,,yes,,yes,,no,,yes,,yes,,yes,,no,,9.6,1056.2,1.30823,1200.0,1100.0,2005-08-09 03:00:00Z,0-25%,75-100%,['Bananas'],,Rainfed,"['Using Fertilizers', 'Pruning', 'Weeding']",3.0,2.0,4.0,1.0,5.0,0.0,1000.0,900.0,2200.0,2200.0,,1000.0,It's picked from your farm,Supplier,
F-191,1.0,Luwero,1,no,9.0,no,,no,,yes,Agricultural Use,Customary,,no,,yes,,yes,,no,,,yes,,yes,,Yes,,no,,yes,,yes,,yes,,no,,7.925,1136.4,0.467777,60.0,10.0,2011-03-12 03:00:00Z,0-25%,75-100%,['Bananas'],,Rainfed,['Using Fertilizers'],9.0,9.0,9.0,9.0,9.0,9.0,2.0,22.0,2.0,2.0,,2.0,It's picked from your farm,other,
F-192,1.0,Kayunga,1,yes,4.0,no,,no,,yes,Agricultural Use,Agreement/lease,,no,,yes,,yes,,no,,,yes,,yes,,Yes,,no,,yes,,yes,,yes,,no,,3.6,1078.0,3.273815,850.0,800.0,2016-11-12 03:00:00Z,0-25%,75-100%,['Bananas'],,Rainfed,['Using Fertilizers'],2.0,2.0,0.0,4.0,0.0,0.0,700.0,550.0,900.0,900.0,,700.0,It's picked from your farm,Cooperative representative,
F-193,1.0,Kayunga,1,yes,5.0,no,,no,,yes,Agricultural Use,Agreement/lease,,no,,yes,,yes,,no,,,yes,,yes,,yes,,no,,yes,,yes,,yes,,no,,4.2,1038.0,0.52845,1050.0,1000.0,2016-05-12 03:00:00Z,0-25%,75-100%,['Bananas'],,Rainfed,"['Weeding', 'Intercropping']",3.0,3.0,2.0,4.0,6.0,0.0,1000.0,900.0,2000.0,2000.0,,1000.0,At a hulling station,Supplier,
F-194,1.0,Kayunga,1,yes,7.0,no,,no,,yes,Agricultural Use,Agreement/lease,,no,,yes,,yes,,no,,,yes,,yes,,yes,,no,,yes,,yes,,yes,,no,,6.3,1063.9,1.180536,1050.0,1000.0,2000-02-03 03:00:00Z,0-25%,75-100%,"['Bananas', 'Beans']",,Rainfed,"['Intercropping', 'Weeding']",3.0,5.0,3.0,5.0,8.0,0.0,1000.0,850.0,2000.0,2000.0,,1000.0,It's picked from your farm,Supplier,
F-195,1.0,Kayunga,1,yes,4.0,no,,no,,no,Agricultural Use,Agreement/lease,,no,,yes,,yes,,yes,yes,,yes,,yes,,Yes,,no,,yes,,yes,,yes,,no,,6.385,1071.972,0.39466,950.0,900.0,2010-04-12 03:00:00Z,0-25%,75-100%,['Bananas'],,Rainfed,['Using Fertilizers'],3.0,0.0,0.0,3.0,0.0,0.0,600.0,400.0,800.0,800.0,,600.0,It's picked from your farm,Cooperative representative,
F-196,1.0,Kayunga,2,yes,6.0,no,,no,,no,Agricultural Use,Title,,no,,yes,,yes,,yes,yes,,yes,,yes,,yes,,no,,yes,,yes,,yes,,no,,4.7,1061.5,0.542007,63.0,45.0,2014-09-12 03:00:00Z,0-25%,75-100%,"['Bananas', 'Tobacco', 'Beans']",,Both(Rainfed+Irrigated),['Using Fertilizers'],8.0,7.0,6.0,16.0,2.0,3.0,80.0,58.0,905.0,905.0,,80.0,At a hulling station,Supplier,
F-197,1.0,Kayunga,1,yes,5.0,no,,no,,yes,Agricultural Use,Agreement/lease,,no,,yes,,yes,,no,,,yes,,yes,,yes,,no,,yes,,yes,,yes,,no,,2.9,1043.0,6.95825,1250.0,1200.0,1989-02-13 03:00:00Z,0-25%,75-100%,['Bananas'],,Rainfed,"['Weeding', 'Intercropping']",7.0,4.0,6.0,5.0,11.0,0.0,1500.0,1350.0,3000.0,3000.0,,1500.0,At a hulling station,Supplier,
F-198,1.0,Kayunga,1,yes,6.0,no,,no,,yes,Agricultural Use,Customary,,no,,yes,,yes,,yes,yes,,yes,,yes,,yes,,no,,yes,,yes,,yes,,no,,5.9,1058.2,1.157145,1000.0,1000.0,2009-08-09 03:00:00Z,0-25%,75-100%,['Bananas'],,Rainfed,"['Using Fertilizers', 'Pruning', 'Weeding', 'Intercropping']",3.0,2.0,4.0,1.0,5.0,0.0,2000.0,1000.0,2000.0,2000.0,,2000.0,It's picked from your farm,Supplier,
F-199,1.0,Kayunga,1,yes,4.0,no,,no,,yes,Agricultural Use,Agreement/lease,,no,,yes,,yes,,no,,,yes,,yes,,yes,,no,,yes,,yes,,yes,,no,,2.3,1108.1,0.746896,1050.0,1000.0,2011-05-12 03:00:00Z,0-25%,75-100%,['Bananas'],,Rainfed,"['Weeding', 'Intercropping']",4.0,4.0,6.0,2.0,8.0,0.0,1000.0,820.0,2000.0,2000.0,,1000.0,It's picked from your farm,Supplier,
F-200,1.0,Kayunga,1,yes,8.0,no,,no,,yes,Agricultural Use,Customary,,no,,yes,,yes,,no,,,yes,,yes,,yes,,no,,yes,,yes,,yes,,no,,0.8552983,1067.073,0.720232,1700.0,1500.0,2000-04-08 03:00:00Z,0-25%,75-100%,['Bananas'],,Rainfed,"['Pruning', 'Weeding', 'Intercropping']",6.0,4.0,4.0,6.0,10.0,0.0,1500.0,1350.0,3000.0,3000.0,,1500.0,At a hulling station,Supplier,
F-201,1.0,Kayunga,1,yes,9.0,no,,no,,yes,Agricultural Use,Agreement/lease,,no,,yes,,yes,,yes,yes,,yes,,yes,,yes,,no,,yes,,yes,,yes,,no,,5.6,1080.8,0.655573,2000.0,2000.0,2007-03-09 03:00:00Z,0-25%,75-100%,['Beans'],,Rainfed,"['Using Fertilizers', 'Pruning', 'Weeding', 'Intercropping']",6.0,4.0,10.0,1.0,11.0,0.0,2000.0,1700.0,4000.0,4000.0,,2000.0,At a hulling station,Supplier,
F-202,1.0,Kayunga,1,yes,2.0,no,,no,,no,Agricultural Use,Title,,no,,yes,,yes,,no,,,yes,,yes,,yes,,no,,yes,,yes,,yes,,no,,15.4,1099.5,0.23311,1250.0,1200.0,1999-12-02 03:00:00Z,0-25%,75-100%,"['Bananas', 'Cocoa']",,Rainfed,"['Using Fertilizers', 'Weeding', 'Intercropping']",1.0,0.0,0.0,1.0,0.0,0.0,1000.0,500.0,2000.0,2000.0,,1000.0,It's picked from your farm,Supplier,
F-203,,Nakaseke,2,No,10.0,No,,No,,Yes,100% Agricultural,Customary,,No,,Yes,Lack of resources for buffer zones,Yes,,No,,,No,,Yes,,Yes,,No,No child labor employed,Yes,,Yes,,Yes,Unaware of tax obligations,No,No corruption observed,,,3.824079,1128.0,1182.0,2014-01-09 03:00:00Z,0-25%,75-100%,"Bananas, Cassava",,Irrigated,"Mulching, Pruning",13.0,7.0,4.0,3.0,1.0,0.0,,211.0,,4426.0,,1986.0,Nakaseke,Local Trader,
F-204,1.0,Kayunga,1,yes,1.0,no,,no,,no,Agricultural Use,Title,,no,,yes,,yes,,yes,yes,,yes,,yes,,yes,,no,,yes,,yes,,yes,,no,,1.6,1098.4,0.910876,850.0,800.0,1998-11-01 03:00:00Z,0-25%,75-100%,"['Bananas', 'Tobacco']",,Rainfed,"['Using Fertilizers', 'Weeding', 'Intercropping']",1.0,0.0,0.0,1.0,0.0,0.0,200.0,150.0,500.0,500.0,,200.0,It's picked from your farm,Supplier,
F-205,,Luwero,1,Yes,10.0,No,,No,,Yes,100% Agricultural,Deed of Property,,No,,Yes,,Yes,,No,,,Yes,No interaction with cultural leaders,No,Issues with equal pay reported,Yes,,No,No child labor employed,Yes,,Yes,,Yes,,No,No corruption observed,,,1.868861,2600.0,3957.0,1999-10-10 03:00:00Z,0-25%,75-100%,"Maize, Beans",,Rainfed,"Composting, Pest Management",3.0,3.0,7.0,0.0,3.0,0.0,,1733.0,,2087.0,,463.0,Luwero,Local Trader,
F-206,,Luwero,1,Yes,10.0,No,,No,,Yes,100% Agricultural,Deed of Property,,No,,Yes,,Yes,,No,,,Yes,No interaction with cultural leaders,No,Issues with equal pay reported,Yes,,No,No child labor employed,Yes,,Yes,,Yes,,No,No corruption observed,,,1.141388,450.0,3957.0,1989-04-10 03:00:00Z,0-25%,75-100%,"Maize, Beans",,Rainfed,"Composting, Pest Management",3.0,3.0,7.0,0.0,3.0,0.0,,1733.0,,2087.0,,463.0,Luwero,Local Trader,
F-207,,Luwero,1,No,10.0,No,,No,,No,100% Agricultural,Other,,No,,Yes,,Yes,Limited knowledge of waste management,No,,,Yes,,Yes,,Yes,,No,No child labor employed,Yes,,No,Lack of training on rights,Yes,Unaware of tax obligations,No,No corruption observed,,,3.211284,900.0,2479.0,1995-03-03 03:00:00Z,0-25%,75-100%,"Bananas, Cassava",,Rainfed,"Composting, Pest Management",5.0,2.0,3.0,4.0,3.0,0.0,,464.0,,1302.0,,247.0,Luwero,Local Trader,
F-208,1.0,Kayunga,1,yes,3.0,no,,no,,yes,Agricultural Use,Agreement/lease,,no,,yes,,yes,,no,,,yes,,yes,,yes,,no,,yes,,yes,,yes,,no,,3.7,1059.4,0.870466,1050.0,1000.0,2011-05-03 03:00:00Z,0-25%,75-100%,"['Bananas', 'Beans']",,Rainfed,"['Intercropping', 'Weeding']",4.0,3.0,3.0,4.0,7.0,0.0,1000.0,850.0,2000.0,2000.0,,1000.0,At a hulling station,Supplier,
F-209,1.0,Kayunga,1,yes,2.0,no,,no,,no,Agricultural Use,Customary,,no,,yes,,yes,,no,,,yes,,yes,,yes,,no,,yes,,yes,,yes,,no,,2.7,1070.5,0.770269,950.0,900.0,1989-05-12 03:00:00Z,0-25%,75-100%,['Beans'],,Rainfed,"['Intercropping', 'Weeding']",6.0,5.0,6.0,5.0,11.0,0.0,800.0,800.0,1800.0,1800.0,900.0,900.0,At a hulling station,Supplier,
F-210,1.0,Luwero,1,yes,3.0,no,,no,,yes,Agricultural Use,Customary,,no,,yes,,yes,,yes,yes,,yes,,yes,,yes,,no,,yes,,yes,,yes,,no,,3.4812772,1177.304,0.762314,150.0,150.0,2018-03-02 03:00:00Z,0-25%,75-100%,['Bananas'],,Rainfed,['Intercropping'],2.0,1.0,1.0,2.0,1.0,0.0,75.0,75.0,150.0,150.0,,75.0,It's picked from your farm,Supplier,
F-211,1.0,Kayunga,1,yes,4.0,no,,no,,no,Agricultural Use,Agreement/lease,,no,,yes,,yes,,yes,yes,,yes,,yes,,Yes,,no,,yes,,yes,,yes,,no,,8.9,1175.2,1.274847,850.0,800.0,2011-05-13 03:00:00Z,0-25%,75-100%,['Bananas'],,Rainfed,['Using Fertilizers'],3.0,0.0,0.0,3.0,0.0,0.0,600.0,400.0,800.0,800.0,,600.0,It's picked from your farm,Cooperative representative,
F-212,1.0,Kayunga,1,yes,10.0,no,,no,,no,Agricultural Use,Agreement/lease,,no,,yes,,yes,,yes,yes,,yes,,yes,,yes,,no,,yes,,yes,,yes,,no,,5.6,989.1,0.869213,1250.0,1200.0,1995-07-23 03:00:00Z,0-25%,75-100%,"['Bananas', 'Beans']",,Rainfed,"['Pruning', 'Weeding', 'Intercropping']",1.0,1.0,1.0,0.0,1.0,0.0,1800.0,1700.0,3600.0,3600.0,,1800.0,It's picked from your farm,Supplier,
F-213,1.0,Kayunga,1,yes,7.0,no,,no,,no,Agricultural Use,Agreement/lease,,no,,yes,,yes,,yes,yes,,yes,,yes,,yes,,no,,yes,,yes,,yes,,no,,5.7,1076.2,1.390497,850.0,800.0,1968-08-14 03:00:00Z,0-25%,75-100%,"['Bananas', 'Beans']",,Rainfed,"['Pruning', 'Intercropping', 'Weeding']",2.0,1.0,3.0,0.0,1.0,0.0,1200.0,1300.0,2400.0,2400.0,,1200.0,It's picked from your farm,Supplier,
F-214,1.0,Luwero,1,yes,3.0,no,,no,,yes,Agricultural Use,Customary,,no,,yes,,yes,,no,,,yes,,yes,,yes,,no,,yes,,yes,,yes,,no,,13.9,1149.0,0.535481,450.0,200.0,2019-09-12 03:00:00Z,0-25%,75-100%,['Bananas'],,Rainfed,['Intercropping'],1.0,2.0,0.0,3.0,0.0,0.0,45.0,600.0,100.0,100.0,,45.0,It's picked from your farm,Supplier,
F-215,1.0,Mukono,1,yes,10.0,No,,,,yes,,,,,,,,,,,,,,,,,,,,,,,,,,,,,,,3.457526,,,,,,,,,,,,,,,,,,,,,,,,
F-216,1.0,Kayunga,1,yes,5.0,no,,no,,yes,Agricultural Use,Agreement/lease,,no,,yes,,yes,,no,,,yes,,yes,,yes,,no,,yes,,yes,,yes,,no,,0.99864745,1100.582,0.873679,1300.0,1000.0,2000-05-08 03:00:00Z,0-25%,75-100%,['Bananas'],,Rainfed,"['Pruning', 'Weeding', 'Intercropping']",6.0,5.0,5.0,6.0,11.0,0.0,1000.0,900.0,2000.0,2000.0,,1000.0,It's picked from your farm,Cooperative representative,
F-217,1.0,Kayunga,2025-05-10 00:00:00,yes,5.0,no,,no,,no,Agricultural Use,Title,,no,,yes,,yes,,yes,yes,,yes,,yes,,yes,,no,,yes,,yes,,yes,,no,,0.93899894,1085.145,0.338688,800.0,85.0,2009-09-12 03:00:00Z,0-25%,75-100%,"['Bananas', 'Beans']",,Both(Rainfed+Irrigated),['Using Fertilizers'],6.0,7.0,8.0,38.0,5.0,2.0,89.0,60.0,90.0,90.0,,89.0,It's picked from your farm,Supplier,
F-218,1.0,Luwero,More than 10,yes,4.0,no,,no,,yes,Agricultural Use,Agreement/lease,,no,,yes,,yes,,no,,,yes,,yes,,yes,,no,,yes,,yes,,yes,,no,,3.7,1076.6,0.642472,450.0,100.0,2000-02-01 03:00:00Z,0-25%,75-100%,['Bananas'],,Rainfed,['Intercropping'],1.0,1.0,1.0,1.0,1.0,1.0,450.0,405.0,9000.0,9000.0,,450.0,It's picked from your farm,Supplier,
F-219,1.0,Luwero,1,yes,2.0,no,,no,,yes,Agricultural Use,Title,,no,,yes,,yes,,no,,,yes,,yes,,yes,,no,,yes,,yes,,yes,,no,,5.5,1138.8,2.679715,1250.0,1200.0,2009-04-12 03:00:00Z,0-25%,75-100%,"['Bananas', 'Beans']",,Rainfed,"['Using Fertilizers', 'Pruning']",2.0,5.0,2.0,6.0,6.0,0.0,1600.0,1340.0,2500.0,2500.0,,1600.0,It's picked from your farm,Supplier,
F-220,1.0,Kayunga,1,yes,3.0,no,,no,,no,Agricultural Use,Agreement/lease,,no,,yes,,yes,,no,,,yes,,yes,,yes,,no,,yes,,yes,,yes,,no,,4.629,1063.8,0.334581,950.0,900.0,1998-05-12 03:00:00Z,0-25%,75-100%,['Bananas'],,Rainfed,"['Intercropping', 'Weeding']",3.0,2.0,3.0,2.0,5.0,0.0,1000.0,850.0,2000.0,2000.0,,1000.0,At a hulling station,Supplier,
F-221,1.0,Kayunga,1,yes,5.0,no,,no,,yes,Agricultural Use,Agreement/lease,,no,,yes,,yes,,no,,,yes,,yes,,Yes,,no,,yes,,yes,,yes,,no,,15.456,1203.595,0.817803,2000.0,2000.0,1972-04-01 03:00:00Z,0-25%,75-100%,"['Bananas', 'Beans']",,Rainfed,"['Pruning', 'Weeding']",0.0,0.0,0.0,0.0,4.0,0.0,2000.0,1950.0,4000.0,4000.0,,2000.0,It's picked from your farm,Hulling Station representative,
F-222,,Luwero,4,No,7.0,no,,No,,No,100% Agricultural,Other,,No,,Yes,,Yes,,No,,,No,,Yes,,Yes,,No,No child labor employed,No,,No,,Yes,,No,No corruption observed,,,3.994751,100.0,1124.0,,0-25%,75-100%,"Maize, Beans",,Irrigated,"Intercropping, Soil Testing",3.0,4.0,9.0,4.0,2.0,0.0,,1679.0,,4564.0,,1243.0,Luwero,Local Trader,
F-223,,Luwero,3,Yes,9.0,Yes,WOTOYITIDDE,No,,No,100% Agricultural,Other,,No,,No,,No,,No,,,No,,Yes,,Yes,,No,No child labor employed,Yes,,Yes,,Yes,,No,No corruption observed,,,4.055632,900.0,1031.0,2003-04-09 03:00:00Z,0-25%,75-100%,,,Rainfed,"Composting, Pest Management",1.0,7.0,3.0,3.0,1.0,0.0,,959.0,,751.0,,1242.0,Luwero,Local Trader,
F-224,,Luwero,3,Yes,9.0,Yes,WOTOYITIDDE,No,,No,100% Agricultural,Other,,No,,No,,No,,No,,,No,,Yes,,Yes,,No,No child labor employed,Yes,,Yes,,Yes,,No,No corruption observed,,,2.396749,900.0,1031.0,2015-04-12 03:00:00Z,0-25%,75-100%,,,Rainfed,"Composting, Pest Management",1.0,7.0,3.0,3.0,1.0,0.0,,959.0,,751.0,,1242.0,Luwero,Local Trader,
F-225,,Luwero,3,Yes,9.0,Yes,WOTOYITIDDE,No,,No,100% Agricultural,Other,,No,,No,,No,,No,,,No,,Yes,,Yes,,No,No child labor employed,Yes,,Yes,,Yes,,No,No corruption observed,,,4.055632,900.0,1031.0,2023-04-04 03:00:00Z,0-25%,75-100%,,,Rainfed,"Composting, Pest Management",1.0,7.0,3.0,3.0,1.0,0.0,,959.0,,751.0,,1242.0,Luwero,Local Trader,
F-226,1.0,Luwero,1,yes,2.0,yes,LDC,no,,yes,Agricultural Use,Customary,,no,,yes,,yes,,yes,yes,,yes,,yes,,yes,,no,,yes,,yes,,yes,,no,,1.943,1148.449,0.109014,160.0,200.0,2013-03-02 03:00:00Z,75-100%,75-100%,['Bananas'],,Rainfed,['Intercropping'],1.0,1.0,1.0,2.0,1.0,0.0,,75.0,,100.0,,150.0,It's picked from your farm,Supplier,
F-227,1.0,Luwero,More than 10,no,4.0,no,,no,,yes,Agricultural Use,Agreement/lease,,no,,yes,,yes,,no,,,yes,,yes,,yes,,no,,yes,,yes,,yes,,no,,4.9,1053.9,3.566325,450.0,100.0,2000-02-01 03:00:00Z,0-25%,75-100%,['Bananas'],,Both(Rainfed+Irrigated),['Weeding'],1.0,1.0,1.0,1.0,1.0,1.0,450.0,405.0,9000.0,9000.0,,450.0,It's picked from your farm,Supplier,
F-228,1.0,Kayunga,1,yes,7.0,no,,no,,yes,Agricultural Use,Agreement/lease,,no,,yes,,yes,,no,,,yes,,yes,,yes,,no,,yes,,yes,,yes,,no,,2.9,1069.8,0.728412,1050.0,1000.0,2002-08-13 03:00:00Z,0-25%,75-100%,"['Bananas', 'Beans']",,Rainfed,"['Intercropping', 'Weeding']",2.0,3.0,3.0,2.0,7.0,0.0,1000.0,850.0,2000.0,2000.0,,1000.0,It's picked from your farm,Supplier,
F-229,1.0,Kayunga,1,yes,8.0,no,,no,,yes,Agricultural Use,Agreement/lease,,no,,yes,,yes,,no,,,yes,,yes,,yes,,no,,yes,,yes,,yes,,no,,1.0361449,1053.131,1.196767,1750.0,1500.0,2000-06-08 03:00:00Z,0-25%,75-100%,"['Bananas', 'Cocoa', 'Beans']",,Rainfed,"['Using Fertilizers', 'Pruning', 'Weeding', 'Intercropping']",8.0,5.0,5.0,8.0,13.0,0.0,1500.0,1350.0,3000.0,3000.0,,1500.0,It's picked from your farm,Supplier,
F-230,1.0,Kayunga,1,yes,6.0,no,,no,,yes,Agricultural Use,Agreement/lease,,no,,yes,,yes,,no,,,yes,,yes,,yes,,no,,yes,,yes,,yes,,no,,3.2,1053.9,0.727797,1050.0,1000.0,1995-07-15 03:00:00Z,0-25%,75-100%,"['Bananas', 'Beans']",,Rainfed,"['Intercropping', 'Weeding']",3.0,4.0,3.0,4.0,7.0,0.0,1000.0,850.0,2000.0,2000.0,,1000.0,It's picked from your farm,Supplier,
F-231,1.0,Kayunga,1,yes,2.0,no,,no,,yes,Agricultural Use,Agreement/lease,,no,,yes,,yes,,no,,,yes,,yes,,yes,,no,,yes,,yes,,yes,,no,,2.8,1077.3,0.190843,450.0,400.0,2019-02-12 03:00:00Z,0-25%,75-100%,['Beans'],,Rainfed,"['Intercropping', 'Weeding']",1.0,1.0,1.0,1.0,0.0,0.0,450.0,400.0,900.0,900.0,,450.0,It's picked from your farm,Supplier,
F-232,1.0,Kayunga,1,yes,8.0,no,,no,,yes,Agricultural Use,Customary,,no,,yes,,yes,,no,,,yes,,yes,,yes,,no,,yes,,yes,,yes,,no,,3.8,1047.8,1.215153,1050.0,1000.0,2006-08-18 03:00:00Z,0-25%,75-100%,"['Bananas', 'Beans']",,Rainfed,"['Intercropping', 'Weeding']",3.0,3.0,3.0,3.0,6.0,0.0,1000.0,850.0,2000.0,2000.0,,1000.0,It's picked from your farm,Supplier,
F-233,1.0,Kayunga,1,yes,4.0,no,,no,,yes,Agricultural Use,Title,,no,,yes,,yes,,no,,,yes,,yes,,yes,,no,,yes,,yes,,yes,,no,,19.728,1064.0,0.965868,1050.0,1000.0,2013-09-12 03:00:00Z,0-25%,75-100%,['Bananas'],,Rainfed,"['Weeding', 'Intercropping']",4.0,3.0,2.0,5.0,7.0,0.0,1000.0,850.0,2000.0,2000.0,,1000.0,At a hulling station,Supplier,
F-234,1.0,Kayunga,1,yes,4.0,no,,no,,yes,Agricultural Use,Customary,,no,,yes,,yes,,yes,yes,,yes,,yes,,yes,,no,,yes,,yes,,yes,,no,,2.2,1120.3,0.437727,1300.0,1250.0,1998-04-30 03:00:00Z,0-25%,75-100%,['Bananas'],,Rainfed,['Intercropping'],4.0,0.0,4.0,0.0,4.0,0.0,1975.0,938.0,3750.0,3750.0,,1975.0,It's picked from your farm,Supplier,
F-235,1.0,Kayunga,1,yes,4.0,no,,no,,yes,Agricultural Use,Customary,,no,,yes,,yes,,yes,yes,,yes,,yes,,yes,,no,,yes,,yes,,yes,,no,,1.966,1071.9,0.979245,1350.0,1300.0,1989-08-16 03:00:00Z,0-25%,75-100%,['Bananas'],,Rainfed,['Intercropping'],3.0,0.0,3.0,0.0,3.0,0.0,1950.0,975.0,3900.0,3900.0,,1950.0,It's picked from your farm,Supplier,
F-236,1.0,Kayunga,1,yes,1.0,no,,no,,yes,Agricultural Use,Agreement/lease,,no,,yes,,yes,,yes,yes,,yes,,yes,,yes,,no,,yes,,yes,,yes,,no,,5.143,1054.2,0.571865,1350.0,1000.0,2017-04-12 03:00:00Z,0-25%,75-100%,['Bananas'],,Rainfed,['Weeding'],0.0,1.0,0.0,1.0,0.0,0.0,1800.0,2300.0,2000.0,2100.0,2500.0,3000.0,It's picked from your farm,other,
F-237,,Luwero,5,No,3.0,No,,No,,Yes,100% Agricultural,Customary,,No,,No,,Yes,,No,,,Yes,No interaction with cultural leaders,Yes,,Yes,,No,No child labor employed,Yes,,Yes,,Yes,,No,No corruption observed,,,1.442089,110.0,543.0,,0-25%,75-100%,,,Rainfed,"Mulching, Pruning",10.0,1.0,10.0,0.0,8.0,0.0,,946.0,,4699.0,,2487.0,Luwero,Local Trader,
F-238,,Luwero,5,No,3.0,No,,No,,Yes,100% Agricultural,Customary,,No,,No,,Yes,,No,,,Yes,No interaction with cultural leaders,Yes,,Yes,,No,No child labor employed,Yes,,Yes,,Yes,,No,No corruption observed,,,2.641132,120.0,543.0,,0-25%,75-100%,,,Rainfed,"Mulching, Pruning",10.0,1.0,10.0,0.0,8.0,0.0,,946.0,,4699.0,,2487.0,Luwero,Local Trader,
F-239,1.0,Kayunga,1,yes,12.0,no,,no,,yes,Agricultural Use,Title,,no,,yes,,yes,,yes,yes,,yes,,yes,,yes,,no,,yes,,yes,,yes,,no,,1.766,1071.1,0.354974,1100.0,1000.0,1990-08-20 03:00:00Z,0-25%,75-100%,['Bananas'],,Rainfed,['Intercropping'],3.0,0.0,3.0,0.0,3.0,0.0,1500.0,750.0,3000.0,3000.0,,1500.0,It's picked from your farm,Supplier,
F-240,1.0,Kayunga,1,yes,8.0,no,,no,,yes,Agricultural Use,Agreement/lease,,no,,yes,,yes,,yes,yes,,yes,,yes,,yes,,no,,yes,,yes,,yes,,no,,5.1,1065.8,0.767227,1000.0,1000.0,2009-08-09 03:00:00Z,0-25%,75-100%,['Bananas'],,Rainfed,"['Using Fertilizers', 'Pruning', 'Weeding', 'Intercropping']",3.0,1.0,4.0,1.0,4.0,0.0,1000.0,800.0,2000.0,2000.0,,1000.0,It's picked from your farm,Supplier,
F-241,1.0,Kayunga,2025-05-10 00:00:00,yes,6.0,no,,no,,no,Agricultural Use,Title,,no,,yes,,yes,,yes,yes,,yes,,yes,,yes,,no,,yes,,yes,,yes,,no,,3.216,1071.724609375,0.136823,100.0,90.0,2007-08-12 03:00:00Z,0-25%,75-100%,['Beans'],,Irrigated,['Using Fertilizers'],15.0,5.0,10.0,40.0,5.0,5.0,150.0,100.0,100.0,100.0,,150.0,It's picked from your farm,Supplier,
F-242,1.0,Kayunga,1,yes,10.0,no,,no,,yes,Agricultural Use,Agreement/lease,,no,,yes,,yes,,no,,,yes,,yes,,Yes,,no,,yes,,yes,,yes,,no,,0.925,1078.339,1.224167,300.0,300.0,1971-06-18 03:00:00Z,0-25%,75-100%,"['Bananas', 'Beans']",,Rainfed,"['Pruning', 'Weeding']",0.0,0.0,0.0,0.0,2.0,0.0,490.0,490.0,1000.0,1000.0,500.0,500.0,It's picked from your farm,Hulling Station representative,
F-243,1.0,Kayunga,1,yes,6.0,no,,no,,yes,Agricultural Use,Title,,no,,yes,,yes,,no,,,yes,,yes,,yes,,no,,yes,,yes,,yes,,no,,3.6,1085.4,1.654381,830.0,780.0,1998-03-11 03:00:00Z,0-25%,75-100%,"['Bananas', 'Beans', 'other']",cassava,Rainfed,"['Using Fertilizers', 'Pruning', 'Weeding', 'Intercropping']",1.0,2.0,2.0,1.0,0.0,0.0,720.0,600.0,1500.0,1500.0,,720.0,somewhere else,Supplier,
F-244,1.0,Luwero,1,yes,7.0,no,,no,,yes,Agricultural Use,Title,,no,,yes,,yes,,no,,,yes,,yes,,yes,,no,,yes,,yes,,yes,,no,,1.015,1179.873,1.258143,2250.0,2000.0,2006-02-20 03:00:00Z,0-25%,75-100%,['Bananas'],,Rainfed,"['Pruning', 'Weeding', 'Intercropping']",5.0,0.0,3.0,2.0,0.0,0.0,2500.0,1250.0,5000.0,5000.0,,2500.0,At a hulling station,Hulling Station representative,
F-245,1.0,Kayunga,1,yes,10.0,no,,no,,yes,Agricultural Use,Agreement/lease,,no,,yes,,yes,,yes,yes,,yes,,yes,,yes,,no,,yes,,yes,,yes,,no,,2.0,1051.5,0.621867,1200.0,1000.0,2000-08-09 03:00:00Z,0-25%,75-100%,['Bananas'],,Rainfed,"['Using Fertilizers', 'Pruning', 'Weeding']",2.0,1.0,3.0,1.0,4.0,0.0,450.0,500.0,2000.0,2200.0,500.0,600.0,It's picked from your farm,Supplier,
F-246,1.0,Kayunga,1,yes,3.0,no,,no,,no,Agricultural Use,Title,,no,,yes,,yes,,yes,yes,,yes,,yes,,yes,,no,,yes,,yes,,yes,,no,,2.3,1108.1,2.607658,850.0,800.0,1990-01-02 03:00:00Z,0-25%,75-100%,"['Bananas', 'Tobacco', 'Millet']",,Rainfed,"['Using Fertilizers', 'Intercropping']",1.0,0.0,0.0,1.0,0.0,0.0,600.0,600.0,1000.0,1000.0,800.0,800.0,It's picked from your farm,Supplier,
F-247,1.0,Luwero,4,yes,7.0,no,,no,,yes,Agricultural Use,Title,,no,,yes,,yes,,no,,,yes,,yes,,yes,,no,,yes,,yes,,yes,,no,,4.6,1167.3,2.762824,1250.0,1200.0,2020-04-14 03:00:00Z,0-25%,75-100%,['Bananas'],,Rainfed,"['Weeding', 'Using Fertilizers']",4.0,3.0,0.0,7.0,7.0,0.0,1200.0,1340.0,2300.0,2300.0,,1200.0,It's picked from your farm,Supplier,
F-248,1.0,Kayunga,1,yes,9.0,no,,no,,yes,Agricultural Use,Agreement/lease,,no,,yes,,yes,,no,,,yes,,yes,,yes,,no,,yes,,yes,,yes,,no,,3.0,1035.69999999999,1.855277,1050.0,1000.0,1990-07-15 03:00:00Z,0-25%,75-100%,"['Bananas', 'Beans']",,Rainfed,"['Intercropping', 'Weeding']",5.0,4.0,5.0,4.0,9.0,0.0,1000.0,850.0,2000.0,2000.0,,1000.0,It's picked from your farm,Supplier,
F-249,1.0,Kayunga,1,yes,8.0,no,,no,,no,Agricultural Use,Agreement/lease,,no,,yes,,yes,,yes,yes,,yes,,yes,,yes,,no,,yes,,yes,,yes,,no,,7.9,1066.19999999999,0.836659,1350.0,1300.0,1994-08-13 03:00:00Z,0-25%,75-100%,"['Bananas', 'Beans']",,Rainfed,"['Pruning', 'Intercropping', 'Weeding']",1.0,1.0,1.0,0.0,1.0,0.0,1900.0,1800.0,3900.0,3900.0,,1900.0,It's picked from your farm,Supplier,
F-250,1.0,Luwero,1,no,4.0,no,,no,,yes,Agricultural Use,Agreement/lease,,no,,yes,,yes,,no,,,yes,,yes,,yes,,no,,yes,,yes,,yes,,no,,3.0,1092.0,1.859441,1250.0,1200.0,2014-09-21 03:00:00Z,0-25%,75-100%,['Bananas'],,Rainfed,"['Pruning', 'Weeding', 'Intercropping']",3.0,1.0,1.0,3.0,4.0,0.0,1250.0,1200.0,2700.0,2700.0,,1250.0,It's picked from your farm,Supplier,
F-251,1.0,Kayunga,1,yes,5.0,no,,no,,yes,Agricultural Use,Customary,,no,,yes,,yes,,yes,yes,,yes,,yes,,yes,,no,,yes,,yes,,yes,,no,,14.3,1076.0,0.675829,1200.0,1000.0,2009-07-09 03:00:00Z,0-25%,75-100%,['Bananas'],,Rainfed,"['Using Fertilizers', 'Pruning', 'Weeding']",2.0,2.0,2.0,2.0,4.0,0.0,1000.0,900.0,2000.0,2000.0,,1000.0,It's picked from your farm,Supplier,
F-252,,Luwero,3,Yes,9.0,No,,No,,Yes,100% Agricultural,Other,,No,,No,Lack of resources for buffer zones,Yes,,No,,,No,No interaction with cultural leaders,No,,Yes,,No,No child labor employed,Yes,,No,,No,,No,No corruption observed,,,9.259105,440.0,1065.0,2016-02-02 03:00:00Z,0-25%,75-100%,,,Irrigated,"Mulching, Pruning",0.0,0.0,10.0,1.0,1.0,0.0,,1469.0,,2893.0,,1658.0,Luwero,Local Trader,
F-253,,Nakaseke,2,Yes,2.0,No,,No,,No,100% Agricultural,Lease,,No,,No,Lack of resources for buffer zones,Yes,,No,,,Yes,,Yes,,Yes,,No,No child labor employed,Yes,Irregular schedules due to seasonal work,Yes,,No,,No,No corruption observed,,,3.977301,500.0,971.0,2019-03-22 03:00:00Z,0-25%,75-100%,"Maize, Beans",,Rainfed,"Composting, Pest Management",2.0,4.0,8.0,4.0,4.0,0.0,,1817.0,,701.0,,1252.0,Nakaseke,Local Trader,
F-254,1.0,Kayunga,1,yes,3.0,no,,no,,yes,Agricultural Use,Customary,,no,,yes,,yes,,no,,,yes,,yes,,yes,,no,,yes,,yes,,yes,,no,,1.4180561,1043.99,0.641515,1700.0,1500.0,2018-07-08 03:00:00Z,0-25%,75-100%,['Bananas'],,Rainfed,"['Pruning', 'Weeding', 'Intercropping']",7.0,4.0,4.0,7.0,11.0,0.0,1500.0,1350.0,3000.0,3000.0,,1500.0,It's picked from your farm,Supplier,
F-255,1.0,Kayunga,1,yes,6.0,no,,no,,yes,Natural forest,Customary,,no,,yes,,yes,,yes,yes,,yes,,yes,,yes,,no,,yes,,yes,,yes,,no,,5.3,1035.7,0.498998,1000.0,800.0,2004-10-15 03:00:00Z,0-25%,75-100%,['Bananas'],,Rainfed,"['Using Fertilizers', 'Weeding', 'Pruning']",2.0,1.0,0.0,3.0,3.0,0.0,400.0,300.0,800.0,800.0,,400.0,It's picked from your farm,Supplier,
F-256,,Luwero,3,Yes,8.0,No,,No,,No,100% Agricultural,Deed of Property,,No,,Yes,,Yes,,No,,,Yes,,Yes,,Yes,,No,No child labor employed,Yes,,Yes,,Yes,,No,No corruption observed,,,22.91984,19600.0,3879.0,2016-04-08 03:00:00Z,0-25%,75-100%,,,Rainfed,"Mulching, Pruning",6.0,5.0,6.0,4.0,1.0,0.0,,993.0,,3872.0,,1430.0,Luwero,Local Trader,
F-257,,Luwero,3,Yes,8.0,No,,No,,No,100% Agricultural,Deed of Property,,No,,Yes,,Yes,,No,,,Yes,,Yes,,Yes,,No,No child labor employed,Yes,,Yes,,Yes,,No,No corruption observed,,,6.971947,3440.0,3879.0,2004-05-10 03:00:00Z,0-25%,75-100%,,,Rainfed,"Mulching, Pruning",6.0,5.0,6.0,4.0,1.0,0.0,,993.0,,3872.0,,1430.0,Luwero,Local Trader,
F-258,,Luwero,3,Yes,8.0,No,,No,,No,100% Agricultural,Deed of Property,,No,,Yes,,Yes,,No,,,Yes,,Yes,,Yes,,No,No child labor employed,Yes,,Yes,,Yes,,No,No corruption observed,,,22.91984,22360.0,3879.0,1994-03-10 03:00:00Z,0-25%,75-100%,,,Rainfed,"Mulching, Pruning",6.0,5.0,6.0,4.0,1.0,0.0,,993.0,,3872.0,,1430.0,Luwero,Local Trader,
F-259,1.0,Luwero,2,no,1.0,no,,no,,yes,Agricultural Use,Title,,no,,yes,,yes,,yes,yes,,yes,,yes,,yes,,no,,yes,,yes,,yes,,no,,15.322,1150.14,5.891701,200.0,90.0,2003-02-10 03:00:00Z,25-50%,25-50%,['Bananas'],,Rainfed,['Using Fertilizers'],1.0,0.0,0.0,1.0,0.0,0.0,,90.0,,90.0,,45.0,At a hulling station,Supplier,
F-260,1.0,Kayunga,1,yes,5.0,no,,no,,yes,Agricultural Use,Agreement/lease,,no,,yes,,yes,,yes,yes,,yes,,yes,,yes,,no,,yes,,yes,,yes,,no,,7.2,1054.2,0.558009,2000.0,1500.0,2003-08-09 03:00:00Z,0-25%,75-100%,"['Bananas', 'Beans']",,Rainfed,"['Using Fertilizers', 'Pruning']",3.0,1.0,4.0,1.0,5.0,0.0,1500.0,1300.0,3000.0,3000.0,,1500.0,At a hulling station,Supplier,
F-261,,Nakaseke,3,No,9.0,No,,No,,No,100% Agricultural,Deed of Property,,No,,Yes,,Yes,,No,,,Yes,,Yes,,Yes,,No,No child labor employed,Yes,,Yes,,Yes,,No,No corruption observed,,,6.565997,1550.0,353.0,2022-04-07 03:00:00Z,0-25%,75-100%,"Matoke, Groundnuts",,Rainfed,"Mulching, Pruning",4.0,2.0,0.0,1.0,2.0,0.0,,988.0,,1034.0,,311.0,Nakaseke,Local Trader,
F-262,,Nakaseke,3,No,9.0,No,,No,,No,100% Agricultural,Deed of Property,,No,,Yes,,Yes,,No,,,Yes,,Yes,,Yes,,No,No child labor employed,Yes,,Yes,,Yes,,No,No corruption observed,,,2.804348,980.0,353.0,1992-02-08 03:00:00Z,0-25%,75-100%,"Matoke, Groundnuts",,Rainfed,"Mulching, Pruning",4.0,2.0,0.0,1.0,2.0,0.0,,988.0,,1034.0,,311.0,Nakaseke,Local Trader,
F-263,1.0,Luwero,1,yes,4.0,no,,no,,yes,Agricultural Use,Title,,no,,yes,,yes,,yes,yes,,yes,,yes,,yes,,no,,yes,,yes,,yes,,no,,18.895,1122.2,2.913149,720.0,670.0,2020-05-04 03:00:00Z,0-25%,75-100%,"['Bananas', 'Beans']",,Rainfed,"['Pruning', 'Weeding', 'Intercropping']",8.0,0.0,0.0,8.0,0.0,0.0,1100.0,990.0,2200.0,2200.0,,1100.0,At a hulling station,Supplier,
F-264,1.0,Kayunga,1,yes,3.0,no,,no,,yes,Agricultural Use,Agreement/lease,,no,,yes,,yes,,no,,,yes,,yes,,yes,,no,,yes,,yes,,yes,,no,,2.6,1036.4,0.797819,1000.0,900.0,2018-08-12 03:00:00Z,0-25%,75-100%,['Bananas'],,Rainfed,"['Weeding', 'Intercropping']",4.0,3.0,3.0,4.0,7.0,0.0,1200.0,1050.0,2400.0,2400.0,,1200.0,At a hulling station,Supplier,
F-265,1.0,Kayunga,1,yes,5.0,no,,no,,no,Agricultural Use,Agreement/lease,,no,,yes,,yes,,yes,yes,,yes,,yes,,Yes,,no,,yes,,yes,,yes,,no,,3.6,1062.9,4.366624,950.0,900.0,2011-03-12 03:00:00Z,0-25%,75-100%,['Bananas'],,Rainfed,['Using Fertilizers'],4.0,0.0,0.0,4.0,0.0,0.0,700.0,550.0,800.0,800.0,,700.0,It's picked from your farm,Cooperative representative,
F-266,1.0,Kayunga,1,yes,8.0,no,,no,,yes,Agricultural Use,Agreement/lease,,no,,yes,,yes,,no,,,yes,,yes,,yes,,no,,yes,,yes,,yes,,no,,1.6463054,1061.093,0.850228,1300.0,1000.0,2000-06-08 03:00:00Z,0-25%,75-100%,['Bananas'],,Rainfed,"['Pruning', 'Intercropping', 'Weeding']",6.0,4.0,4.0,6.0,10.0,0.0,1000.0,900.0,2000.0,2000.0,,1000.0,It's picked from your farm,Cooperative representative,
F-267,,Nakaseke,2,No,10.0,No,,No,,Yes,100% Agricultural,Other,,No,,Yes,,Yes,Limited knowledge of waste management,No,,,Yes,,Yes,,Yes,,No,No child labor employed,No,,Yes,,Yes,,No,No corruption observed,,,4.661321,1000.0,239.0,1994-02-09 03:00:00Z,0-25%,75-100%,"Matoke, Groundnuts",,Rainfed,"Composting, Pest Management",7.0,5.0,9.0,1.0,6.0,0.0,,1095.0,,2470.0,,1476.0,Nakaseke,Local Trader,
F-268,1.0,Kayunga,1,yes,8.0,no,,no,,yes,Agricultural Use,Agreement/lease,,no,,yes,,yes,,no,,,yes,,yes,,yes,,no,,yes,,yes,,yes,,no,,0.9009353,1035.366,0.412597,1200.0,1000.0,2000-05-08 03:00:00Z,0-25%,75-100%,['Bananas'],,Rainfed,"['Using Fertilizers', 'Weeding', 'Intercropping']",7.0,4.0,3.0,8.0,11.0,0.0,900.0,900.0,2000.0,2000.0,1000.0,1000.0,It's picked from your farm,Supplier,
F-269,1.0,Kayunga,1,yes,6.0,no,,no,,yes,Agricultural Use,Agreement/lease,,no,,yes,,yes,,no,,,yes,,yes,,yes,,no,,yes,,yes,,yes,,no,,0.8893349,867.65,0.346517,1300.0,1000.0,2000-05-07 03:00:00Z,0-25%,75-100%,['Bananas'],,Rainfed,"['Using Fertilizers', 'Pruning', 'Intercropping', 'Weeding']",6.0,4.0,4.0,6.0,10.0,0.0,1000.0,900.0,2000.0,2000.0,,1000.0,At a hulling station,Supplier,
F-270,1.0,Kayunga,1,yes,9.0,no,,no,,yes,Agricultural Use,Customary,,no,,yes,,yes,,no,,,yes,,yes,,yes,,no,,yes,,yes,,yes,,no,,10.831,1076.8,1.407425,1050.0,1000.0,1987-09-16 03:00:00Z,0-25%,75-100%,"['Bananas', 'Beans']",,Rainfed,"['Intercropping', 'Weeding']",3.0,3.0,2.0,4.0,6.0,0.0,1000.0,850.0,2000.0,2000.0,,1000.0,It's picked from your farm,Supplier,
F-271,,Nakaseke,4,Yes,4.0,Yes,NALUVULE WOTOYITIDDE COFFEE FARMERS AND CORPORATIVE SOCIETY LTD,No,,No,100% Agricultural,Deed of Property,,No,,Yes,,Yes,,No,,,Yes,No interaction with cultural leaders,Yes,,Yes,,No,No child labor employed,Yes,,No,Lack of training on rights,Yes,,No,No corruption observed,,,3.506097,450.0,402.0,1990-04-23 03:00:00Z,0-25%,75-100%,"Matoke, Groundnuts",,Irrigated,"Composting, Pest Management",1.0,1.0,1.0,1.0,3.0,0.0,,899.0,,401.0,,1885.0,Nakaseke,Local Trader,
F-272,1.0,Luwero,1,yes,3.0,no,,no,,yes,Agricultural Use,Agreement/lease,,no,,yes,,yes,,yes,yes,,yes,,yes,,yes,,no,,yes,,yes,,yes,,no,,2.08,1092.7,3.684481,1050.0,1000.0,1990-08-08 03:00:00Z,0-25%,75-100%,['Bananas'],,Rainfed,['Using Fertilizers'],1.0,2.0,0.0,3.0,3.0,0.0,100.0,200.0,200.0,200.0,,100.0,It's picked from your farm,Supplier,
F-273,1.0,Kayunga,1,yes,2.0,no,,no,,yes,Agricultural Use,Customary,,no,,yes,,yes,,no,,,yes,,yes,,yes,,no,,yes,,yes,,yes,,no,,2.4,1063.4,0.377098,650.0,600.0,2013-02-12 03:00:00Z,0-25%,75-100%,"['Beans', 'Bananas']",,Rainfed,"['Intercropping', 'Weeding']",3.0,2.0,3.0,2.0,5.0,0.0,450.0,400.0,900.0,900.0,,450.0,It's picked from your farm,Supplier,
F-274,,Nakaseke,1,Yes,9.0,No,,No,,Yes,100% Agricultural,Other,,No,,Yes,,Yes,,No,,,Yes,No interaction with cultural leaders,Yes,,Yes,,No,No child labor employed,Yes,,Yes,,Yes,,No,No corruption observed,,,5.660395,600.0,1654.0,2010-09-18 03:00:00Z,0-25%,75-100%,"Maize, Beans",,Rainfed,"Mulching, Pruning",9.0,0.0,1.0,1.0,0.0,0.0,,1413.0,,1709.0,,1936.0,Nakaseke,Local Trader,
F-275,,Nakaseke,5,Yes,8.0,No,,No,,Yes,100% Agricultural,Customary,,No,,Yes,,Yes,,No,,,Yes,No interaction with cultural leaders,Yes,,Yes,,No,No child labor employed,Yes,,Yes,,No,,No,No corruption observed,,,3.664541,1250.0,537.0,1996-05-08 03:00:00Z,0-25%,75-100%,"Bananas, Cassava",,Rainfed,"Composting, Pest Management",3.0,6.0,5.0,1.0,6.0,0.0,,1730.0,,4956.0,,1021.0,Nakaseke,Local Trader,
F-276,1.0,Luwero,1,yes,4.0,no,,no,,no,Agricultural Use,Agreement/lease,,no,,yes,,yes,,yes,yes,,yes,,yes,,yes,,no,,yes,,yes,,yes,,no,,1.745,1116.923,0.66133,750.0,700.0,2000-05-12 03:00:00Z,0-25%,75-100%,['Bananas'],,Rainfed,"['Pruning', 'Weeding', 'Intercropping']",2.0,1.0,0.0,2.0,2.0,0.0,600.0,700.0,700.0,700.0,,600.0,It's picked from your farm,Supplier,
F-277,,Luwero,4,No,2.0,Yes,WOTOYITIDDE,No,,No,100% Agricultural,Lease,,No,,No,,Yes,,No,,,No,,Yes,,Yes,,No,No child labor employed,Yes,,No,,Yes,,No,No corruption observed,,,3.388329,450.0,3338.0,2023-04-04 03:00:00Z,0-25%,75-100%,"Matoke, Groundnuts",,Rainfed,"Mulching, Pruning",8.0,3.0,8.0,3.0,11.0,0.0,,1863.0,,4751.0,,2141.0,Luwero,Local Trader,
F-278,,Luwero,4,No,2.0,Yes,WOTOYITIDDE,No,,No,100% Agricultural,Lease,,No,,No,,Yes,,No,,,No,,Yes,,Yes,,No,No child labor employed,Yes,,No,,Yes,,No,No corruption observed,,,1.625582,900.0,3338.0,2018-04-08 03:00:00Z,0-25%,75-100%,"Matoke, Groundnuts",,Rainfed,"Mulching, Pruning",8.0,3.0,8.0,3.0,11.0,0.0,,1863.0,,4751.0,,2141.0,Luwero,Local Trader,
F-279,,Luwero,4,No,2.0,Yes,WOTOYITIDDE,No,,No,100% Agricultural,Lease,,No,,No,,Yes,,No,,,No,,Yes,,Yes,,No,No child labor employed,Yes,,No,,Yes,,No,No corruption observed,,,3.388329,225.0,3338.0,2012-04-08 03:00:00Z,0-25%,75-100%,"Matoke, Groundnuts",,Rainfed,"Mulching, Pruning",8.0,3.0,8.0,3.0,11.0,0.0,,1863.0,,4751.0,,2141.0,Luwero,Local Trader,
F-280,1.0,Kayunga,1,yes,8.0,no,,no,,yes,Agricultural Use,Customary,,no,,yes,,yes,,no,,,yes,,yes,,yes,,no,,yes,,yes,,yes,,no,,3.8,1037.69999999999,0.874613,1050.0,1000.0,1980-08-15 03:00:00Z,0-25%,75-100%,"['Bananas', 'Beans']",,Rainfed,"['Intercropping', 'Weeding']",2.0,3.0,2.0,3.0,5.0,0.0,1000.0,850.0,2000.0,2000.0,,1000.0,At a hulling station,Supplier,
F-281,1.0,Kayunga,1,yes,3.0,no,,no,,yes,Agricultural Use,Customary,,no,,yes,,yes,,no,,,yes,,yes,,yes,,no,,yes,,yes,,yes,,no,,2.4,1070.6,1.883496,1050.0,1000.0,2018-08-12 03:00:00Z,0-25%,75-100%,['Beans'],,Rainfed,['Intercropping'],6.0,4.0,3.0,7.0,10.0,0.0,850.0,850.0,2000.0,2000.0,1000.0,1000.0,It's picked from your farm,Supplier,
F-282,1.0,Kayunga,1,yes,6.0,no,,no,,yes,Agricultural Use,Agreement/lease,,no,,yes,,yes,,yes,yes,,yes,,yes,,yes,,no,,yes,,yes,,yes,,no,,4.8,1049.5,0.940914,900.0,400.0,2014-04-12 03:00:00Z,0-25%,75-100%,['Bananas'],,Rainfed,['Weeding'],1.0,1.0,0.0,2.0,0.0,0.0,1200.0,800.0,1000.0,1000.0,,1200.0,It's picked from your farm,Supplier,
F-283,1.0,Kayunga,1,yes,7.0,no,,no,,yes,Agricultural Use,Customary,,no,,yes,,yes,,no,,,yes,,yes,,yes,,no,,yes,,yes,,yes,,no,,11.384,1078.9,0.817335,1050.0,1000.0,2015-04-12 03:00:00Z,0-25%,75-100%,['Bananas'],,Rainfed,"['Weeding', 'Intercropping']",4.0,3.0,2.0,5.0,7.0,0.0,1050.0,900.0,2100.0,2100.0,,1050.0,At a hulling station,Supplier,
F-284,1.0,Kayunga,1,yes,4.0,no,,no,,yes,Agricultural Use,Customary,,no,,yes,,yes,,yes,yes,,yes,,yes,,yes,,no,,yes,,yes,,yes,,no,,10.25,1040.3,0.371996,1000.0,1000.0,2009-08-09 03:00:00Z,0-25%,75-100%,['Bananas'],,Rainfed,"['Using Fertilizers', 'Pruning', 'Weeding']",2.0,1.0,2.0,1.0,3.0,0.0,1000.0,800.0,2000.0,2000.0,,1000.0,It's picked from your farm,Supplier,
F-285,,Nakaseke,2,Yes,7.0,No,,No,,Yes,100% Agricultural,Customary,,No,,No,Lack of resources for buffer zones,Yes,,No,,,No,,Yes,,Yes,,No,No child labor employed,Yes,,Yes,,No,Unaware of tax obligations,No,No corruption observed,,,3.194189,1200.0,2760.0,1980-11-12 03:00:00Z,0-25%,75-100%,,,Rainfed,"Intercropping, Soil Testing",0.0,0.0,6.0,2.0,1.0,0.0,,1580.0,,2089.0,,604.0,Nakaseke,Local Trader,
F-286,0.0,Nakaseke,5,Yes,10.0,No,,No,,Yes,100% Agricultural,Customary,,No,,Yes,,Yes,,No,,,No,No interaction with cultural leaders,Yes,,Yes,,No,No child labor employed,Yes,,Yes,,Yes,,No,No corruption observed,,,11.37551,10000.0,866.0,,0-25%,75-100%,"Matoke, Groundnuts",,Rainfed,"Composting, Pest Management",2.0,5.0,4.0,3.0,1.0,0.0,,1152.0,,3556.0,,2228.0,Nakaseke,Local Trader,
F-287,1.0,Kayunga,1,yes,6.0,no,,no,,yes,Agricultural Use,Agreement/lease,,no,,yes,,yes,,no,,,yes,,yes,,Yes,,no,,yes,,yes,,yes,,no,,5.8,1140.8,1.797374,450.0,400.0,2009-08-12 03:00:00Z,0-25%,75-100%,['Bananas'],,Rainfed,['Using Fertilizers'],1.0,4.0,2.0,5.0,0.0,0.0,400.0,200.0,700.0,700.0,,400.0,It's picked from your farm,Cooperative representative,
F-288,,Luwero,5,Yes,10.0,No,,No,,No,100% Agricultural,Deed of Property,,No,,Yes,,No,Limited knowledge of waste management,No,,,No,,Yes,Issues with equal pay reported,Yes,,No,No child labor employed,Yes,,Yes,,Yes,,No,No corruption observed,,,3.943254,1500.0,256.0,1990-02-02 03:00:00Z,0-25%,75-100%,"Bananas, Cassava",,Rainfed,"Composting, Pest Management",8.0,4.0,0.0,3.0,3.0,0.0,,265.0,,3515.0,,2034.0,Luwero,Local Trader,
F-289,1.0,Kayunga,2,yes,2.0,no,,no,,yes,Agricultural Use,Agreement/lease,,no,,yes,,yes,,no,,,yes,,yes,,yes,,no,,yes,,yes,,yes,,no,,2.4,1080.1,0.473381,1350.0,1200.0,2003-11-10 03:00:00Z,0-25%,75-100%,['Bananas'],,Rainfed,['Weeding'],0.0,2.0,0.0,2.0,0.0,0.0,600.0,200.0,1200.0,1200.0,,600.0,It's picked from your farm,Supplier,
F-290,1.0,Kayunga,1,no,3.0,no,,no,,yes,Agricultural Use,Agreement/lease,,no,,yes,,yes,,yes,yes,,yes,,yes,,yes,,no,,yes,,yes,,yes,,no,,3.069,1034.6,0.660525,1350.0,1000.0,2020-04-21 03:00:00Z,0-25%,75-100%,['Bananas'],,Rainfed,['Weeding'],1.0,1.0,0.0,2.0,0.0,0.0,2800.0,2200.0,2500.0,2500.0,,2800.0,It's picked from your farm,Supplier,
F-291,1.0,Luwero,1,yes,6.0,no,,no,,no,Agricultural Use,Agreement/lease,,no,,yes,,yes,,no,,,yes,,yes,,yes,,no,,yes,,yes,,yes,,no,,15.5,1136.0,3.281801,2150.0,2100.0,2011-09-12 03:00:00Z,0-25%,75-100%,['Bananas'],,Rainfed,"['Intercropping', 'Weeding', 'Pruning', 'Using Fertilizers']",5.0,0.0,0.0,5.0,5.0,0.0,2250.0,2100.0,2700.0,2700.0,,2250.0,It's picked from your farm,Supplier,
F-292,,Nakaseke,1,Yes,9.0,Yes,BUSANA,No,,Yes,100% Agricultural,Deed of Property,,No,,No,,No,,No,,,Yes,,Yes,,Yes,,No,No child labor employed,Yes,,Yes,,Yes,,No,No corruption observed,,,1.073997,1350.0,2386.0,2010-03-12 03:00:00Z,0-25%,75-100%,,,Rainfed,"Intercropping, Soil Testing",9.0,5.0,9.0,1.0,8.0,0.0,,1291.0,,3527.0,,221.0,Nakaseke,Local Trader,
F-293,,Nakaseke,1,Yes,9.0,Yes,BUSANA,No,,Yes,100% Agricultural,Deed of Property,,No,,No,,No,,No,,,Yes,,Yes,,Yes,,No,No child labor employed,Yes,,Yes,,Yes,,No,No corruption observed,,,2.166501,200.0,2386.0,,0-25%,75-100%,,,Rainfed,"Intercropping, Soil Testing",9.0,5.0,9.0,1.0,8.0,0.0,,1291.0,,3527.0,,221.0,Nakaseke,Local Trader,
F-294,1.0,Kayunga,1,yes,1.0,no,,no,,no,Agricultural Use,Title,,no,,yes,,yes,,yes,yes,,yes,,yes,,yes,,no,,yes,,yes,,yes,,no,,3.6,1087.4,3.241962,850.0,800.0,2012-01-02 03:00:00Z,0-25%,75-100%,"['Bananas', 'Beans']",,Both(Rainfed+Irrigated),"['Using Fertilizers', 'Weeding', 'Intercropping']",1.0,0.0,0.0,1.0,0.0,0.0,800.0,400.0,1600.0,1600.0,,800.0,It's picked from your farm,Supplier,
F-295,1.0,Luwero,1,yes,12.0,yes,Ibero,no,,yes,Agricultural Use,Agreement/lease,,no,,yes,,yes,,yes,yes,,yes,,yes,,yes,,no,,yes,,yes,,yes,,no,,9.833,1125.0,2.905743,1050.0,1000.0,2000-07-25 03:00:00Z,0-25%,75-100%,['Bananas'],,Rainfed,"['Pruning', 'Weeding', 'Using Fertilizers']",2.0,3.0,5.0,10.0,0.0,0.0,9000.0,9000.0,9000.0,9000.0,,9000.0,At a hulling station,Hulling Station representative,
F-296,1.0,Kayunga,1,yes,10.0,no,,no,,yes,Agricultural Use,Agreement/lease,,no,,yes,,yes,,no,,,yes,,yes,,yes,,no,,yes,,yes,,yes,,no,,9.8,1045.0,0.26411,1200.0,900.0,2000-12-10 03:00:00Z,0-25%,75-100%,['Bananas'],,Rainfed,['Using Fertilizers'],3.0,3.0,3.0,3.0,6.0,0.0,900.0,750.0,180.0,180.0,,900.0,At a hulling station,Supplier,
F-297,1.0,Luwero,1,yes,4.0,no,,no,,no,Agricultural Use,Agreement/lease,,no,,yes,,yes,,yes,yes,,yes,,yes,,yes,,no,,yes,,yes,,yes,,no,,0.874,1097.411,2.982298,1850.0,1800.0,1990-02-19 03:00:00Z,0-25%,75-100%,['Bananas'],,Rainfed,"['Weeding', 'Pruning']",2.0,1.0,3.0,0.0,0.0,0.0,10800.0,2700.0,5400.0,5400.0,,9000.0,It's picked from your farm,Supplier,
F-298,1.0,Kayunga,1,no,10.0,no,,no,,no,Natural forest,Customary,,no,,yes,,yes,,yes,yes,,yes,,yes,,yes,,no,,yes,,yes,,yes,,no,,10.963,1095.9,0.990286,800.0,600.0,2009-09-09 03:00:00Z,0-25%,75-100%,['Bananas'],,Rainfed,['Using Fertilizers'],1.0,2.0,2.0,5.0,0.0,0.0,600.0,300.0,1200.0,1200.0,,600.0,It's picked from your farm,Supplier,
F-299,1.0,Luwero,1,yes,1.0,no,,no,,yes,Agricultural Use,Agreement/lease,,no,,yes,,yes,,no,,,yes,,yes,,yes,,no,,yes,,yes,,yes,,no,,10.0,1070.0,3.325502,1250.0,1200.0,2011-12-13 03:00:00Z,0-25%,75-100%,['Bananas'],,Rainfed,"['Pruning', 'Weeding', 'Intercropping']",4.0,0.0,0.0,4.0,4.0,0.0,1250.0,1200.0,2700.0,2700.0,,1250.0,It's picked from your farm,Supplier,
F-300,1.0,Luwero,1,yes,4.0,no,,no,,yes,Agricultural Use,Agreement/lease,,no,,yes,,yes,,no,,,yes,,yes,,yes,,no,,yes,,yes,,yes,,no,,4.494,1083.454,3.337314,1050.0,1000.0,1999-06-16 03:00:00Z,0-25%,75-100%,"['Bananas', 'Beans']",,Rainfed,['Intercropping'],1.0,1.0,2.0,3.0,0.0,0.0,600.0,400.0,1200.0,1200.0,,600.0,It's picked from your farm,Supplier,
F-301,1.0,Luwero,1,yes,11.0,no,,no,,yes,Agricultural Use,Title,,no,,yes,,yes,,yes,yes,,yes,,yes,,yes,,no,,yes,,yes,,yes,,no,,9.9,1126.0,1.222207,360.0,100.0,2010-05-23 03:00:00Z,0-25%,75-100%,['Bananas'],,Rainfed,"['Pruning', 'Weeding']",2.0,3.0,0.0,5.0,0.0,0.0,500.0,1000.0,1000.0,1000.0,,500.0,It's picked from your farm,Supplier,
F-302,1.0,Kayunga,2,yes,6.0,no,,no,,yes,Agricultural Use,Agreement/lease,,no,,yes,,yes,,no,,,yes,,yes,,yes,,no,,yes,,yes,,yes,,no,,4.0,1099.7,0.560783,1350.0,1300.0,1990-09-13 03:00:00Z,0-25%,75-100%,['Bananas'],,Rainfed,['Weeding'],2.0,2.0,0.0,4.0,0.0,0.0,800.0,130.0,1300.0,1300.0,,800.0,It's picked from your farm,Supplier,
F-303,1.0,Luwero,1,yes,4.0,no,,no,,yes,Agricultural Use,Title,,no,,yes,,yes,,no,,,yes,,yes,,yes,,no,,yes,,yes,,yes,,no,,13.986,1146.292,3.107063,1250.0,1200.0,2000-02-20 03:00:00Z,0-25%,75-100%,['Bananas'],,Rainfed,"['Weeding', 'Pruning', 'Intercropping']",3.0,2.0,5.0,5.0,0.0,0.0,1500.0,1500.0,3000.0,3000.0,,1500.0,somewhere else,other,
F-304,,Nakaseke,4,No,9.0,Yes,IBERO,No,,Yes,100% Agricultural,Customary,,No,,Yes,,Yes,,No,,,Yes,,Yes,,Yes,,No,No child labor employed,Yes,Irregular schedules due to seasonal work,No,Lack of training on rights,Yes,,No,No corruption observed,,,3.458849,1350.0,349.0,2000-02-02 03:00:00Z,0-25%,75-100%,"Maize, Beans",,Irrigated,"Intercropping, Soil Testing",7.0,1.0,9.0,1.0,7.0,0.0,,1065.0,,359.0,,1162.0,Nakaseke,Local Trader,
F-305,1.0,Luwero,1,yes,9.0,no,,no,,yes,Natural forest,Title,,no,,yes,,yes,,yes,yes,,yes,,yes,,yes,,no,,yes,,yes,,yes,,no,,10.802,1078.669,1.502197,1520.0,1470.0,1998-03-19 03:00:00Z,0-25%,75-100%,"['Bananas', 'Beans']",,Rainfed,"['Pruning', 'Intercropping', 'Weeding']",3.0,0.0,2.0,1.0,0.0,0.0,1700.0,700.0,1200.0,1200.0,,1700.0,It's picked from your farm,Supplier,
F-306,1.0,Luwero,1,yes,10.0,no,,no,,yes,Agricultural Use,Customary,,no,,yes,,yes,,yes,yes,,yes,,yes,,yes,,no,,yes,,yes,,yes,,no,,2.0,1117.7,0.792348,1350.0,1350.0,2008-07-08 03:00:00Z,0-25%,75-100%,"['Bananas', 'Beans']",,Rainfed,"['Using Fertilizers', 'Pruning', 'Weeding', 'Intercropping']",2.0,0.0,1.0,4.0,1.0,0.0,500.0,450.0,1000.0,1000.0,,500.0,It's picked from your farm,Supplier,
F-307,1.0,Kayunga,2025-05-10 00:00:00,yes,7.0,no,,no,,no,Agricultural Use,Title,,no,,yes,,yes,,yes,yes,,yes,,yes,,yes,,no,,yes,,yes,,yes,,no,,3.216,1066.84826660156,0.311104,100.0,80.0,2007-10-10 03:00:00Z,0-25%,75-100%,['Beans'],,Irrigated,['Using Fertilizers'],10.0,5.0,10.0,30.0,3.0,2.0,150.0,100.0,100.0,100.0,,150.0,It's picked from your farm,Supplier,
F-308,1.0,Kayunga,1,yes,6.0,no,,no,,no,Natural forest,Customary,,no,,yes,,yes,,no,,,yes,,yes,,yes,,no,,yes,,yes,,yes,,no,,2.2,1068.69999999999,0.215811,900.0,800.0,1999-09-09 03:00:00Z,0-25%,75-100%,['Bananas'],,Rainfed,['Using Fertilizers'],1.0,1.0,1.0,1.0,0.0,0.0,800.0,400.0,1600.0,1600.0,,800.0,It's picked from your farm,Supplier,
F-309,1.0,Kayunga,1,yes,6.0,no,,no,,yes,Agricultural Use,Agreement/lease,,no,,yes,,yes,,no,,,yes,,yes,,yes,,no,,yes,,yes,,yes,,no,,2.6,1060.5,0.41195,1050.0,1000.0,2000-08-13 03:00:00Z,0-25%,75-100%,"['Bananas', 'Beans']",,Rainfed,"['Intercropping', 'Weeding']",5.0,4.0,4.0,5.0,9.0,0.0,1000.0,850.0,2000.0,2000.0,,1000.0,It's picked from your farm,Supplier,
F-310,1.0,Kayunga,1,yes,5.0,no,,no,,no,Agricultural Use,Title,,no,,yes,,yes,,no,,,yes,,yes,,yes,,no,,yes,,yes,,yes,,no,,2.4,1077.9,0.298772,750.0,700.0,1990-05-14 03:00:00Z,0-25%,75-100%,"['Bananas', 'Sorghum', 'Beans']",,Rainfed,"['Using Fertilizers', 'Weeding', 'Intercropping']",0.0,3.0,2.0,1.0,0.0,0.0,720.0,700.0,1450.0,1450.0,,720.0,It's picked from your farm,Supplier,
F-311,1.0,Kayunga,1,yes,8.0,no,,no,,yes,Agricultural Use,Agreement/lease,,no,,yes,,yes,,no,,,yes,,yes,,yes,,no,,yes,,yes,,yes,,no,,1.553686,1073.583,1.527921,1700.0,1500.0,2000-05-08 03:00:00Z,0-25%,75-100%,['Bananas'],,Rainfed,"['Using Fertilizers', 'Pruning', 'Weeding', 'Intercropping']",6.0,4.0,4.0,6.0,10.0,0.0,1500.0,1350.0,3000.0,3000.0,,1500.0,It's picked from your farm,Supplier,
F-312,1.0,Luwero,1,yes,7.0,no,,no,,yes,Agricultural Use,Title,,no,,yes,,yes,,no,,,yes,,yes,,yes,,no,,yes,,yes,,yes,,no,,13.141,1143.766,1.001919,1250.0,1200.0,2007-08-20 03:00:00Z,0-25%,75-100%,['Bananas'],,Rainfed,"['Pruning', 'Weeding', 'Intercropping']",2.0,2.0,0.0,4.0,0.0,0.0,1500.0,750.0,3000.0,3000.0,,1500.0,At a hulling station,Hulling Station representative,
F-313,,Nakaseke,3,Yes,6.0,No,,No,,No,100% Agricultural,Lease,,No,,Yes,Lack of resources for buffer zones,Yes,,No,,,No,No interaction with cultural leaders,Yes,,Yes,,No,No child labor employed,Yes,,No,,Yes,,No,No corruption observed,,,5.893415,1500.0,557.0,2000-10-09 03:00:00Z,0-25%,75-100%,"Matoke, Groundnuts",,Irrigated,"Composting, Pest Management",1.0,0.0,7.0,3.0,7.0,0.0,,1782.0,,1766.0,,236.0,Nakaseke,Local Trader,
F-314,1.0,Luwero,1,yes,10.0,no,,no,,no,Agricultural Use,Title,,no,,yes,,yes,,yes,yes,,yes,,yes,,yes,,no,,yes,,yes,,yes,,no,,0.999,1073.047,1.360429,500.0,125.0,2001-05-23 03:00:00Z,0-25%,75-100%,['Bananas'],,Rainfed,"['Pruning', 'Weeding']",1.0,1.0,2.0,0.0,0.0,0.0,650.0,250.0,400.0,400.0,,650.0,It's picked from your farm,Supplier,
F-315,,Luwero,3,No,9.0,No,,No,,Yes,100% Agricultural,Deed of Property,,No,,Yes,,Yes,,No,,,No,No interaction with cultural leaders,No,,Yes,,No,No child labor employed,Yes,,Yes,,Yes,Unaware of tax obligations,No,No corruption observed,,,3.821321,2500.0,754.0,1997-04-10 03:00:00Z,0-25%,75-100%,,,Rainfed,"Composting, Pest Management",10.0,1.0,9.0,5.0,9.0,0.0,,1942.0,,4848.0,,1516.0,Luwero,Local Trader,
F-316,1.0,Luwero,4,Yes,5.0,No,,No,,Yes,100% Agricultural,Other,,No,,Yes,,No,,No,,,Yes,No interaction with cultural leaders,Yes,,Yes,,No,No child labor employed,Yes,,Yes,Lack of training on rights,No,,No,No corruption observed,,,5.21678,2800.0,1045.0,2015-11-05 03:00:00Z,0-25%,75-100%,"Maize, Beans",,Rainfed,"Composting, Pest Management",4.0,1.0,1.0,4.0,3.0,0.0,,1554.0,,924.0,,285.0,Luwero,Local Trader,
F-317,1.0,Kayunga,2,yes,9.0,no,,no,,yes,Agricultural Use,Agreement/lease,,no,,yes,,yes,,yes,yes,,yes,,yes,,yes,,no,,yes,,yes,,yes,,no,,9.7,1064.9,3.067371,900.0,800.0,2004-08-09 03:00:00Z,0-25%,75-100%,['Bananas'],,Rainfed,"['Using Fertilizers', 'Pruning', 'Weeding']",3.0,1.0,4.0,0.0,4.0,0.0,800.0,700.0,1600.0,1600.0,,800.0,It's picked from your farm,Supplier,
F-318,1.0,Kayunga,1,yes,6.0,no,,no,,yes,Agricultural Use,Agreement/lease,,no,,yes,,yes,,yes,yes,,yes,,yes,,yes,,no,,yes,,yes,,yes,,no,,3.4,1045.3,1.978095,1350.0,1000.0,2018-05-21 03:00:00Z,0-25%,75-100%,['Bananas'],,Rainfed,['Weeding'],1.0,1.0,0.0,2.0,0.0,0.0,2700.0,2000.0,2400.0,2400.0,,2700.0,It's picked from your farm,Supplier,
F-319,1.0,Luwero,1,yes,2.0,no,,no,,yes,Agricultural Use,Agreement/lease,,no,,yes,,yes,,yes,yes,,yes,,yes,,yes,,no,,yes,,yes,,yes,,no,,0.01,0.0,1.044219,1050.0,1000.0,2000-12-30 03:00:00Z,0-25%,75-100%,['Bananas'],,Rainfed,['Using Fertilizers'],1.0,1.0,0.0,2.0,2.0,0.0,200.0,250.0,250.0,250.0,,200.0,It's picked from your farm,Supplier,
F-320,1.0,Luwero,2,yes,9.0,no,,no,,yes,Agricultural Use,Agreement/lease,,no,,yes,,yes,,no,,,yes,,yes,,yes,,no,,yes,,yes,,yes,,no,,10.75,1134.0,1.051988,360.0,100.0,2019-08-14 03:00:00Z,0-25%,75-100%,['Bananas'],,Rainfed,"['Using Fertilizers', 'Pruning', 'Weeding']",1.0,1.0,0.0,2.0,0.0,0.0,900.0,900.0,1800.0,1800.0,,900.0,It's picked from your farm,Supplier,
F-321,,Nakaseke,2,No,5.0,No,,No,,Yes,100% Agricultural,Deed of Property,,No,,Yes,,Yes,,No,,,Yes,,Yes,,Yes,,No,No child labor employed,Yes,,Yes,,Yes,,No,No corruption observed,,,11.58962,15000.0,523.0,2021-01-02 03:00:00Z,0-25%,75-100%,"Matoke, Groundnuts",,Rainfed,"Composting, Pest Management",2.0,1.0,4.0,2.0,5.0,0.0,,1241.0,,3280.0,,2468.0,Nakaseke,Local Trader,
F-322,,Nakaseke,5,Yes,7.0,No,,No,,Yes,100% Agricultural,Deed of Property,,No,,Yes,,Yes,,No,,,Yes,No interaction with cultural leaders,Yes,,Yes,,No,No child labor employed,No,,Yes,,Yes,,No,No corruption observed,,,3.313785,1250.0,462.0,1990-08-12 03:00:00Z,0-25%,75-100%,,,Rainfed,"Mulching, Pruning",1.0,6.0,0.0,5.0,0.0,0.0,,612.0,,3789.0,,423.0,Nakaseke,Local Trader,
F-323,,Luwero,5,Yes,7.0,No,,No,,No,100% Agricultural,Customary,,No,,Yes,,Yes,,No,,,No,,Yes,,Yes,,No,No child labor employed,Yes,,No,Lack of training on rights,Yes,Unaware of tax obligations,No,No corruption observed,,,5.033347,2250.0,1342.0,1986-05-08 03:00:00Z,0-25%,75-100%,"Bananas, Cassava",,Rainfed,"Mulching, Pruning",2.0,1.0,3.0,1.0,8.0,0.0,,1047.0,,4410.0,,2366.0,Luwero,Local Trader,
F-324,1.0,Kayunga,1,no,5.0,no,,no,,no,Agricultural Use,Agreement/lease,,no,,yes,,yes,,no,,,yes,,yes,,Yes,,no,,yes,,yes,,yes,,no,,0.8761384,1068.237,0.965878,1050.0,1000.0,2007-03-12 03:00:00Z,0-25%,75-100%,['Bananas'],,Rainfed,['Using Fertilizers'],3.0,0.0,0.0,5.0,0.0,0.0,700.0,509.0,900.0,900.0,,700.0,It's picked from your farm,Cooperative representative,
F-325,1.0,Kayunga,1,yes,5.0,no,,no,,yes,Agricultural Use,Customary,,no,,yes,,yes,,no,,,yes,,yes,,yes,,no,,yes,,yes,,yes,,no,,0.96557266,1055.508,0.750582,1300.0,1000.0,2009-07-08 03:00:00Z,0-25%,75-100%,['Bananas'],,Rainfed,"['Using Fertilizers', 'Pruning', 'Weeding', 'Intercropping']",4.0,4.0,2.0,6.0,8.0,0.0,1000.0,900.0,2000.0,2000.0,,1000.0,It's picked from your farm,Supplier,
F-326,1.0,Luwero,1,yes,10.0,no,,no,,yes,Agricultural Use,Customary,,no,,yes,,yes,,yes,yes,,yes,,yes,,yes,,no,,yes,,yes,,yes,,no,,2.0,1157.3,0.264241,950.0,900.0,2009-04-05 03:00:00Z,0-25%,75-100%,"['Bananas', 'Beans']",,Rainfed,"['Using Fertilizers', 'Pruning', 'Weeding', 'Intercropping']",1.0,0.0,1.0,3.0,0.0,0.0,500.0,450.0,1000.0,1000.0,,500.0,It's picked from your farm,Supplier,
F-327,1.0,Luwero,1,yes,4.0,no,,no,,yes,Agricultural Use,Agreement/lease,,no,,yes,,yes,,no,,,yes,,yes,,yes,,no,,yes,,yes,,yes,,no,,2.3,1087.7,1.319923,1600.0,1200.0,2018-09-18 03:00:00Z,0-25%,75-100%,"['Bananas', 'other']",jackfruit,Rainfed,"['Pruning', 'Weeding']",2.0,1.0,2.0,1.0,3.0,0.0,552.0,637.0,1300.0,1500.0,650.0,750.0,It's picked from your farm,Supplier,
F-328,1.0,Kayunga,1,yes,8.0,no,,no,,yes,Agricultural Use,Agreement/lease,,no,,yes,,yes,,no,,,yes,,yes,,yes,,no,,yes,,yes,,yes,,no,,1.2330347,1019.033,0.177649,1200.0,1000.0,2017-07-08 03:00:00Z,0-25%,75-100%,['Bananas'],,Rainfed,"['Using Fertilizers', 'Pruning', 'Weeding', 'Intercropping']",6.0,2.0,2.0,6.0,8.0,0.0,1000.0,900.0,2000.0,2000.0,,1000.0,It's picked from your farm,Supplier,
F-329,1.0,Kayunga,2025-05-10 00:00:00,yes,6.0,no,,no,,no,Agricultural Use,Title,,no,,yes,,yes,,yes,yes,,yes,,yes,,yes,,no,,yes,,yes,,yes,,no,,9.648001,1062.93859863281,1.302293,100.0,70.0,2005-05-10 03:00:00Z,0-25%,75-100%,['Beans'],,Irrigated,['Using Fertilizers'],10.0,5.0,10.0,30.0,3.0,2.0,150.0,150.0,100.0,100.0,,150.0,It's picked from your farm,Supplier,
F-330,1.0,Kayunga,1,yes,6.0,no,,no,,yes,Agricultural Use,Agreement/lease,,no,,yes,,yes,,no,,,yes,,yes,,Yes,,no,,yes,,yes,,yes,,no,,0.966,1064.19,1.064801,600.0,300.0,1995-05-15 03:00:00Z,0-25%,75-100%,"['Bananas', 'Beans']",,Rainfed,"['Pruning', 'Weeding']",0.0,0.0,0.0,0.0,4.0,0.0,1450.0,1450.0,3000.0,3000.0,1500.0,1500.0,It's picked from your farm,Hulling Station representative,
F-331,1.0,Luwero,1,yes,5.0,no,,no,,yes,Agricultural Use,Customary,,no,,yes,,yes,,no,,,yes,,yes,,yes,,no,,yes,,yes,,yes,,no,,7.2,1140.3,4.40804,1350.0,1300.0,1962-01-01 03:00:00Z,0-25%,75-100%,['Bananas'],,Rainfed,['Intercropping'],2.0,2.0,2.0,2.0,0.0,0.0,100.0,900.0,2000.0,2000.0,,100.0,It's picked from your farm,Supplier,
F-332,1.0,Kayunga,1,yes,7.0,no,,no,,yes,Agricultural Use,Agreement/lease,,no,,yes,,yes,,yes,yes,,yes,,yes,,Yes,,no,,yes,,yes,,yes,,no,,2.2,1145.8,2.39848,950.0,900.0,2008-02-08 03:00:00Z,0-25%,75-100%,['Bananas'],,Rainfed,['Using Fertilizers'],2.0,2.0,3.0,4.0,0.0,0.0,600.0,500.0,1000.0,1000.0,,600.0,It's picked from your farm,Cooperative representative,
F-333,,Luwero,1,Yes,9.0,No,WOTOYITIDDE,No,,Yes,100% Agricultural,Lease,,No,,Yes,,Yes,,No,,,No,,Yes,,Yes,,No,No child labor employed,Yes,,No,Lack of training on rights,Yes,,No,No corruption observed,,,6.973732,101.0,618.0,2008-08-17 03:00:00Z,0-25%,75-100%,"Maize, Beans",,Rainfed,"Composting, Pest Management",0.0,0.0,9.0,1.0,0.0,0.0,,366.0,,690.0,,2030.0,Luwero,Local Trader,
F-334,,Luwero,1,Yes,9.0,Yes,WOTOYITIDDE,No,,Yes,100% Agricultural,Lease,,No,,Yes,,Yes,,No,,,No,,Yes,,Yes,,No,No child labor employed,Yes,,No,Lack of training on rights,Yes,,No,No corruption observed,,,6.973732,450.0,618.0,2023-04-04 03:00:00Z,0-25%,75-100%,"Maize, Beans",,Rainfed,"Composting, Pest Management",0.0,0.0,9.0,1.0,0.0,0.0,,366.0,,690.0,,2030.0,Luwero,Local Trader,
F-335,,Luwero,1,Yes,9.0,Yes,WOTOYITIDDE,No,,Yes,100% Agricultural,Lease,,No,,Yes,,Yes,,No,,,No,,Yes,,Yes,,No,No child labor employed,Yes,,No,Lack of training on rights,Yes,,No,No corruption observed,,,3.388329,900.0,618.0,2021-09-04 03:00:00Z,0-25%,75-100%,"Maize, Beans",,Rainfed,"Composting, Pest Management",0.0,0.0,9.0,1.0,0.0,0.0,,366.0,,690.0,,2030.0,Luwero,Local Trader,
F-336,,Luwero,1,Yes,9.0,Yes,WOTOYITIDDE,No,,Yes,100% Agricultural,Lease,,No,,Yes,,Yes,,No,,,No,,Yes,,Yes,,No,No child labor employed,Yes,,No,Lack of training on rights,Yes,,No,No corruption observed,,,6.973732,3150.0,618.0,2010-04-09 03:00:00Z,0-25%,75-100%,"Maize, Beans",,Rainfed,"Composting, Pest Management",0.0,0.0,9.0,1.0,0.0,0.0,,366.0,,690.0,,2030.0,Luwero,Local Trader,
F-337,1.0,Kayunga,1,yes,4.0,no,,no,,no,Natural forest,Customary,,no,,yes,,yes,,yes,yes,,yes,,yes,,yes,,no,,yes,,yes,,yes,,no,,1.977,1102.8,0.522963,1200.0,1000.0,2010-09-09 03:00:00Z,0-25%,75-100%,['Bananas'],,Rainfed,['Using Fertilizers'],1.0,2.0,1.0,2.0,0.0,0.0,1000.0,500.0,2000.0,2000.0,,1000.0,It's picked from your farm,Supplier,
F-338,,Luwero,3,No,2.0,no,,No,,Yes,100% Agricultural,Lease,,No,,Yes,,Yes,,No,,,Yes,No interaction with cultural leaders,Yes,,Yes,,No,No child labor employed,Yes,,Yes,,Yes,,No,No corruption observed,,,3.03147,1600.0,1546.0,,0-25%,75-100%,,,Rainfed,"Mulching, Pruning",9.0,7.0,5.0,1.0,5.0,0.0,,1008.0,,3133.0,,831.0,Luwero,Local Trader,
F-339,1.0,Kayunga,2025-05-10 00:00:00,yes,5.0,no,,no,,no,Agricultural Use,Title,,no,,yes,,yes,,yes,yes,,yes,,yes,,yes,,no,,yes,,yes,,yes,,no,,3.216,1070.44030761718,1.124275,2000.0,1400.0,2009-05-10 03:00:00Z,0-25%,75-100%,['Beans'],,Irrigated,['Using Fertilizers'],15.0,10.0,10.0,40.0,3.0,2.0,150.0,200.0,100.0,100.0,,150.0,It's picked from your farm,Supplier,
F-340,,Luwero,1,Yes,2.0,No,,No,,No,100% Agricultural,Deed of Property,,No,,Yes,,Yes,,No,,,Yes,No interaction with cultural leaders,Yes,,Yes,,No,No child labor employed,Yes,,Yes,,Yes,Unaware of tax obligations,No,No corruption observed,,,3.258079,1320.0,2040.0,1990-12-31 03:00:00Z,0-25%,75-100%,"Matoke, Groundnuts",,Irrigated,"Composting, Pest Management",6.0,2.0,7.0,2.0,2.0,0.0,,300.0,,4272.0,,641.0,Luwero,Local Trader,
F-341,1.0,Kayunga,1,yes,8.0,no,,no,,no,Natural forest,Customary,,no,,yes,,yes,,yes,yes,,yes,,yes,,yes,,no,,yes,,yes,,yes,,no,,2.266,1107.6,0.939544,800.0,600.0,2016-09-09 03:00:00Z,0-25%,75-100%,['Bananas'],,Rainfed,['Using Fertilizers'],1.0,1.0,3.0,2.0,0.0,0.0,600.0,300.0,1200.0,1200.0,,600.0,It's picked from your farm,Supplier,
F-342,1.0,Luwero,4,yes,4.0,no,,no,,yes,Agricultural Use,Agreement/lease,,no,,yes,,yes,,yes,yes,,yes,,yes,,yes,,no,,yes,,yes,,yes,,no,,6.458,1085.548,6.526181,400.0,330.0,1999-03-02 03:00:00Z,0-25%,75-100%,"['Bananas', 'Greengrams']",,Rainfed,"['Weeding', 'Pruning', 'Intercropping']",2.0,0.0,2.0,0.0,0.0,0.0,3600.0,1370.0,2640.0,2640.0,,3600.0,It's picked from your farm,Supplier,
F-343,,Luwero,,,,no,,no,,,Agricultural Use,Title,,no,,yes,,yes,,no,,,yes,,,,Yes,,no,,yes,,yes,,yes,,no,,1.883,1156.55,0.5148,650.0,600.0,2018-05-04 03:00:00Z,0-25%,75-100%,"['Bananas', 'beans']",,Irrigated,"['Weeding', 'Pruning', 'Intercropping']",7.0,0.0,0.0,7.0,0.0,0.0,1000.0,900.0,2000.0,2000.0,,1000.0,At a hulling station,Supplier,
F-344,1.0,Luwero,1,yes,8.0,no,,no,,yes,Agricultural Use,Agreement/lease,,no,,yes,,yes,,no,,,yes,,yes,,yes,,no,,yes,,yes,,yes,,no,,14.0,1130.0,1.113064,2150.0,2100.0,2008-12-12 03:00:00Z,0-25%,75-100%,['Bananas'],,Rainfed,"['Using Fertilizers', 'Pruning', 'Weeding', 'Intercropping']",5.0,3.0,3.0,8.0,8.0,0.0,2210.0,2129.0,4500.0,4500.0,,2210.0,It's picked from your farm,Supplier,
F-345,1.0,Luwero,1,yes,3.0,no,,no,,yes,Agricultural Use,Title,,no,,yes,,yes,,yes,yes,,yes,,yes,,yes,,no,,yes,,yes,,yes,,no,,4.089,1133.763,1.527937,950.0,900.0,2019-03-04 03:00:00Z,0-25%,75-100%,['Beans'],,Rainfed,"['Pruning', 'Weeding', 'Intercropping']",9.0,3.0,0.0,12.0,7.0,0.0,1020.0,813.0,2050.0,2050.0,,1020.0,At a hulling station,Supplier,
F-346,,Nakaseke,5,Yes,5.0,No,,No,,Yes,100% Agricultural,Customary,,No,,Yes,,Yes,,No,,,Yes,,Yes,,Yes,,No,No child labor employed,Yes,Irregular schedules due to seasonal work,No,,No,,No,No corruption observed,,,3.286587,1600.0,2168.0,,0-25%,75-100%,"Matoke, Groundnuts",,Rainfed,"Mulching, Pruning",8.0,11.0,9.0,4.0,9.0,0.0,,486.0,,1297.0,,1440.0,Nakaseke,Local Trader,
F-347,1.0,Luwero,1,yes,4.0,no,,no,,yes,Agricultural Use,Customary,,no,,yes,,yes,,yes,yes,,yes,,yes,,yes,,no,,yes,,yes,,yes,,no,,7.5,1156.0,2.332718,2250.0,2250.0,2009-07-08 03:00:00Z,0-25%,75-100%,['Bananas'],,Rainfed,"['Using Fertilizers', 'Pruning', 'Weeding', 'Intercropping']",2.0,0.0,1.0,4.0,1.0,0.0,1500.0,1350.0,3000.0,3000.0,,1500.0,It's picked from your farm,Supplier,
F-348,1.0,Kayunga,1,yes,10.0,no,,no,,yes,Agricultural Use,Agreement/lease,,no,,yes,,yes,,no,,,yes,,yes,,Yes,,no,,yes,,yes,,yes,,no,,9.049,1060.315,0.657649,3000.0,2800.0,1972-06-29 03:00:00Z,0-25%,75-100%,"['Bananas', 'Beans']",,Rainfed,"['Pruning', 'Weeding']",0.0,0.0,0.0,0.0,2.0,0.0,3000.0,3950.0,6000.0,6000.0,,3000.0,At a hulling station,Hulling Station representative,
F-349,,Nakaseke,1,Yes,5.0,No,,No,,Yes,100% Agricultural,Customary,,No,,Yes,,No,Limited knowledge of waste management,No,,,Yes,No interaction with cultural leaders,Yes,,Yes,,No,No child labor employed,Yes,,Yes,,Yes,,No,No corruption observed,,,12.97139,4000.0,1283.0,1990-11-08 03:00:00Z,0-25%,75-100%,"Matoke, Groundnuts",,Irrigated,"Mulching, Pruning",0.0,2.0,5.0,0.0,1.0,0.0,,1165.0,,1135.0,,1397.0,Nakaseke,Local Trader,
F-350,,Nakaseke,1,No,10.0,No,,No,,Yes,100% Agricultural,Other,,No,,Yes,,Yes,,No,,,Yes,No interaction with cultural leaders,Yes,,Yes,,No,No child labor employed,Yes,,Yes,,Yes,,No,No corruption observed,,,3.459549,1080.0,1030.0,1996-09-12 03:00:00Z,0-25%,75-100%,,,Irrigated,"Mulching, Pruning",1.0,2.0,4.0,2.0,3.0,0.0,,108.0,,3568.0,,753.0,Nakaseke,Local Trader,
F-351,1.0,Luwero,1,yes,5.0,no,,no,,yes,Agricultural Use,Agreement/lease,,no,,yes,,yes,,no,,,yes,,yes,,yes,,no,,yes,,yes,,yes,,no,,1.8293606,1121.872,3.275318,300.0,100.0,2015-03-02 03:00:00Z,0-25%,75-100%,['Bananas'],,Rainfed,['Intercropping'],2.0,4.0,2.0,6.0,1.0,0.0,75.0,50.0,150.0,150.0,,75.0,It's picked from your farm,Supplier,
F-352,1.0,Luwero,5,Yes,7.0,no,,No,,Yes,100% Agricultural,Customary,,No,,Yes,,Yes,,No,,,No,No interaction with cultural leaders,Yes,,Yes,,No,No child labor employed,Yes,,Yes,,Yes,,No,No corruption observed,,,3.525777,580.0,695.0,,0-25%,75-100%,Maize,,Rainfed,"Intercropping, Soil Testing",7.0,5.0,8.0,4.0,10.0,0.0,,1329.0,,3229.0,,1132.0,Luwero,Local Trader,
F-353,1.0,Luwero,1,yes,14.0,no,,no,,yes,Agricultural Use,Agreement/lease,,no,,yes,,yes,,no,,,yes,,yes,,yes,,no,,yes,,yes,,yes,,no,,1.903,11.192,2.037865,1400.0,1350.0,1998-08-14 03:00:00Z,0-25%,75-100%,['Beans'],,Rainfed,"['Pruning', 'Weeding', 'Intercropping']",2.0,0.0,2.0,1.0,2.0,0.0,750.0,675.0,1500.0,1500.0,,750.0,It's picked from your farm,Supplier,
F-354,1.0,Kayunga,1,yes,3.0,no,,no,,yes,Agricultural Use,Title,,no,,yes,,yes,,no,,,yes,,yes,,yes,,no,,yes,,yes,,yes,,no,,20.72,1100.1,0.852843,1050.0,1000.0,1999-06-23 03:00:00Z,0-25%,75-100%,"['Bananas', 'Tobacco']",,Rainfed,"['Using Fertilizers', 'Weeding']",1.0,0.0,0.0,1.0,0.0,0.0,300.0,200.0,500.0,500.0,,300.0,It's picked from your farm,Supplier,
F-355,1.0,Kayunga,1,yes,7.0,no,,no,,yes,Agricultural Use,Title,,no,,yes,,yes,,no,,,yes,,yes,,yes,,no,,yes,,yes,,yes,,no,,10.46,1072.3,0.302681,1330.0,1280.0,2000-04-11 03:00:00Z,0-25%,75-100%,['Beans'],,Rainfed,['Intercropping'],3.0,3.0,4.0,2.0,0.0,0.0,1400.0,1200.0,2800.0,2800.0,,1400.0,It's picked from your farm,Supplier,
F-356,,Nakaseke,5,No,7.0,no,,No,,Yes,100% Agricultural,Lease,,No,,Yes,,Yes,,No,,,No,No interaction with cultural leaders,Yes,,Yes,,No,No child labor employed,Yes,,Yes,,No,,No,No corruption observed,,,4.614945,1000.0,475.0,,0-25%,75-100%,"Maize, Beans",,Irrigated,"Intercropping, Soil Testing",12.0,12.0,8.0,1.0,2.0,0.0,,1210.0,,3052.0,,1175.0,Nakaseke,Local Trader,
F-357,1.0,Luwero,1,yes,3.0,no,,no,,yes,Agricultural Use,Agreement/lease,,no,,yes,,yes,,no,,,yes,,yes,,yes,,no,,yes,,yes,,yes,,no,,10.0,1123.0,1.284277,360.0,100.0,2010-09-20 03:00:00Z,0-25%,75-100%,['Bananas'],,Rainfed,"['Using Fertilizers', 'Pruning', 'Weeding']",2.0,1.0,0.0,3.0,0.0,0.0,1000.0,900.0,2000.0,2000.0,,1000.0,It's picked from your farm,Supplier,
F-358,,Nakaseke,2,Yes,10.0,No,,No,,Yes,100% Agricultural,Other,,No,,Yes,,Yes,,No,,,No,,Yes,,Yes,,No,No child labor employed,Yes,,Yes,Lack of training on rights,Yes,,No,No corruption observed,,,3.061825,1000.0,246.0,,0-25%,75-100%,"Matoke, Groundnuts",,Rainfed,"Composting, Pest Management",1.0,1.0,6.0,0.0,1.0,0.0,,201.0,,3286.0,,2321.0,Nakaseke,Local Trader,
F-359,,Nakaseke,2,Yes,2.0,No,,No,,Yes,100% Agricultural,Other,,No,,Yes,,Yes,,No,,,Yes,,Yes,,Yes,,No,No child labor employed,Yes,,Yes,,Yes,Unaware of tax obligations,No,No corruption observed,,,3.530217,2000.0,1755.0,2006-08-01 03:00:00Z,0-25%,75-100%,,,Rainfed,"Mulching, Pruning",1.0,0.0,7.0,0.0,2.0,0.0,,1439.0,,3904.0,,1260.0,Nakaseke,Local Trader,
F-360,,Nakaseke,4,Yes,3.0,No,,No,,Yes,100% Agricultural,Other,,No,,No,,Yes,,No,,,Yes,No interaction with cultural leaders,Yes,,Yes,,No,No child labor employed,Yes,Irregular schedules due to seasonal work,Yes,,No,,No,No corruption observed,,,4.746944,190.0,789.0,2015-11-01 03:00:00Z,0-25%,75-100%,"Maize, Beans",,Rainfed,"Mulching, Pruning",5.0,1.0,6.0,5.0,0.0,0.0,,1226.0,,1866.0,,374.0,Nakaseke,Local Trader,
F-361,1.0,Kayunga,3,yes,5.0,no,,no,,yes,Agricultural Use,Title,,no,,yes,,yes,,yes,yes,,yes,,yes,,yes,,no,,yes,,yes,,yes,,no,,4.724,1079.1,0.972213,1300.0,1250.0,1996-09-17 03:00:00Z,0-25%,75-100%,['Bananas'],,Rainfed,['Intercropping'],3.0,1.0,4.0,0.0,4.0,0.0,1875.0,938.0,3750.0,3750.0,,1875.0,It's picked from your farm,Supplier,
F-362,,Luwero,5,Yes,7.0,No,,No,,Yes,100% Agricultural,Other,,No,,Yes,,Yes,,No,,,No,,Yes,Issues with equal pay reported,Yes,,No,No child labor employed,Yes,,Yes,,Yes,Unaware of tax obligations,No,No corruption observed,,,5.31887,2150.0,1823.0,2018-03-08 03:00:00Z,0-25%,75-100%,"Maize, Beans",,Rainfed,"Composting, Pest Management",4.0,0.0,9.0,4.0,10.0,0.0,,289.0,,2146.0,,295.0,Luwero,Local Trader,
F-363,,Luwero,4,Yes,9.0,No,,No,,Yes,100% Agricultural,Other,,No,,Yes,,Yes,,No,,,Yes,,Yes,,Yes,,No,No child labor employed,Yes,,Yes,,Yes,Unaware of tax obligations,No,No corruption observed,,,4.514701,1200.0,589.0,2011-02-18 03:00:00Z,0-25%,75-100%,"Bananas, Cassava",,Rainfed,"Mulching, Pruning",1.0,0.0,4.0,2.0,2.0,0.0,,1337.0,,3886.0,,709.0,Luwero,Local Trader,
F-364,1.0,Kayunga,2,yes,9.0,no,,no,,yes,Agricultural Use,Agreement/lease,,no,,yes,,yes,,yes,yes,,yes,,yes,,yes,,no,,yes,,yes,,yes,,no,,8.2,1072.1,0.552398,1200.0,1000.0,2001-02-09 03:00:00Z,0-25%,75-100%,['Bananas'],,Rainfed,"['Using Fertilizers', 'Pruning', 'Weeding']",4.0,1.0,4.0,1.0,6.0,0.0,1000.0,800.0,2000.0,2000.0,,1000.0,It's picked from your farm,Supplier,
F-365,,Nakaseke,4,No,2.0,No,,No,,Yes,100% Agricultural,Deed of Property,,No,,No,,Yes,,No,,,No,,Yes,,Yes,,No,No child labor employed,Yes,Irregular schedules due to seasonal work,Yes,,Yes,,No,No corruption observed,,,8.92051,10000.0,1285.0,,0-25%,75-100%,"Matoke, Groundnuts",,Irrigated,"Composting, Pest Management",3.0,0.0,5.0,4.0,1.0,0.0,,700.0,,2334.0,,276.0,Nakaseke,Local Trader,
F-366,1.0,Luwero,1,yes,4.0,no,,no,,yes,Agricultural Use,Agreement/lease,,no,,yes,,yes,,yes,yes,,yes,,yes,,yes,,no,,yes,,yes,,yes,,no,,1.7,1095.9,0.736703,1050.0,1000.0,1978-09-08 03:00:00Z,0-25%,75-100%,['Bananas'],,Rainfed,['Using Fertilizers'],2.0,2.0,2.0,2.0,4.0,0.0,200.0,250.0,200.0,200.0,,200.0,It's picked from your farm,Supplier,
F-367,1.0,Kayunga,2,yes,4.0,no,,no,,yes,Natural forest,Agreement/lease,,no,,yes,,yes,,no,,,yes,,yes,,yes,,no,,yes,,yes,,yes,,no,,8.9,1124.0,4.978964,2050.0,2000.0,2000-05-24 03:00:00Z,0-25%,75-100%,['Bananas'],,Rainfed,['Weeding'],7.0,3.0,10.0,10.0,10.0,0.0,7000.0,7000.0,9000.0,9000.0,,7000.0,At a hulling station,Supplier,
F-368,1.0,Kayunga,1,yes,2.0,no,,no,,yes,Natural forest,Customary,,no,,yes,,yes,,yes,yes,,yes,,yes,,yes,,no,,yes,,yes,,yes,,no,,8.552,1092.5,1.006389,1200.0,1000.0,2000-09-09 03:00:00Z,0-25%,75-100%,['Bananas'],,Rainfed,['Using Fertilizers'],1.0,1.0,1.0,3.0,1.0,0.0,1200.0,600.0,2400.0,2400.0,,1200.0,It's picked from your farm,Supplier,
F-369,,Luwero,4,Yes,3.0,No,,No,,No,100% Agricultural,Customary,,No,,Yes,Lack of resources for buffer zones,Yes,,No,,,Yes,,Yes,,Yes,,No,No child labor employed,No,,Yes,,Yes,,No,No corruption observed,,,4.914701,3000.0,2351.0,2005-02-11 03:00:00Z,0-25%,75-100%,"Bananas, Cassava",,Rainfed,"Intercropping, Soil Testing",9.0,9.0,9.0,0.0,3.0,0.0,,970.0,,3384.0,,2116.0,Luwero,Local Trader,
F-370,1.0,Luwero,2,yes,7.0,no,,no,,yes,Agricultural Use,Agreement/lease,,no,,yes,,yes,,yes,yes,,yes,,yes,,yes,,no,,yes,,yes,,yes,,no,,14.0,1175.0,2.483548,421.0,100.0,2010-04-02 03:00:00Z,0-25%,75-100%,['Bananas'],,Rainfed,"['Pruning', 'Using Fertilizers', 'Weeding']",3.0,2.0,5.0,3.0,0.0,0.0,9000.0,9000.0,9000.0,9000.0,,5000.0,At a hulling station,Hulling Station representative,
F-371,1.0,Kayunga,1,yes,1.0,no,,no,,no,Agricultural Use,Title,,no,,yes,,yes,,no,,,yes,,yes,,yes,,no,,yes,,yes,,yes,,no,,1.516,1099.69999999999,0.448341,1050.0,1000.0,2011-11-12 03:00:00Z,0-25%,75-100%,"['Bananas', 'Tobacco']",,Rainfed,"['Using Fertilizers', 'Weeding', 'Intercropping']",0.0,1.0,0.0,1.0,0.0,0.0,1000.0,500.0,2000.0,2000.0,,1000.0,It's picked from your farm,Supplier,
F-372,,Luwero,5,No,3.0,No,,No,,Yes,100% Agricultural,Other,,No,,Yes,,Yes,,No,,,No,No interaction with cultural leaders,Yes,,Yes,,No,No child labor employed,Yes,,No,,Yes,,No,No corruption observed,,,3.023607,1200.0,367.0,1998-02-12 03:00:00Z,0-25%,75-100%,"Matoke, Groundnuts",,Rainfed,"Mulching, Pruning",7.0,4.0,2.0,1.0,0.0,0.0,,631.0,,4100.0,,580.0,Luwero,Local Trader,
F-373,1.0,Kayunga,1,yes,3.0,no,,no,,no,Agricultural Use,Customary,,no,,yes,,yes,,yes,yes,,yes,,yes,,yes,,no,,yes,,yes,,yes,,no,,1.85,1100.7,0.369248,1250.0,1200.0,1991-01-08 03:00:00Z,0-25%,75-100%,['Bananas'],,Rainfed,['Intercropping'],4.0,0.0,4.0,0.0,4.0,0.0,1800.0,900.0,3600.0,3600.0,,1800.0,It's picked from your farm,Supplier,
F-374,1.0,Luwero,1,yes,2.0,no,,no,,yes,Agricultural Use,Agreement/lease,,no,,yes,,yes,,yes,yes,,yes,,yes,,yes,,no,,yes,,yes,,yes,,no,,1.47,1084.6,2.600101,1050.0,1000.0,2000-08-01 03:00:00Z,0-25%,75-100%,['Bananas'],,Rainfed,['Using Fertilizers'],1.0,1.0,1.0,1.0,2.0,0.0,100.0,80.0,200.0,300.0,350.0,100.0,It's picked from your farm,Supplier,
F-375,,Luwero,4,Yes,7.0,no,,No,,No,100% Agricultural,Lease,,No,,Yes,,Yes,,No,,,Yes,,Yes,,Yes,,No,No child labor employed,Yes,,Yes,,Yes,,No,No corruption observed,,,3.203103,900.0,2013.0,,0-25%,75-100%,"Matoke, Groundnuts",,Rainfed,"Mulching, Pruning",2.0,1.0,3.0,2.0,2.0,0.0,,1683.0,,2369.0,,1976.0,Luwero,Local Trader,
F-376,1.0,Kayunga,2025-05-10 00:00:00,yes,4.0,no,,no,,no,Agricultural Use,Title,,no,,yes,,yes,,yes,yes,,yes,,yes,,yes,,no,,yes,,yes,,yes,,no,,3.216,1065.41723632812,0.316037,100.0,70.0,2007-02-15 03:00:00Z,0-25%,75-100%,['Beans'],,Irrigated,['Using Fertilizers'],10.0,5.0,10.0,30.0,3.0,2.0,100.0,150.0,100.0,100.0,,100.0,It's picked from your farm,Supplier,
F-377,1.0,Luwero,1,yes,3.0,no,,no,,no,Agricultural Use,Customary,,no,,yes,,yes,,yes,yes,,yes,,yes,,yes,,no,,yes,,yes,,yes,,no,,2.2,1150.1,1.190949,1450.0,1400.0,2009-08-07 03:00:00Z,0-25%,75-100%,"['Bananas', 'Beans']",,Rainfed,"['Using Fertilizers', 'Pruning', 'Weeding', 'Intercropping']",2.0,1.0,0.0,4.0,1.0,0.0,500.0,450.0,1000.0,1000.0,,500.0,It's picked from your farm,Supplier,
F-378,1.0,Luwero,1,yes,4.0,no,,no,,yes,Agricultural Use,Agreement/lease,,no,,yes,,yes,,no,,,yes,,yes,,yes,,no,,yes,,yes,,yes,,no,,18.376,1125.454,2.088099,1310.0,1260.0,2007-08-10 03:00:00Z,0-25%,75-100%,['Bananas'],,Rainfed,['Weeding'],2.0,2.0,2.0,2.0,4.0,0.0,1350.0,1260.0,2700.0,2700.0,,1350.0,It's picked from your farm,Supplier,
F-379,1.0,Luwero,1,yes,8.0,no,,no,,no,Agricultural Use,Agreement/lease,,no,,yes,,yes,,no,,,yes,,yes,,yes,,no,,yes,,yes,,yes,,no,,9.1,1110.0,3.016709,1310.0,1260.0,2009-12-12 03:00:00Z,0-25%,75-100%,['Bananas'],,Rainfed,"['Using Fertilizers', 'Pruning', 'Weeding', 'Intercropping']",5.0,0.0,0.0,5.0,5.0,0.0,2250.0,2200.0,2700.0,2700.0,,2250.0,It's picked from your farm,Supplier,
F-380,,Nakaseke,1,Yes,8.0,No,,No,,No,100% Agricultural,Lease,,No,,Yes,,Yes,,No,,,Yes,,Yes,,Yes,,No,No child labor employed,Yes,,No,,Yes,,No,No corruption observed,,,9.455012,4500.0,3460.0,2019-05-08 03:00:00Z,0-25%,75-100%,"Maize, Beans",,Rainfed,"Intercropping, Soil Testing",2.0,6.0,1.0,0.0,8.0,0.0,,1195.0,,198.0,,1226.0,Nakaseke,Local Trader,
F-381,1.0,Kayunga,1,yes,6.0,no,,no,,yes,Agricultural Use,Customary,,no,,yes,,yes,,no,,,yes,,yes,,yes,,no,,yes,,yes,,yes,,no,,0.733641,1078.543,0.245167,1700.0,1500.0,2009-06-08 03:00:00Z,0-25%,75-100%,['Bananas'],,Rainfed,"['Using Fertilizers', 'Pruning', 'Weeding', 'Intercropping']",8.0,4.0,4.0,8.0,12.0,0.0,1500.0,1350.0,3000.0,3000.0,,1500.0,It's picked from your farm,Supplier,
F-382,1.0,Kayunga,2025-05-10 00:00:00,yes,8.0,no,,no,,no,Agricultural Use,Title,,no,,yes,,yes,,yes,yes,,yes,,yes,,yes,,no,,yes,,yes,,yes,,no,,7.504,1065.82238769531,0.56608,100.0,70.0,2008-02-10 03:00:00Z,0-25%,75-100%,['Beans'],,Irrigated,['Using Fertilizers'],10.0,5.0,10.0,30.0,3.0,2.0,150.0,100.0,100.0,100.0,,150.0,It's picked from your farm,Supplier,
F-383,1.0,Luwero,1,yes,9.0,no,,no,,yes,Agricultural Use,Title,,no,,yes,,yes,,yes,yes,,yes,,yes,,yes,,no,,yes,,yes,,yes,,no,,1.468,1131.6,0.441195,1080.0,1030.0,2020-09-04 03:00:00Z,0-25%,75-100%,"['Bananas', 'Beans']",,Rainfed,"['Weeding', 'Pruning', 'Intercropping']",6.0,6.0,0.0,12.0,0.0,0.0,1950.0,1755.0,3900.0,3900.0,,1950.0,At a hulling station,Supplier,
F-384,1.0,Luwero,1,yes,4.0,no,,no,,yes,Agricultural Use,Customary,,no,,yes,,yes,,no,,,yes,,yes,,yes,,no,,yes,,yes,,yes,,no,,6.4,1138.1,0.444512,2850.0,2800.0,2015-09-13 03:00:00Z,0-25%,75-100%,['Bananas'],,Rainfed,['Intercropping'],2.0,2.0,2.0,2.0,0.0,0.0,150.0,45.0,1000.0,1000.0,,150.0,It's picked from your farm,Supplier,
F-385,1.0,Kayunga,2025-05-10 00:00:00,yes,5.0,no,,no,,no,Agricultural Use,Title,,no,,yes,,yes,,yes,yes,,yes,,yes,,yes,,no,,yes,,yes,,yes,,no,,3.216,1072.85107421875,0.228626,100.0,70.0,2006-02-10 03:00:00Z,0-25%,75-100%,['Beans'],,Irrigated,['Using Fertilizers'],10.0,5.0,10.0,30.0,3.0,2.0,150.0,100.0,100.0,100.0,,150.0,It's picked from your farm,Supplier,
F-386,1.0,Luwero,1,yes,4.0,no,,no,,yes,Agricultural Use,Agreement/lease,,no,,yes,,yes,,no,,,yes,,yes,,yes,,no,,yes,,yes,,yes,,no,,5.188,1108.311,4.651779,950.0,900.0,2000-07-23 03:00:00Z,0-25%,75-100%,['Bananas'],,Rainfed,['Intercropping'],1.0,1.0,1.0,2.0,0.0,0.0,600.0,300.0,1200.0,1200.0,,600.0,It's picked from your farm,Supplier,
F-387,,Nakaseke,2,No,9.0,No,,No,,Yes,100% Agricultural,Customary,,No,,Yes,,Yes,,No,,,Yes,No interaction with cultural leaders,Yes,,Yes,,No,No child labor employed,Yes,,Yes,,Yes,,No,No corruption observed,,,5.330214,3200.0,1172.0,2005-06-01 03:00:00Z,0-25%,75-100%,"Maize, Beans",,Rainfed,"Intercropping, Soil Testing",2.0,2.0,6.0,5.0,7.0,0.0,,1657.0,,3616.0,,1950.0,Nakaseke,Local Trader,
F-388,,Luwero,5,No,4.0,No,,No,,Yes,100% Agricultural,Customary,,No,,Yes,,Yes,,No,,,No,No interaction with cultural leaders,Yes,,Yes,,No,No child labor employed,Yes,,No,Lack of training on rights,Yes,,No,No corruption observed,,,3.41448,1600.0,1887.0,1986-03-18 03:00:00Z,0-25%,75-100%,,,Rainfed,"Mulching, Pruning",4.0,1.0,3.0,2.0,7.0,0.0,,1101.0,,688.0,,793.0,Luwero,Local Trader,
F-389,1.0,Kayunga,1,yes,4.0,no,,no,,yes,Agricultural Use,Customary,,no,,yes,,yes,,no,,,yes,,yes,,yes,,no,,yes,,yes,,yes,,no,,0.73925316,1068.14,0.345552,1200.0,1000.0,2016-05-08 03:00:00Z,0-25%,75-100%,['Bananas'],,Rainfed,"['Using Fertilizers', 'Pruning', 'Weeding', 'Intercropping']",6.0,4.0,4.0,6.0,10.0,0.0,1000.0,900.0,2000.0,2000.0,,1000.0,It's picked from your farm,Supplier,
F-390,1.0,Luwero,More than 10,no,0.0,no,,no,,yes,Agricultural Use,Agreement/lease,,no,,yes,,yes,,no,,,yes,,yes,,yes,,no,,yes,,yes,,yes,,no,,12.2,1108.19995117187,7.741992,450.0,100.0,2018-07-02 03:00:00Z,0-25%,75-100%,"['Bananas', 'Beans']",,Rainfed,['Weeding'],1.0,1.0,1.0,1.0,1.0,1.0,250.0,225.0,5000.0,5000.0,,250.0,It's picked from your farm,Supplier,
F-391,1.0,Luwero,1,yes,3.0,no,,no,,yes,Agricultural Use,Agreement/lease,,no,,yes,,yes,,no,,,yes,,yes,,yes,,no,,yes,,yes,,yes,,no,,1.987,1081.2,5.152033,1050.0,1000.0,2001-02-25 03:00:00Z,0-25%,75-100%,['Bananas'],,Rainfed,['Using Fertilizers'],1.0,2.0,0.0,3.0,3.0,0.0,200.0,300.0,200.0,200.0,100.0,100.0,It's picked from your farm,Supplier,
F-392,1.0,Kayunga,1,yes,6.0,no,,no,,yes,Agricultural Use,Agreement/lease,,no,,yes,,yes,,no,,,yes,,yes,,yes,,no,,yes,,yes,,yes,,no,,0.7963053,1061.053,0.196042,1200.0,1000.0,2017-06-08 03:00:00Z,0-25%,75-100%,['Bananas'],,Rainfed,"['Pruning', 'Weeding', 'Intercropping']",4.0,3.0,4.0,3.0,7.0,0.0,1000.0,900.0,2000.0,2000.0,,1000.0,At a cooperative,Supplier,
F-393,1.0,Luwero,1,yes,6.0,no,,no,,yes,Agricultural Use,Agreement/lease,,no,,yes,,yes,,no,,,yes,,yes,,yes,,no,,yes,,yes,,yes,,no,,9.0,1075.0,3.27281,1310.0,1260.0,2009-05-15 03:00:00Z,0-25%,75-100%,['Bananas'],,Rainfed,"['Using Fertilizers', 'Pruning', 'Weeding', 'Intercropping']",5.0,0.0,0.0,5.0,5.0,0.0,2250.0,1200.0,2700.0,2700.0,,2250.0,It's picked from your farm,Supplier,
F-394,1.0,Kayunga,1,yes,5.0,no,,no,,yes,Agricultural Use,Agreement/lease,,no,,yes,,yes,,no,,,yes,,yes,,Yes,,no,,yes,,yes,,yes,,no,,2.4,1139.3,0.571723,850.0,800.0,2008-03-12 03:00:00Z,0-25%,75-100%,['Bananas'],,Rainfed,['Using Fertilizers'],2.0,0.0,2.0,0.0,0.0,0.0,609.0,400.0,800.0,800.0,,609.0,It's picked from your farm,Cooperative representative,
F-395,1.0,Luwero,1,yes,8.0,no,,no,,yes,Agricultural Use,Customary,,no,,yes,,yes,,yes,yes,,yes,,yes,,yes,,no,,yes,,yes,,yes,,no,,8.3,1150.0,2.97306,1800.0,1700.0,2006-02-07 03:00:00Z,0-25%,75-100%,"['Bananas', 'Beans']",,Rainfed,"['Using Fertilizers', 'Pruning', 'Weeding', 'Intercropping']",2.0,0.0,2.0,5.0,1.0,0.0,1000.0,900.0,2000.0,2000.0,,1000.0,It's picked from your farm,Supplier,
F-396,1.0,Kayunga,1,no,4.0,no,,no,,no,Agricultural Use,Agreement/lease,,no,,yes,,yes,,no,,,yes,,yes,,Yes,,no,,yes,,yes,,yes,,no,,2.6,1097.4,2.548118,850.0,800.0,2014-03-12 03:00:00Z,0-25%,75-100%,['Bananas'],,Rainfed,['Using Fertilizers'],0.0,0.0,0.0,0.0,0.0,0.0,600.0,400.0,800.0,800.0,,600.0,It's picked from your farm,Cooperative representative,
F-397,,Nakaseke,1,No,7.0,Yes,ibero,No,,Yes,100% Agricultural,Deed of Property,,No,,Yes,,Yes,,No,,,Yes,,Yes,,Yes,,No,No child labor employed,Yes,,Yes,,Yes,,No,No corruption observed,,,4.187437,1963.0,464.0,2004-03-14 03:00:00Z,0-25%,75-100%,"Matoke, Groundnuts",,Irrigated,"Intercropping, Soil Testing",1.0,2.0,6.0,3.0,0.0,0.0,,1353.0,,2809.0,,2084.0,Nakaseke,Local Trader,
F-398,1.0,Luwero,1,no,6.0,no,,no,,yes,Agricultural Use,Customary,,no,,yes,,yes,,yes,yes,,yes,,yes,,yes,,no,,yes,,yes,,yes,,no,,6.5,1103.2,1.760384,1350.0,1350.0,2009-05-07 03:00:00Z,0-25%,75-100%,"['Bananas', 'Beans']",,Rainfed,"['Using Fertilizers', 'Pruning', 'Weeding', 'Intercropping']",1.0,0.0,0.0,2.0,1.0,0.0,500.0,450.0,1000.0,1000.0,,500.0,It's picked from your farm,Supplier,
F-399,1.0,Kayunga,1,yes,9.0,no,,no,,no,Natural forest,Customary,,no,,yes,,yes,,yes,yes,,yes,,yes,,yes,,no,,yes,,yes,,yes,,no,,2.3,1101.4,1.613883,1600.0,1600.0,1990-09-09 03:00:00Z,0-25%,75-100%,['Bananas'],,Rainfed,['Using Fertilizers'],1.0,1.0,1.0,6.0,1.0,0.0,1600.0,800.0,3200.0,3200.0,,1600.0,It's picked from your farm,Supplier,
F-400,1.0,Luwero,1,yes,8.0,no,,no,,no,Agricultural Use,Agreement/lease,,no,,yes,,yes,,no,,,yes,,yes,,yes,,no,,yes,,yes,,yes,,no,,9.0,1110.0,1.314283,1310.0,1260.0,2011-07-21 03:00:00Z,0-25%,75-100%,['Bananas'],,Rainfed,"['Using Fertilizers', 'Pruning', 'Weeding', 'Intercropping']",3.0,0.0,0.0,3.0,3.0,0.0,1350.0,1200.0,2700.0,2700.0,,1350.0,It's picked from your farm,Supplier,
F-401,,Nakaseke,4,No,4.0,No,,No,,Yes,100% Agricultural,Other,,No,,Yes,,Yes,,No,,,Yes,,Yes,,Yes,,No,No child labor employed,Yes,,Yes,,Yes,,No,No corruption observed,,,4.463714,71.0,1469.0,2011-03-18 03:00:00Z,0-25%,75-100%,"Bananas, Cassava",,Rainfed,"Composting, Pest Management",5.0,10.0,10.0,4.0,12.0,0.0,,1088.0,,2161.0,,1924.0,Nakaseke,Local Trader,
F-402,1.0,Kayunga,1,yes,8.0,no,,no,,yes,Agricultural Use,Agreement/lease,,no,,yes,,yes,,no,,,yes,,yes,,yes,,no,,yes,,yes,,yes,,no,,1.2958118,1049.771,0.41157,1200.0,1000.0,2015-07-08 03:00:00Z,0-25%,75-100%,['Bananas'],,Rainfed,"['Using Fertilizers', 'Weeding', 'Intercropping']",4.0,4.0,2.0,6.0,8.0,0.0,900.0,900.0,2000.0,2000.0,1000.0,1000.0,It's picked from your farm,Supplier,
F-403,1.0,Kayunga,1,yes,5.0,no,,no,,yes,Agricultural Use,Agreement/lease,,no,,yes,,yes,,yes,yes,,yes,,yes,,Yes,,no,,yes,,yes,,yes,,no,,1.2695934,1085.144,1.790641,1050.0,1000.0,2009-05-12 03:00:00Z,0-25%,75-100%,['Bananas'],,Rainfed,['Using Fertilizers'],0.0,0.0,0.0,4.0,0.0,0.0,800.0,600.0,1000.0,1000.0,,800.0,It's picked from your farm,Cooperative representative,
F-404,1.0,Kayunga,1,yes,7.0,no,,no,,yes,Agricultural Use,Title,,no,,yes,,yes,,no,,,yes,,yes,,yes,,no,,yes,,yes,,yes,,no,,6.9,1102.1,0.183482,650.0,600.0,1990-04-10 03:00:00Z,0-25%,75-100%,"['Bananas', 'Beans']",,Rainfed,"['Using Fertilizers', 'Pruning', 'Weeding', 'Intercropping']",1.0,2.0,2.0,1.0,0.0,0.0,650.0,500.0,1300.0,1300.0,,650.0,It's picked from your farm,Supplier,
F-405,1.0,Luwero,1,yes,8.0,no,,no,,yes,Agricultural Use,Agreement/lease,,no,,yes,,yes,,no,,,yes,,yes,,yes,,no,,yes,,yes,,yes,,no,,10.5,1129.0,2.519801,1250.0,1200.0,2010-09-12 03:00:00Z,0-25%,75-100%,['Bananas'],,Rainfed,"['Using Fertilizers', 'Pruning', 'Weeding', 'Intercropping']",2.0,1.0,0.0,3.0,3.0,0.0,1250.0,1200.0,2700.0,2700.0,,1250.0,It's picked from your farm,Supplier,
F-406,1.0,Kayunga,1,yes,5.0,no,,no,,yes,Agricultural Use,Agreement/lease,,no,,yes,,yes,,yes,yes,,yes,,yes,,yes,,no,,yes,,yes,,yes,,no,,8.0,1072.4,0.32372,1000.0,1000.0,2009-09-09 03:00:00Z,0-25%,75-100%,['Bananas'],,Rainfed,"['Using Fertilizers', 'Pruning', 'Weeding']",4.0,1.0,4.0,1.0,5.0,0.0,1000.0,800.0,2000.0,2000.0,,1000.0,It's picked from your farm,Supplier,
F-407,1.0,Kayunga,1,yes,14.0,no,,no,,yes,Agricultural Use,Agreement/lease,,no,,yes,,yes,,no,,,yes,,yes,,yes,,no,,yes,,yes,,yes,,no,,1.666,1035.3,2.384244,1400.0,1000.0,2000-04-12 03:00:00Z,0-25%,75-100%,"['Bananas', 'Beans']",,Rainfed,"['Using Fertilizers', 'Pruning', 'Weeding', 'Intercropping']",3.0,3.0,1.0,5.0,6.0,0.0,750.0,650.0,1500.0,1500.0,,750.0,It's picked from your farm,Hulling Station representative,
F-408,,Luwero,5,No,5.0,No,,No,,No,100% Agricultural,Other,,No,,No,Lack of resources for buffer zones,Yes,,No,,,Yes,,No,,Yes,,No,No child labor employed,Yes,Irregular schedules due to seasonal work,Yes,Lack of training on rights,Yes,,No,No corruption observed,,,3.105909,260.0,666.0,,0-25%,75-100%,"Bananas, Cassava",,Rainfed,"Composting, Pest Management",1.0,1.0,1.0,5.0,0.0,0.0,,220.0,,4200.0,,1249.0,Luwero,Local Trader,
F-409,1.0,Luwero,1,yes,7.0,no,,no,,yes,Agricultural Use,Customary,,no,,yes,,yes,,yes,yes,,yes,,yes,,yes,,no,,yes,,yes,,yes,,no,,5.3,1136.5,4.100492,2250.0,2000.0,2007-05-06 03:00:00Z,0-25%,75-100%,"['Bananas', 'Beans']",,Rainfed,"['Pruning', 'Weeding', 'Intercropping']",2.0,0.0,2.0,8.0,3.0,0.0,1000.0,900.0,2000.0,2000.0,,1000.0,It's picked from your farm,Supplier,
F-410,1.0,Kayunga,1,yes,6.0,no,,no,,yes,Agricultural Use,Agreement/lease,,no,,yes,,yes,,yes,yes,,yes,,yes,,yes,,no,,yes,,yes,,yes,,no,,2.075,1053.4,0.514928,900.0,500.0,2020-05-21 03:00:00Z,0-25%,75-100%,['Bananas'],,Rainfed,"['Using Fertilizers', 'Weeding', 'Intercropping']",1.0,0.0,0.0,1.0,0.0,0.0,1600.0,1000.0,1400.0,1400.0,,1600.0,It's picked from your farm,Hulling Station representative,
F-411,1.0,Luwero,2,yes,7.0,no,,no,,yes,Agricultural Use,Customary,,no,,yes,,yes,,yes,yes,,yes,,yes,,yes,,no,,yes,,yes,,yes,,no,,9.0,1137.3,4.805989,2250.0,2000.0,2008-05-06 03:00:00Z,0-25%,75-100%,"['Bananas', 'Beans']",,Rainfed,"['Intercropping', 'Weeding', 'Pruning', 'Using Fertilizers']",1.0,0.0,1.0,3.0,1.0,0.0,500.0,450.0,1000.0,1000.0,,500.0,It's picked from your farm,Supplier,
F-412,1.0,Luwero,1,yes,7.0,no,,no,,yes,Agricultural Use,Title,,no,,yes,,yes,,yes,yes,,yes,,yes,,yes,,no,,yes,,yes,,yes,,no,,3.897,1204.272,0.965444,1350.0,1200.0,2009-02-20 03:00:00Z,0-25%,75-100%,['Bananas'],,Rainfed,"['Pruning', 'Weeding', 'Intercropping']",2.0,2.0,0.0,4.0,0.0,0.0,1500.0,750.0,3000.0,3000.0,,1500.0,At a hulling station,Hulling Station representative,
F-413,1.0,Kayunga,1,yes,4.0,no,,no,,yes,Agricultural Use,Agreement/lease,,no,,yes,,yes,,no,,,yes,,yes,,yes,,no,,yes,,yes,,yes,,no,,6.9,1133.5,0.481749,1050.0,1000.0,2000-09-12 03:00:00Z,0-25%,75-100%,"['Bananas', 'Beans']",,Rainfed,"['Intercropping', 'Weeding']",2.0,3.0,2.0,3.0,5.0,0.0,1000.0,850.0,2000.0,2000.0,,1000.0,It's picked from your farm,Supplier,
F-414,1.0,Kayunga,1,yes,7.0,no,,no,,no,Agricultural Use,Agreement/lease,,no,,yes,,yes,,yes,yes,,yes,,yes,,yes,,no,,yes,,yes,,yes,,no,,8.9,1074.4,0.63839,400.0,1200.0,2000-07-10 03:00:00Z,0-25%,75-100%,['Beans'],,Rainfed,['Weeding'],1.0,1.0,1.0,0.0,1.0,0.0,,1700.0,,3600.0,,1800.0,It's picked from your farm,Supplier,
F-415,1.0,Luwero,1,yes,2.0,no,,no,,yes,Agricultural Use,Agreement/lease,,no,,yes,,yes,,yes,yes,,yes,,yes,,yes,,no,,yes,,yes,,yes,,no,,6.22,1092.0,4.641831,1050.0,1000.0,2008-03-01 03:00:00Z,0-25%,75-100%,['Bananas'],,Rainfed,['Using Fertilizers'],1.0,1.0,0.0,2.0,2.0,0.0,200.0,200.0,200.0,200.0,50.0,50.0,It's picked from your farm,Supplier,
F-416,1.0,Luwero,5,yes,14.0,no,,no,,yes,Agricultural Use,Title,,no,,yes,,yes,,no,,,yes,,yes,,yes,,no,,yes,,yes,,yes,,no,,4.3,1149.9,0.833517,1650.0,1600.0,2019-04-01 03:00:00Z,0-25%,75-100%,['Bananas'],,Rainfed,"['Using Fertilizers', 'Pruning', 'Weeding']",5.0,5.0,5.0,5.0,10.0,0.0,1800.0,1500.0,2800.0,2800.0,,1800.0,It's picked from your farm,Supplier,
F-417,1.0,Kayunga,1,yes,10.0,no,,no,,yes,Agricultural Use,Customary,,no,,yes,,yes,,no,,,yes,,yes,,yes,,no,,yes,,yes,,yes,,no,,2.0,1037.5,0.501786,1309.0,1000.0,2014-04-14 03:00:00Z,0-25%,75-100%,"['Bananas', 'Beans']",,Rainfed,"['Using Fertilizers', 'Pruning', 'Weeding', 'Intercropping']",2.0,2.0,0.0,4.0,4.0,0.0,500.0,400.0,1000.0,1000.0,,500.0,It's picked from your farm,Cooperative representative,
F-418,0.0,Luwero,2,Yes,9.0,No,,No,,Yes,100% Agricultural,Lease,,No,,No,,Yes,,No,,,Yes,No interaction with cultural leaders,Yes,,Yes,,No,No child labor employed,Yes,,Yes,,No,,No,No corruption observed,,,3.374188,1000.0,578.0,2000-10-05 03:00:00Z,0-25%,75-100%,"Matoke, Groundnuts",,Rainfed,"Mulching, Pruning",2.0,4.0,10.0,1.0,4.0,0.0,,180.0,,4456.0,,1161.0,Luwero,Local Trader,
F-419,,Nakaseke,1,Yes,2.0,Yes,NAKIVU,No,,Yes,100% Agricultural,Deed of Property,,No,,Yes,,Yes,,No,,,Yes,No interaction with cultural leaders,Yes,,Yes,,No,No child labor employed,Yes,,Yes,,No,,No,No corruption observed,,,4.624144,2000.0,534.0,2010-03-09 03:00:00Z,0-25%,75-100%,"Matoke, Groundnuts",,Rainfed,"Composting, Pest Management",9.0,0.0,0.0,5.0,12.0,0.0,,781.0,,3913.0,,215.0,Nakaseke,Local Trader,
F-420,1.0,Kayunga,1,yes,15.0,no,,no,,yes,Agricultural Use,Agreement/lease,,no,,yes,,yes,,no,,,yes,,yes,,yes,,no,,yes,,yes,,yes,,no,,9.2,1082.3,0.180876,1200.0,1000.0,2000-08-17 03:00:00Z,0-25%,75-100%,['Bananas'],,Rainfed,['Weeding'],5.0,3.0,2.0,6.0,8.0,0.0,1000.0,850.0,2000.0,2000.0,,1000.0,At a hulling station,Supplier,
F-421,1.0,Nakaseke,5,No,3.0,No,,No,,Yes,100% Agricultural,Lease,,No,,Yes,Lack of resources for buffer zones,Yes,,No,,,No,,Yes,,Yes,,No,No child labor employed,Yes,,Yes,Lack of training on rights,Yes,Unaware of tax obligations,No,No corruption observed,,,3.353621,130.0,910.0,2020-03-12 03:00:00Z,0-25%,75-100%,"Matoke, Groundnuts",,Irrigated,"Composting, Pest Management",7.0,2.0,3.0,4.0,2.0,0.0,,1374.0,,4398.0,,1188.0,Nakaseke,Local Trader,
F-422,1.0,Kayunga,1,yes,6.0,no,,no,,yes,Agricultural Use,Customary,,no,,yes,,yes,,no,,,yes,,yes,,yes,,no,,yes,,yes,,yes,,no,,7.6,908.2,0.267161,1250.0,1200.0,2018-08-12 03:00:00Z,0-25%,75-100%,['Beans'],,Rainfed,"['Intercropping', 'Weeding']",5.0,5.0,5.0,5.0,10.0,0.0,1200.0,1100.0,2400.0,2400.0,,1200.0,It's picked from your farm,Supplier,
F-423,1.0,Kayunga,1,yes,10.0,no,,no,,yes,Natural forest,Customary,,no,,yes,,yes,,yes,yes,,yes,,yes,,yes,,no,,yes,,yes,,yes,,no,,8.916,1096.4,1.431336,800.0,600.0,2008-09-09 03:00:00Z,0-25%,75-100%,['Bananas'],,Rainfed,['Using Fertilizers'],1.0,1.0,2.0,1.0,0.0,0.0,600.0,300.0,1200.0,1200.0,,600.0,It's picked from your farm,Supplier,
F-424,,Nakaseke,4,No,3.0,No,,No,,Yes,100% Agricultural,Deed of Property,,No,,No,,Yes,,No,,,No,No interaction with cultural leaders,Yes,,Yes,,No,No child labor employed,Yes,,Yes,Lack of training on rights,Yes,,No,No corruption observed,,,3.576133,100.0,591.0,,0-25%,75-100%,"Maize, Beans",,Rainfed,"Composting, Pest Management",7.0,1.0,5.0,3.0,6.0,0.0,,210.0,,2069.0,,52.0,Nakaseke,Local Trader,
F-425,1.0,Kayunga,1,yes,2.0,no,,no,,no,Natural forest,Customary,,no,,yes,,yes,,yes,yes,,yes,,yes,,yes,,no,,yes,,yes,,yes,,no,,9.948,1105.6,0.756117,800.0,600.0,2012-08-08 03:00:00Z,0-25%,75-100%,['Bananas'],,Rainfed,['Using Fertilizers'],0.0,1.0,1.0,2.0,0.0,0.0,600.0,300.0,1200.0,1200.0,,600.0,It's picked from your farm,Supplier,
F-426,1.0,Kayunga,1,yes,6.0,no,,no,,no,Agricultural Use,Agreement/lease,,no,,yes,,yes,,no,,,yes,,yes,,yes,,no,,yes,,yes,,yes,,no,,1.2258081,1099.945,0.195129,1300.0,1000.0,2000-05-07 03:00:00Z,0-25%,75-100%,['Bananas'],,Rainfed,"['Using Fertilizers', 'Pruning', 'Weeding', 'Intercropping']",8.0,2.0,2.0,8.0,10.0,0.0,1000.0,900.0,2000.0,2000.0,,1000.0,It's picked from your farm,Supplier,
F-427,1.0,Kayunga,1,yes,6.0,no,,no,,no,Agricultural Use,Agreement/lease,,no,,yes,,yes,,no,,,yes,,yes,,yes,,no,,yes,,yes,,yes,,no,,0.81274956,1070.669,3.193029,1700.0,1500.0,2009-06-08 03:00:00Z,0-25%,75-100%,['Bananas'],,Rainfed,"['Pruning', 'Weeding', 'Intercropping']",10.0,2.0,6.0,6.0,12.0,0.0,,1350.0,,3000.0,,1500.0,At a hulling station,Supplier,
F-428,1.0,Luwero,1,yes,5.0,no,,no,,yes,Agricultural Use,Title,,no,,yes,,yes,,no,,,yes,,yes,,yes,,no,,yes,,yes,,yes,,no,,1.323,1173.292,1.059402,635.0,600.0,2018-02-14 03:00:00Z,0-25%,75-100%,['Bananas'],,Rainfed,"['Pruning', 'Weeding']",1.0,1.0,0.0,2.0,0.0,0.0,750.0,375.0,1500.0,1500.0,,750.0,somewhere else,other,
F-429,,Luwero,1,Yes,8.0,No,,No,,Yes,100% Agricultural,Other,,No,,Yes,,Yes,,No,,,No,,Yes,,Yes,,No,No child labor employed,Yes,,Yes,,No,Unaware of tax obligations,No,No corruption observed,,,1.187876,220.0,320.0,2018-05-04 03:00:00Z,0-25%,75-100%,"Maize, Beans",,Rainfed,"Mulching, Pruning",6.0,3.0,0.0,1.0,5.0,0.0,,347.0,,1860.0,,2421.0,Luwero,Local Trader,
F-430,,Luwero,1,Yes,8.0,No,,No,,Yes,100% Agricultural,Other,,No,,Yes,,Yes,,No,,,No,,Yes,,Yes,,No,No child labor employed,Yes,,Yes,,No,Unaware of tax obligations,No,No corruption observed,,,5.941341,450.0,320.0,2012-08-15 03:00:00Z,0-25%,75-100%,"Maize, Beans",,Rainfed,"Mulching, Pruning",6.0,3.0,0.0,1.0,5.0,0.0,,347.0,,1860.0,,2421.0,Luwero,Local Trader,
F-431,,Luwero,1,Yes,8.0,No,,No,,Yes,100% Agricultural,Other,,No,,Yes,,Yes,,No,,,No,,Yes,,Yes,,No,No child labor employed,Yes,,Yes,,No,Unaware of tax obligations,No,No corruption observed,,,5.941341,2500.0,320.0,2005-05-02 03:00:00Z,0-25%,75-100%,"Maize, Beans",,Rainfed,"Mulching, Pruning",6.0,3.0,0.0,1.0,5.0,0.0,,347.0,,1860.0,,2421.0,Luwero,Local Trader,
F-432,,Luwero,4,Yes,3.0,No,,No,,Yes,100% Agricultural,Deed of Property,,No,,Yes,,Yes,,No,,,Yes,No interaction with cultural leaders,No,,Yes,,No,No child labor employed,Yes,,Yes,,No,,No,No corruption observed,,,3.137283,470.0,1754.0,2019-03-06 03:00:00Z,0-25%,75-100%,"Bananas, Cassava",,Rainfed,"Mulching, Pruning",13.0,9.0,8.0,5.0,2.0,0.0,,1627.0,,1704.0,,2363.0,Luwero,Local Trader,
F-433,,Nakaseke,2,Yes,2.0,No,,No,,Yes,100% Agricultural,Other,,No,,No,,Yes,,No,,,Yes,,No,,Yes,,No,No child labor employed,Yes,,Yes,,Yes,,No,No corruption observed,,,5.061147,1600.0,1856.0,2021-11-12 03:00:00Z,0-25%,75-100%,,,Rainfed,"Intercropping, Soil Testing",11.0,6.0,7.0,4.0,11.0,0.0,,522.0,,788.0,,1648.0,Nakaseke,Local Trader,
F-434,,Nakaseke,2,Yes,9.0,No,,No,,Yes,100% Agricultural,Lease,,No,,Yes,,Yes,,No,,,No,,Yes,,Yes,,No,No child labor employed,Yes,Irregular schedules due to seasonal work,Yes,Lack of training on rights,Yes,,No,No corruption observed,,,3.694062,2550.0,903.0,2002-04-06 03:00:00Z,0-25%,75-100%,"Maize, Beans",,Rainfed,"Intercropping, Soil Testing",5.0,8.0,0.0,5.0,9.0,0.0,,364.0,,804.0,,1264.0,Nakaseke,Local Trader,
F-435,1.0,Luwero,1,yes,5.0,no,,no,,yes,Agricultural Use,Agreement/lease,,no,,yes,,yes,,yes,yes,,yes,,yes,,yes,,no,,yes,,yes,,yes,,no,,0.01,0.0,0.80272,1050.0,1000.0,1995-10-30 03:00:00Z,0-25%,75-100%,['Beans'],,Rainfed,['Using Fertilizers'],2.0,3.0,0.0,5.0,5.0,0.0,100.0,250.0,200.0,200.0,,100.0,It's picked from your farm,Supplier,
F-436,,Nakaseke,2,Yes,2.0,No,,No,,Yes,100% Agricultural,Deed of Property,,No,,Yes,,Yes,,No,,,Yes,,Yes,,Yes,,No,No child labor employed,Yes,,Yes,,Yes,,No,No corruption observed,,,3.397559,1250.0,2962.0,2000-08-12 03:00:00Z,0-25%,75-100%,"Bananas, Cassava",,Rainfed,"Mulching, Pruning",2.0,2.0,6.0,0.0,0.0,0.0,,932.0,,2280.0,,660.0,Nakaseke,Local Trader,
F-437,,Nakaseke,2,Yes,2.0,No,,No,,Yes,100% Agricultural,Deed of Property,,No,,Yes,,Yes,,No,,,Yes,,Yes,,Yes,,No,No child labor employed,Yes,,Yes,,Yes,,No,No corruption observed,,,0.97496,510.0,2962.0,1990-10-25 03:00:00Z,0-25%,75-100%,"Bananas, Cassava",,Rainfed,"Mulching, Pruning",2.0,2.0,6.0,0.0,0.0,0.0,,932.0,,2280.0,,660.0,Nakaseke,Local Trader,
F-438,1.0,Kayunga,1,yes,7.0,no,,no,,yes,Agricultural Use,Customary,,no,,yes,,yes,,yes,yes,,yes,,yes,,yes,,no,,yes,,yes,,yes,,no,,8.7,1063.2,1.19178,1000.0,1000.0,2000-08-09 03:00:00Z,0-25%,75-100%,['Bananas'],,Rainfed,"['Using Fertilizers', 'Pruning', 'Weeding']",4.0,1.0,3.0,1.0,5.0,0.0,1000.0,800.0,2000.0,2000.0,,1000.0,It's picked from your farm,Supplier,
F-439,1.0,Kayunga,1,yes,2.0,no,,no,,no,Agricultural Use,Customary,,no,,yes,,yes,,no,,,yes,,yes,,yes,,no,,yes,,yes,,yes,,no,,2.6,1104.5,2.055455,850.0,800.0,2011-05-08 03:00:00Z,0-25%,75-100%,['Sorghum'],,Rainfed,['Intercropping'],4.0,3.0,4.0,3.0,7.0,0.0,750.0,750.0,1600.0,1600.0,800.0,800.0,It's picked from your farm,Supplier,
F-440,1.0,Kayunga,1,yes,4.0,no,,no,,yes,Agricultural Use,Customary,,no,,yes,,yes,,no,,,yes,,yes,,yes,,no,,yes,,yes,,yes,,no,,3.9,1054.19999999999,1.044513,1050.0,1000.0,2007-05-12 03:00:00Z,0-25%,75-100%,"['Bananas', 'Beans']",,Rainfed,"['Intercropping', 'Weeding']",3.0,2.0,3.0,2.0,5.0,0.0,1000.0,850.0,2000.0,2000.0,,1000.0,At a hulling station,Supplier,
F-441,1.0,Kayunga,1,yes,2.0,no,,no,,yes,Agricultural Use,Agreement/lease,,no,,yes,,yes,,no,,,yes,,yes,,yes,,no,,yes,,yes,,yes,,no,,9.3,1065.1,0.577247,1300.0,1250.0,2015-05-11 03:00:00Z,0-25%,75-100%,"['Bananas', 'Beans']",,Rainfed,['Weeding'],4.0,2.0,4.0,2.0,8.0,0.0,1000.0,900.0,2000.0,2000.0,,1000.0,At a hulling station,Supplier,
F-442,1.0,Kayunga,1,yes,8.0,no,,no,,yes,Agricultural Use,Agreement/lease,,no,,yes,,yes,,no,,,yes,,yes,,yes,,no,,yes,,yes,,yes,,no,,1.237887,1085.295,1.265135,1750.0,1500.0,2003-06-08 03:00:00Z,0-25%,75-100%,['Bananas'],,Rainfed,"['Using Fertilizers', 'Pruning', 'Intercropping', 'Weeding']",6.0,4.0,4.0,6.0,10.0,0.0,1500.0,1350.0,3000.0,3000.0,,1500.0,It's picked from your farm,Supplier,
F-443,1.0,Kayunga,2,yes,5.0,no,,no,,yes,Agricultural Use,Agreement/lease,,no,,yes,,yes,,yes,yes,,yes,,yes,,yes,,no,,yes,,yes,,yes,,no,,12.0,1052.7,0.257165,1000.0,1000.0,2009-07-09 03:00:00Z,0-25%,75-100%,"['Bananas', 'Beans']",,Rainfed,"['Using Fertilizers', 'Pruning', 'Weeding', 'Intercropping']",3.0,2.0,4.0,1.0,5.0,0.0,1000.0,700.0,2000.0,2000.0,,1000.0,At a hulling station,Supplier,
F-444,1.0,Kayunga,More than 10,yes,5.0,no,,no,,no,Agricultural Use,Title,,no,,yes,,yes,,yes,yes,,yes,,yes,,yes,,no,,yes,,yes,,yes,,no,,6.5,1087.8,2.176069,58.0,42.0,2009-09-12 03:00:00Z,0-25%,75-100%,"['Bananas', 'Millet', 'Beans']",,Both(Rainfed+Irrigated),['Using Fertilizers'],2.0,8.0,11.0,32.0,4.0,3.0,55.0,75.0,600.0,600.0,,55.0,At a hulling station,Supplier,
F-445,1.0,Kayunga,1,no,3.0,no,,no,,no,Agricultural Use,Agreement/lease,,no,,yes,,yes,,no,,,yes,,yes,,Yes,,no,,yes,,yes,,yes,,no,,2.5,1079.5,1.040625,850.0,800.0,2014-03-12 03:00:00Z,0-25%,75-100%,['Bananas'],,Rainfed,['Using Fertilizers'],0.0,0.0,0.0,3.0,0.0,0.0,700.0,500.0,1000.0,1000.0,,700.0,It's picked from your farm,Cooperative representative,
F-446,1.0,Kayunga,1,yes,3.0,no,,no,,yes,Agricultural Use,Agreement/lease,,no,,yes,,yes,,no,,,yes,,yes,,yes,,no,,yes,,yes,,yes,,no,,2.5,1128.6,1.396306,1150.0,1100.0,1985-02-12 03:00:00Z,0-25%,75-100%,['Bananas'],,Rainfed,"['Weeding', 'Intercropping']",3.0,2.0,4.0,1.0,5.0,0.0,1250.0,1100.0,2500.0,2500.0,,1250.0,At a hulling station,Supplier,
F-447,1.0,Kayunga,1,yes,3.0,no,,no,,yes,Agricultural Use,Agreement/lease,,no,,yes,,yes,,no,,,yes,,yes,,yes,,no,,yes,,yes,,yes,,no,,2.4,1077.1,0.850545,850.0,800.0,2014-01-12 03:00:00Z,0-25%,75-100%,['Bananas'],,Rainfed,"['Weeding', 'Intercropping']",3.0,2.0,3.0,2.0,5.0,0.0,500.0,400.0,1000.0,1000.0,,500.0,At a hulling station,Supplier,
F-448,1.0,Kayunga,2025-05-10 00:00:00,yes,3.0,yes,Bahindi Cooperative,no,,no,Agricultural Use,Title,,no,,yes,,yes,,yes,yes,,yes,,yes,,yes,,no,,yes,,yes,,yes,,no,,1.6860214,1118.686,0.295895,1050.0,1000.0,2001-09-12 03:00:00Z,0-25%,75-100%,['Bananas'],,Both(Rainfed+Irrigated),['Using Fertilizers'],3.0,4.0,15.0,35.0,12.0,2.0,84.0,46.0,90.0,90.0,,84.0,At a hulling station,Supplier,
F-449,1.0,Luwero,1,yes,8.0,no,,no,,no,Agricultural Use,Agreement/lease,,no,,yes,,yes,,no,,,yes,,yes,,yes,,no,,yes,,yes,,yes,,no,,9.9,1126.0,1.301046,2150.0,2100.0,2010-12-12 03:00:00Z,0-25%,75-100%,"['Bananas', 'Beans']",,Rainfed,"['Using Fertilizers', 'Pruning', 'Weeding', 'Intercropping']",5.0,0.0,0.0,5.0,5.0,0.0,2500.0,2300.0,4500.0,4500.0,,2500.0,It's picked from your farm,Supplier,
F-450,1.0,Luwero,1,yes,4.0,no,,no,,yes,Agricultural Use,Title,,no,,yes,,yes,,yes,yes,,yes,,yes,,yes,,no,,yes,,yes,,yes,,no,,3.734,1123.579,0.521075,350.0,350.0,2018-08-10 03:00:00Z,0-25%,75-100%,"['Bananas', 'Beans']",,Rainfed,"['Using Fertilizers', 'Pruning', 'Weeding', 'Intercropping']",8.0,10.0,7.0,12.0,0.0,0.0,1900.0,850.0,1700.0,1700.0,,1900.0,It's picked from your farm,Supplier,
F-451,1.0,Luwero,1,yes,7.0,no,,no,,yes,Agricultural Use,Customary,,no,,yes,,yes,,yes,yes,,yes,,yes,,yes,,no,,yes,,yes,,yes,,no,,8.3,1109.8,0.958407,1350.0,1350.0,2006-06-07 03:00:00Z,0-25%,75-100%,"['Bananas', 'Beans']",,Rainfed,"['Using Fertilizers', 'Pruning', 'Weeding', 'Intercropping']",2.0,0.0,0.0,4.0,2.0,0.0,500.0,450.0,1000.0,1000.0,,500.0,It's picked from your farm,Supplier,
F-452,,Nakaseke,4,Yes,3.0,No,,No,,Yes,100% Agricultural,Customary,,No,,No,,No,Limited knowledge of waste management,No,,,No,No interaction with cultural leaders,Yes,,Yes,,No,No child labor employed,No,,Yes,,Yes,,No,No corruption observed,,,3.430848,2000.0,790.0,2019-05-08 03:00:00Z,0-25%,75-100%,,,Rainfed,"Mulching, Pruning",7.0,8.0,1.0,3.0,1.0,0.0,,1076.0,,1491.0,,1024.0,Nakaseke,Local Trader,
F-453,1.0,Kayunga,1,yes,5.0,no,,no,,no,Agricultural Use,Agreement/lease,,no,,yes,,yes,,yes,yes,,yes,,yes,,Yes,,no,,yes,,yes,,yes,,no,,4.2,1115.7,1.186591,950.0,900.0,2008-05-12 03:00:00Z,0-25%,75-100%,['Bananas'],,Rainfed,['Using Fertilizers'],3.0,0.0,0.0,3.0,0.0,0.0,600.0,400.0,800.0,800.0,,600.0,It's picked from your farm,Cooperative representative,
F-454,1.0,Kayunga,1,yes,1.0,no,,no,,no,Agricultural Use,Title,,no,,yes,,yes,,yes,yes,,yes,,yes,,yes,,no,,yes,,yes,,yes,,no,,10.034,1071.9,0.166327,350.0,300.0,1990-10-09 03:00:00Z,0-25%,75-100%,"['Bananas', 'Cocoa', 'Beans']",,Rainfed,"['Using Fertilizers', 'Pruning', 'Weeding', 'Intercropping']",1.0,0.0,3.0,1.0,0.0,0.0,250.0,200.0,500.0,500.0,,250.0,It's picked from your farm,Supplier,
F-455,1.0,Luwero,1,yes,22.0,no,,no,,yes,Agricultural Use,Customary,,no,,yes,,yes,,no,,,yes,,yes,,yes,,no,,yes,,yes,,yes,,no,,6.3,1162.3,0.739438,1350.0,1300.0,2018-09-12 03:00:00Z,0-25%,75-100%,['Bananas'],,Rainfed,['Intercropping'],10.0,10.0,0.0,22.0,0.0,0.0,100.0,900.0,2000.0,2000.0,,100.0,It's picked from your farm,Supplier,
F-456,1.0,Kayunga,1,yes,8.0,no,,no,,yes,Agricultural Use,Agreement/lease,,no,,yes,,yes,,no,,,yes,,yes,,yes,,no,,yes,,yes,,yes,,no,,1.5366455,1058.323,0.779183,1200.0,1000.0,2008-07-08 03:00:00Z,0-25%,75-100%,['Bananas'],,Rainfed,"['Using Fertilizers', 'Pruning', 'Weeding', 'Intercropping']",8.0,3.0,3.0,8.0,11.0,0.0,1000.0,900.0,2000.0,2000.0,,1000.0,It's picked from your farm,Supplier,
F-457,1.0,Kayunga,1,yes,4.0,no,,no,,no,Agricultural Use,Agreement/lease,,no,,yes,,yes,,no,,,yes,,yes,,yes,,no,,yes,,yes,,yes,,no,,1.3752097,1063.884,0.220712,1300.0,1000.0,2007-07-08 03:00:00Z,0-25%,75-100%,['Bananas'],,Rainfed,"['Using Fertilizers', 'Pruning', 'Weeding', 'Intercropping']",5.0,3.0,4.0,4.0,8.0,0.0,1000.0,900.0,2000.0,2000.0,,1000.0,It's picked from your farm,Cooperative representative,
F-458,1.0,Luwero,1,yes,10.0,yes,Ibero,no,,yes,Agricultural Use,Agreement/lease,,no,,yes,,yes,,no,,,yes,,yes,,yes,,no,,yes,,yes,,yes,,no,,10.9,1110.0,1.824647,450.0,100.0,2017-09-30 03:00:00Z,0-25%,75-100%,"['Bananas', 'Beans']",,Rainfed,"['Pruning', 'Weeding', 'Using Fertilizers']",3.0,2.0,0.0,5.0,0.0,0.0,9000.0,9000.0,9000.0,9000.0,,5000.0,It's picked from your farm,Supplier,
F-459,,Luwero,5,Yes,9.0,No,,No,,Yes,100% Agricultural,Other,,No,,Yes,,Yes,,No,,,No,No interaction with cultural leaders,Yes,,Yes,,No,No child labor employed,Yes,,No,,Yes,,No,No corruption observed,,,4.60354,1650.0,669.0,1990-08-12 03:00:00Z,0-25%,75-100%,"Bananas, Cassava",,Irrigated,"Composting, Pest Management",4.0,4.0,10.0,3.0,2.0,0.0,,122.0,,1172.0,,490.0,Luwero,Local Trader,
F-460,,Luwero,5,Yes,9.0,No,,No,,Yes,100% Agricultural,Other,,No,,Yes,,Yes,,No,,,No,No interaction with cultural leaders,Yes,,Yes,,No,No child labor employed,Yes,,No,,Yes,,No,No corruption observed,,,1.149993,300.0,669.0,2019-05-16 03:00:00Z,0-25%,75-100%,"Bananas, Cassava",,Irrigated,"Composting, Pest Management",4.0,4.0,10.0,3.0,2.0,0.0,,122.0,,1172.0,,490.0,Luwero,Local Trader,
F-461,1.0,Kayunga,1,yes,6.0,no,,no,,yes,Agricultural Use,Title,,no,,yes,,yes,,yes,yes,,yes,,yes,,yes,,no,,yes,,yes,,yes,,no,,9.94,1080.5,1.157044,1350.0,1300.0,1987-09-30 03:00:00Z,0-25%,75-100%,['Bananas'],,Rainfed,['Intercropping'],4.0,0.0,4.0,0.0,4.0,0.0,1950.0,975.0,3900.0,3900.0,,1950.0,It's picked from your farm,Supplier,
F-462,1.0,Kayunga,1,yes,4.0,no,,no,,yes,Agricultural Use,Customary,,no,,yes,,yes,,yes,yes,,yes,,yes,,yes,,no,,yes,,yes,,yes,,no,,13.1,1063.3,0.629068,2000.0,1000.0,2000-08-09 03:00:00Z,0-25%,75-100%,['Bananas'],,Rainfed,"['Using Fertilizers', 'Pruning', 'Weeding']",3.0,2.0,4.0,1.0,5.0,0.0,500.0,450.0,1000.0,1000.0,,500.0,It's picked from your farm,Supplier,
F-463,1.0,Mukono,1,yes,10.0,no,,no,,yes,Agricultural Use,Agreement/lease,,no,,yes,,yes,,no,,,yes,,yes,,yes,,no,,yes,,yes,,yes,,no,,1.8,1038.6,1.092758,1050.0,1000.0,2018-05-12 03:00:00Z,0-25%,75-100%,['Bananas'],,Rainfed,['Intercropping'],7.0,6.0,6.0,7.0,13.0,0.0,900.0,900.0,2000.0,2000.0,1000.0,1000.0,It's picked from your farm,Supplier,
F-464,1.0,Kayunga,1,yes,4.0,no,,no,,yes,Agricultural Use,Agreement/lease,,no,,yes,,yes,,no,,,yes,,yes,,yes,,no,,yes,,yes,,yes,,no,,4.1,1059.3,0.874358,1050.0,1000.0,2019-09-12 03:00:00Z,0-25%,75-100%,['Bananas'],,Rainfed,"['Intercropping', 'Weeding']",5.0,4.0,4.0,5.0,9.0,0.0,850.0,850.0,1000.0,2000.0,1000.0,1000.0,At a hulling station,Supplier,
F-465,1.0,Kayunga,1,no,6.0,no,,no,,no,Agricultural Use,Agreement/lease,,no,,yes,,yes,,no,,,yes,,yes,,Yes,,no,,yes,,yes,,yes,,no,,4.372,1013.9,0.651005,750.0,700.0,2006-03-12 03:00:00Z,0-25%,75-100%,['Bananas'],,Rainfed,['Using Fertilizers'],2.0,0.0,0.0,2.0,0.0,0.0,600.0,400.0,800.0,800.0,,600.0,It's picked from your farm,Cooperative representative,
F-466,1.0,Kayunga,1,yes,20.0,no,,no,,yes,Agricultural Use,Agreement/lease,,no,,yes,,yes,,yes,yes,,yes,,yes,,yes,,no,,yes,,yes,,yes,,no,,1.5,1058.2,1.751497,1000.0,1000.0,2002-08-09 03:00:00Z,0-25%,75-100%,['Bananas'],,Rainfed,"['Using Fertilizers', 'Pruning', 'Weeding']",2.0,2.0,3.0,1.0,4.0,0.0,1000.0,700.0,2000.0,2000.0,,1000.0,It's picked from your farm,Supplier,
F-467,1.0,Kayunga,1,yes,7.0,no,,no,,no,Natural forest,Customary,,no,,yes,,yes,,yes,yes,,yes,,yes,,yes,,no,,yes,,yes,,yes,,no,,2.162,1098.69999999999,0.384791,900.0,800.0,2010-05-07 03:00:00Z,0-25%,75-100%,['Bananas'],,Rainfed,['Using Fertilizers'],1.0,1.0,1.0,2.0,0.0,0.0,800.0,400.0,1600.0,1600.0,,800.0,It's picked from your farm,Supplier,
F-468,,Luwero,2,Yes,6.0,Yes,EOTOYITIDDE,No,,Yes,100% Agricultural,Customary,,No,,Yes,,Yes,,No,,,No,,Yes,,Yes,,No,No child labor employed,Yes,,Yes,Lack of training on rights,No,,No,No corruption observed,,,10.013853,1350.0,1316.0,1990-06-04 03:00:00Z,0-25%,75-100%,"Maize, Beans",,Rainfed,"Composting, Pest Management",10.0,0.0,0.0,5.0,0.0,0.0,,1907.0,,582.0,,2299.0,Luwero,Local Trader,
F-469,,Luwero,2,Yes,6.0,Yes,EOTOYITIDDE,No,,Yes,100% Agricultural,Customary,,No,,Yes,,Yes,,No,,,No,,Yes,,Yes,,No,No child labor employed,Yes,,Yes,Lack of training on rights,No,,No,No corruption observed,,,10.013853,1270.0,1316.0,1976-04-12 03:00:00Z,0-25%,75-100%,"Maize, Beans",,Rainfed,"Composting, Pest Management",10.0,0.0,0.0,5.0,0.0,0.0,,1907.0,,582.0,,2299.0,Luwero,Local Trader,
F-470,,Luwero,2,Yes,6.0,Yes,EOTOYITIDDE,No,,Yes,100% Agricultural,Customary,,No,,Yes,,Yes,,No,,,No,,Yes,,Yes,,No,No child labor employed,Yes,,Yes,Lack of training on rights,No,,No,No corruption observed,,,2.501906,1350.0,1316.0,2022-09-06 03:00:00Z,0-25%,75-100%,"Maize, Beans",,Rainfed,"Composting, Pest Management",10.0,0.0,0.0,5.0,0.0,0.0,,1907.0,,582.0,,2299.0,Luwero,Local Trader,
F-471,,Luwero,2,Yes,6.0,Yes,EOTOYITIDDE,No,,Yes,100% Agricultural,Customary,,No,,Yes,,Yes,,No,,,No,,Yes,,Yes,,No,No child labor employed,Yes,,Yes,Lack of training on rights,No,,No,No corruption observed,,,10.013853,1350.0,1316.0,2018-09-09 03:00:00Z,0-25%,75-100%,"Maize, Beans",,Rainfed,"Composting, Pest Management",10.0,0.0,0.0,5.0,0.0,0.0,,1907.0,,582.0,,2299.0,Luwero,Local Trader,
F-472,1.0,Kayunga,1,yes,4.0,no,,no,,yes,Agricultural Use,Agreement/lease,,no,,yes,,yes,,yes,yes,,yes,,yes,,yes,,no,,yes,,yes,,yes,,no,,0.74471563,1104.469,0.208518,800.0,600.0,2007-05-16 03:00:00Z,0-25%,75-100%,['Bananas'],,Rainfed,['Intercropping'],0.0,0.0,0.0,0.0,0.0,0.0,500.0,400.0,1000.0,800.0,600.0,600.0,It's picked from your farm,other,Highest Bidder
F-473,,Nakaseke,3,Yes,5.0,No,KAPEEKA COFFEE FARMERS CORPORATIVE SOCIETY LTD,No,,Yes,100% Agricultural,Other,,No,,Yes,,Yes,Limited knowledge of waste management,No,,,Yes,,Yes,,Yes,,No,No child labor employed,Yes,,Yes,Lack of training on rights,Yes,,No,No corruption observed,,,6.76245,2000.0,1133.0,1990-08-21 03:00:00Z,0-25%,75-100%,"Matoke, Groundnuts",,Rainfed,"Mulching, Pruning",3.0,2.0,0.0,4.0,0.0,0.0,,166.0,,2544.0,,1637.0,Nakaseke,Local Trader,
F-474,,Nakaseke,5,No,10.0,Yes,WOTOYITIDDE,No,,Yes,100% Agricultural,Other,,No,,Yes,,Yes,,No,,,Yes,,Yes,,Yes,,No,No child labor employed,Yes,,Yes,,No,,No,No corruption observed,,,3.391389,225.0,1784.0,1993-04-04 03:00:00Z,0-25%,75-100%,"Maize, Beans",,Rainfed,"Intercropping, Soil Testing",14.0,6.0,3.0,0.0,12.0,0.0,,485.0,,2460.0,,973.0,Nakaseke,Local Trader,
F-475,1.0,Luwero,1,yes,3.0,no,,no,,yes,Agricultural Use,Agreement/lease,,no,,yes,,yes,,no,,,yes,,yes,,yes,,no,,yes,,yes,,yes,,no,,2.2,1090.3,2.042351,350.0,280.0,2021-03-26 03:00:00Z,0-25%,75-100%,['Bananas'],,Rainfed,"['Weeding', 'Pruning']",3.0,0.0,1.0,2.0,3.0,0.0,4250.0,3825.0,9000.0,9000.0,5000.0,4500.0,It's picked from your farm,Supplier,
F-476,1.0,Luwero,1,yes,4.0,no,,no,,yes,Agricultural Use,Customary,,no,,yes,,yes,,no,,,yes,,yes,,yes,,no,,yes,,yes,,yes,,no,,11.1,1121.9,0.309249,2850.0,2800.0,2018-09-12 03:00:00Z,0-25%,75-100%,"['Bananas', 'Beans']",,Rainfed,['Intercropping'],2.0,2.0,0.0,4.0,0.0,0.0,50.0,800.0,2000.0,2000.0,,50.0,It's picked from your farm,Supplier,
F-477,,Luwero,5,Yes,8.0,No,NALUVULE WOTOYITIDDE COFFEE FARMERS AND CORPORATIVE SOCIETY LTD,No,,Yes,100% Agricultural,Customary,,No,,Yes,,No,,No,,,Yes,No interaction with cultural leaders,Yes,,Yes,,No,No child labor employed,Yes,,No,,Yes,,No,No corruption observed,,,3.230749,2000.0,610.0,1960-08-15 03:00:00Z,0-25%,75-100%,"Bananas, Cassava",,Rainfed,"Composting, Pest Management",13.0,13.0,7.0,4.0,3.0,0.0,,1316.0,,2281.0,,2435.0,Luwero,Local Trader,
F-478,,Luwero,5,Yes,8.0,No,NALUVULE WOTOYITIDDE COFFEE FARMERS AND CORPORATIVE SOCIETY LTD,No,,Yes,100% Agricultural,Customary,,No,,Yes,,No,,No,,,Yes,No interaction with cultural leaders,Yes,,Yes,,No,No child labor employed,Yes,,No,,Yes,,No,No corruption observed,,,2.490308,800.0,610.0,1989-09-23 03:00:00Z,0-25%,75-100%,"Bananas, Cassava",,Rainfed,"Composting, Pest Management",13.0,13.0,7.0,4.0,3.0,0.0,,1316.0,,2281.0,,2435.0,Luwero,Local Trader,
F-479,,Luwero,1,No,8.0,No,,No,,Yes,100% Agricultural,Other,,No,,Yes,,Yes,,No,,,Yes,No interaction with cultural leaders,Yes,,Yes,,No,No child labor employed,Yes,,Yes,,Yes,Unaware of tax obligations,No,No corruption observed,,,3.536255,60.0,464.0,2015-07-06 03:00:00Z,0-25%,75-100%,,,Irrigated,"Intercropping, Soil Testing",5.0,0.0,1.0,3.0,0.0,0.0,,1890.0,,406.0,,1142.0,Luwero,Local Trader,
F-480,1.0,Luwero,3,no,2.0,no,,no,,yes,Agricultural Use,other,renting,no,,yes,,yes,,no,,,yes,,yes,,yes,,no,,yes,,yes,,yes,,no,,9.1,1121.1,0.408648,60.0,10.0,1990-03-12 03:00:00Z,0-25%,75-100%,['Bananas'],,Rainfed,['Using Fertilizers'],1.0,1.0,1.0,1.0,1.0,1.0,1.0,100.0,1.0,1.0,,1.0,It's picked from your farm,other,
F-481,1.0,Luwero,1,yes,10.0,no,,no,,yes,Agricultural Use,Customary,,no,,yes,,yes,,yes,yes,,yes,,yes,,yes,,no,,yes,,yes,,yes,,no,,9.0,1124.3,0.698734,2250.0,2250.0,2006-06-07 03:00:00Z,0-25%,75-100%,['Bananas'],,Rainfed,"['Using Fertilizers', 'Pruning', 'Weeding', 'Intercropping']",1.0,0.0,1.0,3.0,1.0,0.0,1000.0,900.0,2000.0,2000.0,,1000.0,It's picked from your farm,Supplier,
F-482,1.0,Kayunga,1,yes,5.0,no,,no,,no,Agricultural Use,Agreement/lease,,no,,yes,,yes,,yes,yes,,yes,,yes,,Yes,,no,,yes,,yes,,yes,,no,,2.5112102,1101.615,0.401745,850.0,800.0,2005-03-19 03:00:00Z,0-25%,75-100%,['Bananas'],,Rainfed,['Using Fertilizers'],3.0,0.0,2.0,3.0,0.0,0.0,690.0,400.0,900.0,900.0,,690.0,It's picked from your farm,Cooperative representative,
F-483,1.0,Kayunga,1,yes,8.0,no,,no,,no,Agricultural Use,Agreement/lease,,no,,yes,,yes,,yes,yes,,yes,,yes,,yes,,no,,yes,,yes,,yes,,no,,11.1,1134.6,0.34644,2050.0,2000.0,1983-02-17 03:00:00Z,0-25%,75-100%,"['Bananas', 'Beans']",,Rainfed,"['Pruning', 'Weeding', 'Intercropping']",1.0,1.0,1.0,0.0,1.0,0.0,3000.0,2900.0,6000.0,6000.0,,3000.0,It's picked from your farm,Supplier,
F-484,,Nakaseke,2,Yes,4.0,Yes,WOTOYITIDDE,No,,Yes,100% Agricultural,Customary,,No,,Yes,Lack of resources for buffer zones,Yes,,No,,,Yes,,Yes,,Yes,,No,No child labor employed,Yes,,No,Lack of training on rights,Yes,,No,No corruption observed,,,3.264859,225.0,265.0,2004-09-12 03:00:00Z,0-25%,75-100%,"Bananas, Cassava",,Rainfed,"Mulching, Pruning",10.0,3.0,6.0,5.0,2.0,0.0,,553.0,,4351.0,,181.0,Nakaseke,Local Trader,
F-485,,Nakaseke,3,Yes,10.0,No,,No,,No,100% Agricultural,Deed of Property,,No,,Yes,,Yes,,No,,,No,,Yes,,Yes,,No,No child labor employed,Yes,,Yes,,Yes,Unaware of tax obligations,No,No corruption observed,,,3.096178,800.0,2172.0,2020-12-11 03:00:00Z,0-25%,75-100%,"Maize, Beans",,Rainfed,"Intercropping, Soil Testing",4.0,6.0,6.0,5.0,4.0,0.0,,1215.0,,461.0,,135.0,Nakaseke,Local Trader,
F-486,1.0,Kayunga,1,yes,3.0,no,,no,,yes,Agricultural Use,Agreement/lease,,no,,yes,,yes,,yes,yes,,yes,,yes,,yes,,no,,yes,,yes,,yes,,no,,5.3,1068.9,1.075237,1200.0,1000.0,2003-02-09 03:00:00Z,0-25%,75-100%,['Bananas'],,Rainfed,"['Using Fertilizers', 'Pruning', 'Weeding']",3.0,1.0,2.0,2.0,4.0,0.0,1000.0,800.0,2000.0,2000.0,,1000.0,It's picked from your farm,Supplier,
F-487,,Nakaseke,3,Yes,3.0,No,,No,,Yes,100% Agricultural,Customary,,No,,Yes,,Yes,,No,,,No,,Yes,,Yes,,No,No child labor employed,Yes,,Yes,,Yes,,No,No corruption observed,,,4.225513,1640.0,1587.0,2000-08-12 03:00:00Z,0-25%,75-100%,,,Rainfed,"Intercropping, Soil Testing",5.0,3.0,1.0,4.0,1.0,0.0,,1964.0,,4764.0,,2318.0,Nakaseke,Local Trader,
F-488,1.0,Luwero,1,yes,4.0,no,,no,,yes,Agricultural Use,Agreement/lease,,no,,yes,,yes,,no,,,yes,,yes,,yes,,no,,yes,,yes,,yes,,no,,6.327,1085.901,8.39906,1250.0,1200.0,2000-08-21 03:00:00Z,0-25%,75-100%,['Bananas'],,Rainfed,['Weeding'],1.0,1.0,2.0,4.0,1.0,0.0,500.0,300.0,1000.0,1000.0,,500.0,It's picked from your farm,Supplier,
F-489,1.0,Luwero,1,yes,2.0,no,,no,,no,Agricultural Use,Agreement/lease,,no,,yes,,yes,,yes,yes,,yes,,yes,,yes,,no,,yes,,yes,,yes,,no,,0.781,1099.666,0.49151,90.0,90.0,2018-09-12 03:00:00Z,0-25%,75-100%,"['Bananas', 'Beans']",,Rainfed,"['Pruning', 'Weeding', 'Intercropping']",1.0,1.0,0.0,2.0,2.0,0.0,,200.0,,200.0,,200.0,It's picked from your farm,Supplier,
F-490,1.0,Luwero,1,yes,27.0,no,,no,,yes,Agricultural Use,Title,,no,,yes,,yes,,yes,yes,,yes,,yes,,yes,,no,,yes,,yes,,yes,,no,,1.158,1104.27,2.874441,1250.0,1200.0,1986-03-10 03:00:00Z,0-25%,75-100%,['Bananas'],,Rainfed,"['Weeding', 'Pruning']",3.0,2.0,0.0,5.0,0.0,0.0,4800.0,1200.0,2400.0,2400.0,,4800.0,It's picked from your farm,Supplier,
F-491,1.0,Kayunga,2,yes,2.0,no,,no,,no,Agricultural Use,Title,,no,,yes,,yes,,yes,yes,,yes,,yes,,yes,,no,,yes,,yes,,yes,,no,,8.79,1087.67321777343,7.713556,450.0,100.0,2000-12-12 03:00:00Z,0-25%,75-100%,['Bananas'],,Rainfed,['Using Fertilizers'],0.0,0.0,0.0,0.0,0.0,0.0,25.0,23.0,50.0,50.0,,25.0,It's picked from your farm,Supplier,
F-492,1.0,Kayunga,1,no,2.0,no,,no,,no,Agricultural Use,Title,,no,,yes,,yes,,yes,yes,,yes,,yes,,yes,,no,,yes,,yes,,yes,,no,,2.1,1096.8,0.110192,650.0,600.0,2013-01-02 03:00:00Z,0-25%,75-100%,"['Bananas', 'Tobacco']",,Rainfed,"['Using Fertilizers', 'Weeding', 'Intercropping']",1.0,0.0,0.0,1.0,0.0,0.0,600.0,300.0,1200.0,1200.0,,600.0,It's picked from your farm,Supplier,
F-493,1.0,Kayunga,1,yes,6.0,no,,no,,yes,Agricultural Use,Agreement/lease,,no,,yes,,yes,,no,,,yes,,yes,,yes,,no,,yes,,yes,,yes,,no,,3.6,1054.3,0.604958,1050.0,1000.0,1997-08-12 03:00:00Z,0-25%,75-100%,"['Bananas', 'Beans']",,Rainfed,"['Intercropping', 'Weeding']",3.0,4.0,3.0,4.0,7.0,0.0,1000.0,850.0,2000.0,2000.0,,1000.0,It's picked from your farm,Supplier,
F-494,1.0,Luwero,2,yes,7.0,no,,no,,yes,Agricultural Use,Agreement/lease,,no,,yes,,yes,,yes,yes,,yes,,yes,,yes,,no,,yes,,yes,,yes,,no,,11.0,1128.0,6.019292,360.0,100.0,2013-08-25 03:00:00Z,0-25%,75-100%,['Bananas'],,Rainfed,"['Using Fertilizers', 'Pruning', 'Weeding']",4.0,1.0,0.0,5.0,0.0,0.0,3000.0,6000.0,6000.0,6000.0,,3000.0,It's picked from your farm,Supplier,
F-495,,Nakaseke,4,Yes,2.0,No,,No,,Yes,100% Agricultural,Deed of Property,,No,,Yes,,Yes,,No,,,No,No interaction with cultural leaders,Yes,,Yes,,No,No child labor employed,Yes,,Yes,Lack of training on rights,Yes,,No,No corruption observed,,,6.019292,423.0,406.0,2020-05-30 03:00:00Z,0-25%,75-100%,"Maize, Beans",,Rainfed,"Mulching, Pruning",1.0,0.0,4.0,0.0,6.0,0.0,,941.0,,388.0,,1132.0,Nakaseke,Local Trader,
F-496,1.0,Luwero,3,yes,8.0,no,,no,,yes,Agricultural Use,Agreement/lease,,no,,yes,,yes,,no,,,yes,,yes,,yes,,no,,yes,,yes,,yes,,no,,7.0,1164.40002441406,11.36375,3550.0,3500.0,2018-09-12 03:00:00Z,0-25%,75-100%,['Bananas'],,Rainfed,['Intercropping'],7.0,1.0,0.0,8.0,0.0,0.0,100.0,900.0,2000.0,2000.0,,100.0,It's picked from your farm,Supplier,
F-497,,Luwero,2,No,3.0,No,,No,,Yes,100% Agricultural,Lease,,No,,Yes,,Yes,,No,,,Yes,,Yes,,Yes,,No,No child labor employed,Yes,,No,,Yes,,No,No corruption observed,,,13.6695,2500.0,2349.0,2000-09-12 03:00:00Z,0-25%,75-100%,"Bananas, Cassava",,Rainfed,"Intercropping, Soil Testing",7.0,4.0,2.0,4.0,3.0,0.0,,1795.0,,1969.0,,1585.0,Luwero,Local Trader,
F-498,1.0,Luwero,1,yes,5.0,no,,no,,yes,Agricultural Use,Agreement/lease,,no,,yes,,yes,,no,,,yes,,yes,,yes,,no,,yes,,yes,,yes,,no,,16.0,1075.0,6.108817,2550.0,2500.0,2011-09-12 03:00:00Z,0-25%,75-100%,['Bananas'],,Rainfed,"['Using Fertilizers', 'Pruning', 'Weeding', 'Intercropping']",4.0,2.0,6.0,6.0,6.0,0.0,2520.0,2300.0,5400.0,5400.0,,2520.0,It's picked from your farm,Supplier,
F-499,1.0,Luwero,1,no,5.0,no,,no,,yes,Agricultural Use,Agreement/lease,,no,,yes,,yes,,no,,,yes,,yes,,yes,,no,,yes,,yes,,yes,,no,,14.0,1093.0,2.124217,1250.0,1200.0,2011-08-12 03:00:00Z,0-25%,75-100%,['Bananas'],,Rainfed,"['Pruning', 'Weeding', 'Intercropping']",2.0,2.0,0.0,4.0,4.0,0.0,1250.0,1200.0,2700.0,2700.0,,1250.0,It's picked from your farm,Supplier,
F-500,1.0,Kayunga,1,yes,6.0,no,,no,,no,Natural forest,Customary,,no,,yes,,yes,,yes,yes,,yes,,yes,,yes,,no,,yes,,yes,,yes,,no,,8.5,1084.4,0.291518,1200.0,1000.0,2000-09-09 03:00:00Z,0-25%,75-100%,['Bananas'],,Rainfed,['Using Fertilizers'],1.0,1.0,1.0,2.0,1.0,1.0,1000.0,500.0,2000.0,2000.0,,1000.0,It's picked from your farm,Supplier,
F-501,1.0,Kayunga,1,yes,5.0,no,,no,,no,Agricultural Use,Agreement/lease,,no,,yes,,yes,,yes,yes,,yes,,yes,,Yes,,no,,yes,,yes,,yes,,no,,3.8,1086.3,1.910419,850.0,800.0,2010-12-04 03:00:00Z,0-25%,75-100%,['Bananas'],,Rainfed,['Using Fertilizers'],2.0,0.0,0.0,2.0,0.0,0.0,600.0,300.0,800.0,800.0,,600.0,It's picked from your farm,Cooperative representative,
F-502,1.0,Nakaseke,4,No,10.0,No,,No,,Yes,100% Agricultural,Deed of Property,,No,,Yes,,Yes,Limited knowledge of waste management,No,,,Yes,,Yes,,Yes,,No,No child labor employed,Yes,,Yes,,Yes,,No,No corruption observed,,,3.365751,400.0,400.0,2005-04-20 03:00:00Z,0-25%,75-100%,"Bananas, Cassava",,Irrigated,"Intercropping, Soil Testing",3.0,3.0,0.0,5.0,0.0,0.0,,1295.0,,3748.0,,1527.0,Nakaseke,Local Trader,
F-503,1.0,Nakaseke,4,No,10.0,No,,No,,Yes,100% Agricultural,Deed of Property,,No,,Yes,,Yes,Limited knowledge of waste management,No,,,Yes,,Yes,,Yes,,No,No child labor employed,Yes,,Yes,,Yes,,No,No corruption observed,,,3.365751,400.0,400.0,1999-09-09 03:00:00Z,0-25%,75-100%,"Bananas, Cassava",,Irrigated,"Intercropping, Soil Testing",3.0,3.0,0.0,5.0,0.0,0.0,,1295.0,,3748.0,,1527.0,Nakaseke,Local Trader,
F-504,1.0,Nakaseke,4,No,10.0,No,,No,,Yes,100% Agricultural,Deed of Property,,No,,Yes,,Yes,Limited knowledge of waste management,No,,,Yes,,Yes,,Yes,,No,No child labor employed,Yes,,Yes,,Yes,,No,No corruption observed,,,1.858206,300.0,400.0,1999-09-01 03:00:00Z,0-25%,75-100%,"Bananas, Cassava",,Irrigated,"Intercropping, Soil Testing",3.0,3.0,0.0,5.0,0.0,0.0,,1295.0,,3748.0,,1527.0,Nakaseke,Local Trader,
F-505,,Nakaseke,1,Yes,3.0,No,,No,,No,100% Agricultural,Lease,,No,,Yes,,Yes,,No,,,No,No interaction with cultural leaders,Yes,,Yes,,No,No child labor employed,Yes,,Yes,,Yes,,No,No corruption observed,,,3.055299,2250.0,498.0,2016-08-12 03:00:00Z,0-25%,75-100%,"Maize, Beans",,Rainfed,"Intercropping, Soil Testing",13.0,13.0,8.0,1.0,11.0,0.0,,997.0,,4848.0,,1812.0,Nakaseke,Local Trader,
F-506,1.0,Luwero,1,yes,7.0,no,,no,,no,Agricultural Use,Agreement/lease,,no,,yes,,yes,,yes,yes,,yes,,yes,,yes,,no,,yes,,yes,,yes,,no,,1.752,1098.0,1.182118,900.0,850.0,2001-03-20 03:00:00Z,0-25%,75-100%,"['Bananas', 'Beans']",,Rainfed,"['Pruning', 'Weeding', 'Intercropping']",1.0,1.0,2.0,0.0,0.0,0.0,3500.0,1875.0,1700.0,1700.0,,3500.0,It's picked from your farm,Supplier,
F-507,,Luwero,3,No,6.0,Yes,WOTOYITIDDE,No,,Yes,100% Agricultural,Other,,No,,Yes,,Yes,,No,,,Yes,No interaction with cultural leaders,Yes,,Yes,,No,No child labor employed,Yes,,Yes,,Yes,,No,No corruption observed,,,2.75331,335.0,3919.0,2016-09-26 03:00:00Z,0-25%,75-100%,"Matoke, Groundnuts",,Rainfed,"Intercropping, Soil Testing",4.0,0.0,3.0,5.0,3.0,0.0,,338.0,,3553.0,,79.0,Luwero,Local Trader,
F-508,,Luwero,3,No,6.0,Yes,WOTOYITIDDE,No,,Yes,100% Agricultural,Other,,No,,Yes,,Yes,,No,,,Yes,No interaction with cultural leaders,Yes,,Yes,,No,No child labor employed,Yes,,Yes,,Yes,,No,No corruption observed,,,2.541519,335.0,3919.0,2015-09-12 03:00:00Z,0-25%,75-100%,"Matoke, Groundnuts",,Rainfed,"Intercropping, Soil Testing",4.0,0.0,3.0,5.0,3.0,0.0,,338.0,,3553.0,,79.0,Luwero,Local Trader,
F-509,,Luwero,3,No,6.0,Yes,WOTOYITIDDE,No,,Yes,100% Agricultural,Other,,No,,Yes,,Yes,,No,,,Yes,No interaction with cultural leaders,Yes,,Yes,,No,No child labor employed,Yes,,Yes,,Yes,,No,No corruption observed,,,2.541519,335.0,3919.0,2007-04-06 03:00:00Z,0-25%,75-100%,"Matoke, Groundnuts",,Rainfed,"Intercropping, Soil Testing",4.0,0.0,3.0,5.0,3.0,0.0,,338.0,,3553.0,,79.0,Luwero,Local Trader,
F-510,1.0,Kayunga,1,yes,8.0,no,,no,,yes,Agricultural Use,Agreement/lease,,no,,yes,,yes,,yes,yes,,yes,,yes,,yes,,no,,yes,,yes,,yes,,no,,2.3,1062.3,2.059217,1800.0,1500.0,2000-03-09 03:00:00Z,0-25%,75-100%,['Bananas'],,Rainfed,"['Using Fertilizers', 'Pruning', 'Weeding', 'Intercropping']",4.0,1.0,4.0,1.0,5.0,0.0,900.0,920.0,2000.0,2200.0,1000.0,1100.0,It's picked from your farm,Supplier,
F-511,,Luwero,1,Yes,10.0,No,,No,,Yes,100% Agricultural,Other,,No,,Yes,,Yes,,No,,,Yes,,Yes,,Yes,,No,No child labor employed,Yes,,Yes,,No,,No,No corruption observed,,,4.006816,1680.0,2289.0,2000-08-10 03:00:00Z,0-25%,75-100%,"Bananas, Cassava",,Irrigated,"Mulching, Pruning",5.0,0.0,6.0,2.0,2.0,0.0,,1976.0,,1926.0,,2248.0,Luwero,Local Trader,
F-512,1.0,Kayunga,1,yes,8.0,no,,no,,yes,Agricultural Use,Agreement/lease,,no,,yes,,yes,,no,,,yes,,yes,,yes,,no,,yes,,yes,,yes,,no,,7.634,1054.6,0.457117,850.0,800.0,1980-09-12 03:00:00Z,0-25%,75-100%,['Bananas'],,Rainfed,"['Intercropping', 'Weeding']",4.0,4.0,4.0,4.0,8.0,0.0,750.0,750.0,1600.0,1600.0,800.0,800.0,At a hulling station,Supplier,
F-513,1.0,Kayunga,1,no,4.0,no,,no,,no,Agricultural Use,Agreement/lease,,no,,yes,,yes,,yes,yes,,yes,,yes,,Yes,,no,,yes,,yes,,yes,,no,,2.5,1082.6,0.957692,950.0,900.0,2009-01-13 03:00:00Z,0-25%,75-100%,['Bananas'],,Rainfed,['Using Fertilizers'],4.0,0.0,0.0,4.0,0.0,0.0,750.0,600.0,1000.0,1000.0,,750.0,It's picked from your farm,Cooperative representative,
F-514,1.0,Kayunga,1,yes,5.0,no,,no,,yes,Agricultural Use,Agreement/lease,,no,,yes,,yes,,no,,,yes,,yes,,Yes,,no,,yes,,yes,,yes,,no,,9.725,1103.437,0.756513,2000.0,2000.0,1993-02-25 03:00:00Z,0-25%,75-100%,"['Bananas', 'Beans']",,Rainfed,"['Pruning', 'Weeding']",0.0,0.0,0.0,0.0,2.0,0.0,2000.0,1950.0,4000.0,4000.0,,2000.0,It's picked from your farm,Hulling Station representative,
F-515,,Luwero,2,No,6.0,No,,No,,Yes,100% Agricultural,Lease,,No,,Yes,,Yes,,No,,,Yes,,Yes,,Yes,,No,No child labor employed,Yes,,Yes,,Yes,,No,No corruption observed,,,0.957165,450.0,2815.0,2019-08-12 03:00:00Z,0-25%,75-100%,"Bananas, Cassava",,Rainfed,"Mulching, Pruning",4.0,1.0,7.0,5.0,8.0,0.0,,798.0,,2794.0,,704.0,Luwero,Local Trader,
F-516,,Luwero,2,No,6.0,No,,No,,Yes,100% Agricultural,Lease,,No,,Yes,,Yes,,No,,,Yes,,Yes,,Yes,,No,No child labor employed,Yes,,Yes,,Yes,,No,No corruption observed,,,3.465675,750.0,2815.0,2000-05-12 03:00:00Z,0-25%,75-100%,"Bananas, Cassava",,Rainfed,"Mulching, Pruning",4.0,1.0,7.0,5.0,8.0,0.0,,798.0,,2794.0,,704.0,Luwero,Local Trader,
F-517,,Luwero,2,No,6.0,No,,No,,Yes,100% Agricultural,Lease,,No,,Yes,,Yes,,No,,,Yes,,Yes,,Yes,,No,No child labor employed,Yes,,Yes,,Yes,,No,No corruption observed,,,3.465675,450.0,2815.0,2017-08-14 03:00:00Z,0-25%,75-100%,"Bananas, Cassava",,Rainfed,"Mulching, Pruning",4.0,1.0,7.0,5.0,8.0,0.0,,798.0,,2794.0,,704.0,Luwero,Local Trader,
F-518,,Luwero,2,No,6.0,No,,No,,Yes,100% Agricultural,Lease,,No,,Yes,,Yes,,No,,,Yes,,Yes,,Yes,,No,No child labor employed,Yes,,Yes,,Yes,,No,No corruption observed,,,3.465675,450.0,2815.0,2000-08-14 03:00:00Z,0-25%,75-100%,"Bananas, Cassava",,Rainfed,"Mulching, Pruning",4.0,1.0,7.0,5.0,8.0,0.0,,798.0,,2794.0,,704.0,Luwero,Local Trader,
F-519,1.0,Kayunga,1,yes,4.0,no,,no,,yes,Agricultural Use,Customary,,no,,yes,,yes,,no,,,yes,,yes,,yes,,no,,yes,,yes,,yes,,no,,2.6,1041.8,1.096057,1450.0,1400.0,2011-07-12 03:00:00Z,0-25%,75-100%,['Bananas'],,Rainfed,"['Intercropping', 'Weeding']",5.0,3.0,6.0,2.0,8.0,0.0,1300.0,1220.0,2600.0,2600.0,,1300.0,It's picked from your farm,Supplier,
F-520,1.0,Nakaseke,5,Yes,6.0,No,,No,,Yes,100% Agricultural,Customary,,No,,Yes,Lack of resources for buffer zones,Yes,,No,,,Yes,,Yes,,Yes,,No,No child labor employed,Yes,,Yes,,No,,No,No corruption observed,,,4.631414,49.0,391.0,2019-03-11 03:00:00Z,0-25%,75-100%,"Maize, Beans",,Rainfed,"Intercropping, Soil Testing",1.0,1.0,0.0,1.0,6.0,0.0,,476.0,,2782.0,,1335.0,Nakaseke,Local Trader,
F-521,,Nakaseke,5,No,6.0,No,,No,,No,100% Agricultural,Other,,No,,No,,Yes,,No,,,Yes,No interaction with cultural leaders,Yes,,Yes,,No,No child labor employed,Yes,,Yes,,Yes,,No,No corruption observed,,,3.358166,1250.0,339.0,1996-08-12 03:00:00Z,0-25%,75-100%,"Matoke, Groundnuts",,Rainfed,"Intercropping, Soil Testing",11.0,0.0,2.0,1.0,11.0,0.0,,948.0,,562.0,,264.0,Nakaseke,Local Trader,
F-522,1.0,Luwero,1,yes,4.0,no,,no,,no,Agricultural Use,Agreement/lease,,no,,yes,,yes,,no,,,yes,,yes,,yes,,no,,yes,,yes,,yes,,no,,14.5,1098.0,2.822586,1250.0,1200.0,2011-09-12 03:00:00Z,0-25%,75-100%,['Bananas'],,Rainfed,"['Using Fertilizers', 'Pruning', 'Weeding', 'Intercropping']",2.0,3.0,5.0,0.0,5.0,0.0,2250.0,2200.0,2700.0,2700.0,,2250.0,It's picked from your farm,Supplier,
F-523,1.0,Kayunga,1,yes,9.0,no,,no,,yes,Agricultural Use,Agreement/lease,,no,,yes,,yes,,yes,yes,,yes,,yes,,yes,,no,,yes,,yes,,yes,,no,,9.5,1201.5,2.294782,1200.0,1200.0,2006-04-09 03:00:00Z,0-25%,75-100%,['Bananas'],,Rainfed,"['Using Fertilizers', 'Pruning', 'Weeding']",4.0,3.0,5.0,2.0,7.0,0.0,1300.0,1000.0,2600.0,2600.0,,1300.0,It's picked from your farm,Supplier,
F-524,1.0,Kayunga,2,yes,9.0,no,,no,,yes,Natural forest,Customary,,no,,yes,,yes,,yes,yes,,yes,,yes,,yes,,no,,yes,,yes,,yes,,no,,2.3,1091.3,0.387223,800.0,600.0,2008-09-09 03:00:00Z,0-25%,75-100%,['Bananas'],,Irrigated,['Using Fertilizers'],1.0,1.0,2.0,2.0,0.0,0.0,600.0,300.0,1200.0,1200.0,,600.0,It's picked from your farm,Supplier,
F-525,1.0,Luwero,1,yes,3.0,no,,no,,yes,Agricultural Use,Agreement/lease,,no,,yes,,yes,,yes,yes,,yes,,yes,,yes,,no,,yes,,yes,,yes,,no,,0.01,0.0,1.692938,1050.0,1000.0,2010-12-30 03:00:00Z,0-25%,75-100%,['Bananas'],,Rainfed,['Using Fertilizers'],2.0,1.0,0.0,3.0,3.0,0.0,200.0,250.0,200.0,200.0,,200.0,It's picked from your farm,Supplier,
F-526,1.0,Luwero,2,No,3.0,No,,No,,Yes,100% Agricultural,Deed of Property,,No,,Yes,,No,,No,,,Yes,,Yes,,Yes,,No,No child labor employed,Yes,,Yes,,Yes,,No,No corruption observed,,,4.508969,2000.0,1458.0,2019-08-23 03:00:00Z,0-25%,75-100%,"Bananas, Cassava",,Rainfed,"Intercropping, Soil Testing",4.0,2.0,0.0,5.0,2.0,0.0,,1926.0,,2772.0,,2347.0,Luwero,Local Trader,
F-527,1.0,Luwero,2,No,3.0,No,,No,,Yes,100% Agricultural,Deed of Property,,No,,Yes,,No,,No,,,Yes,,Yes,,Yes,,No,No child labor employed,Yes,,Yes,,Yes,,No,No corruption observed,,,1.13031,100.0,1458.0,2017-04-28 03:00:00Z,0-25%,75-100%,"Bananas, Cassava",,Rainfed,"Intercropping, Soil Testing",4.0,2.0,0.0,5.0,2.0,0.0,,1926.0,,2772.0,,2347.0,Luwero,Local Trader,
F-528,1.0,Kayunga,2025-05-10 00:00:00,yes,8.0,no,,no,,no,Agricultural Use,Title,,no,,yes,,yes,,yes,yes,,yes,,yes,,yes,,no,,yes,,yes,,yes,,no,,3.216,1071.66943359375,0.774262,200.0,80.0,2007-05-21 03:00:00Z,0-25%,75-100%,['Beans'],,Irrigated,['Using Fertilizers'],15.0,10.0,10.0,40.0,3.0,2.0,100.0,150.0,150.0,150.0,,100.0,It's picked from your farm,Supplier,
F-529,1.0,Luwero,1,yes,10.0,no,,no,,yes,Agricultural Use,Agreement/lease,,no,,yes,,yes,,no,,,yes,,yes,,yes,,no,,yes,,yes,,yes,,no,,9.0,1082.0,3.096672,4250.0,4200.0,2008-12-12 03:00:00Z,0-25%,75-100%,['Bananas'],,Rainfed,"['Using Fertilizers', 'Pruning', 'Weeding', 'Intercropping']",9.0,0.0,9.0,0.0,9.0,0.0,4500.0,4200.0,9000.0,9000.0,,4500.0,It's picked from your farm,Supplier,
F-530,,Luwero,3,Yes,4.0,No,,No,,No,100% Agricultural,Other,,No,,Yes,,Yes,,No,,,Yes,No interaction with cultural leaders,Yes,,Yes,,No,No child labor employed,Yes,,Yes,,Yes,,No,No corruption observed,,,6.329597,950.0,4128.0,2000-04-20 03:00:00Z,0-25%,75-100%,"Maize, Beans",,Irrigated,"Intercropping, Soil Testing",7.0,2.0,2.0,1.0,0.0,0.0,,1927.0,,4348.0,,520.0,Luwero,Local Trader,
F-531,1.0,Kayunga,1,yes,6.0,no,,no,,no,Agricultural Use,Title,,no,,yes,,yes,,no,,,yes,,yes,,yes,,no,,yes,,yes,,yes,,no,,2.3,1099.4,1.298996,1050.0,1000.0,1967-03-03 03:00:00Z,0-25%,75-100%,"['Bananas', 'Beans']",,Rainfed,"['Using Fertilizers', 'Pruning', 'Weeding', 'Intercropping']",2.0,2.0,3.0,1.0,0.0,0.0,800.0,700.0,1600.0,1600.0,,800.0,It's picked from your farm,Supplier,
F-532,1.0,Luwero,1,yes,3.0,no,,no,,yes,Agricultural Use,Title,,no,,yes,,yes,,no,,,yes,,yes,,yes,,no,,yes,,yes,,yes,,no,,3.033,1122.846,2.951265,1730.0,1680.0,2000-05-10 03:00:00Z,0-25%,75-100%,['Bananas'],,Rainfed,"['Weeding', 'Weeding']",3.0,2.0,0.0,5.0,5.0,0.0,1800.0,1680.0,3600.0,3600.0,,1800.0,It's picked from your farm,Supplier,
F-533,1.0,Luwero,1,yes,7.0,no,,no,,yes,Agricultural Use,Title,,no,,yes,,yes,,no,,,yes,,yes,,yes,,no,,yes,,yes,,yes,,no,,0.864,1162.494,2.268129,1350.0,1300.0,2009-02-20 03:00:00Z,0-25%,75-100%,['Bananas'],,Rainfed,"['Weeding', 'Pruning', 'Using Fertilizers']",3.0,1.0,0.0,4.0,0.0,0.0,1500.0,750.0,3000.0,3000.0,,1500.0,At a cooperative,Cooperative representative,
F-534,1.0,Kayunga,1,yes,6.0,no,,no,,yes,Agricultural Use,Agreement/lease,,no,,yes,,yes,,no,,,yes,,yes,,yes,,no,,yes,,yes,,yes,,no,,5.538,1059.8,1.37472,1050.0,1000.0,2000-07-04 03:00:00Z,0-25%,75-100%,"['Bananas', 'Beans']",,Rainfed,"['Intercropping', 'Weeding']",3.0,3.0,3.0,3.0,6.0,0.0,1000.0,850.0,2000.0,2000.0,,1000.0,It's picked from your farm,Supplier,
F-535,1.0,Kayunga,1,yes,8.0,no,,no,,yes,Agricultural Use,Customary,,no,,yes,,yes,,no,,,yes,,yes,,Yes,,no,,yes,,yes,,yes,,no,,2.0,1031.8,0.926222,1000.0,900.0,2007-04-12 03:00:00Z,0-25%,75-100%,"['Bananas', 'Beans']",,Rainfed,"['Using Fertilizers', 'Pruning', 'Intercropping']",1.0,1.0,0.0,2.0,2.0,0.0,600.0,500.0,1200.0,1200.0,,600.0,It's picked from your farm,Supplier,
F-536,,Nakaseke,5,No,6.0,Yes,WOTOYITIDDE,No,,Yes,100% Agricultural,Other,,No,,No,,Yes,Limited knowledge of waste management,No,,,Yes,No interaction with cultural leaders,Yes,,Yes,,No,No child labor employed,Yes,Irregular schedules due to seasonal work,Yes,,Yes,,No,No corruption observed,,,1.560713,1800.0,244.0,2014-09-14 03:00:00Z,0-25%,75-100%,"Maize, Beans",,Rainfed,"Intercropping, Soil Testing",2.0,4.0,5.0,3.0,1.0,0.0,,562.0,,4741.0,,1053.0,Nakaseke,Local Trader,
F-537,,Nakaseke,5,No,6.0,Yes,WOTOYITIDDE,No,,Yes,100% Agricultural,Other,,No,,No,,Yes,Limited knowledge of waste management,No,,,Yes,No interaction with cultural leaders,Yes,,Yes,,No,No child labor employed,Yes,Irregular schedules due to seasonal work,Yes,,Yes,,No,No corruption observed,,,1.791634,450.0,244.0,1990-09-24 03:00:00Z,0-25%,75-100%,"Maize, Beans",,Rainfed,"Intercropping, Soil Testing",2.0,4.0,5.0,3.0,1.0,0.0,,562.0,,4741.0,,1053.0,Nakaseke,Local Trader,
F-538,,Luwero,3,Yes,5.0,No,,No,,Yes,100% Agricultural,Deed of Property,,No,,Yes,,Yes,,No,,,Yes,No interaction with cultural leaders,Yes,Issues with equal pay reported,Yes,,No,No child labor employed,Yes,,Yes,Lack of training on rights,Yes,,No,No corruption observed,,,3.53956,420.0,863.0,2010-04-20 03:00:00Z,0-25%,75-100%,"Maize, Beans",,Irrigated,"Composting, Pest Management",3.0,2.0,4.0,1.0,4.0,0.0,,1015.0,,3051.0,,1963.0,Luwero,Local Trader,
F-539,1.0,Kayunga,1,yes,3.0,no,,no,,yes,Agricultural Use,Agreement/lease,,no,,yes,,yes,,no,,,yes,,yes,,yes,,no,,yes,,yes,,yes,,no,,6.2,1084.8,0.974253,1300.0,1250.0,2013-06-02 03:00:00Z,0-25%,75-100%,"['Bananas', 'Beans']",,Rainfed,['Weeding'],5.0,2.0,4.0,3.0,7.0,0.0,1000.0,900.0,2000.0,2000.0,,1000.0,At a hulling station,Supplier,
F-540,,Nakaseke,4,No,4.0,No,,No,,Yes,100% Agricultural,Lease,,No,,Yes,,No,,No,,,No,,Yes,,Yes,,No,No child labor employed,Yes,Irregular schedules due to seasonal work,Yes,,Yes,,No,No corruption observed,,,5.313394,75.0,574.0,2014-04-04 03:00:00Z,0-25%,75-100%,"Maize, Beans",,Rainfed,"Intercropping, Soil Testing",1.0,5.0,8.0,2.0,4.0,0.0,,477.0,,3991.0,,1107.0,Nakaseke,Local Trader,
F-541,1.0,Luwero,1,yes,5.0,yes,LDC,no,,yes,Agricultural Use,Customary,,no,,yes,,yes,,yes,yes,,yes,,yes,,yes,,no,,yes,,yes,,yes,,no,,1.2307655,1148.58,0.097129,150.0,200.0,2018-03-02 03:00:00Z,75-100%,75-100%,['Bananas'],,Rainfed,['Intercropping'],1.0,3.0,3.0,5.0,1.0,0.0,,200.0,,100.0,,100.0,It's picked from your farm,Supplier,
F-542,1.0,Kayunga,3,yes,3.0,no,,no,,yes,Agricultural Use,Agreement/lease,,no,,yes,,yes,,no,,,yes,,yes,,yes,,no,,yes,,yes,,yes,,no,,8.2,1067.1,1.845795,650.0,600.0,2006-09-24 03:00:00Z,0-25%,75-100%,"['Cocoa', 'Bananas']",,Rainfed,['Weeding'],5.0,0.0,2.0,3.0,0.0,0.0,100.0,60.0,500.0,500.0,,100.0,It's picked from your farm,Cooperative representative,
F-543,1.0,Kayunga,1,yes,5.0,yes,techno serve,no,,yes,Agricultural Use,Title,,no,,yes,,yes,,no,,,yes,,yes,,yes,,no,,yes,,yes,,yes,,no,,2.2,1102.6,1.393311,800.0,730.0,1960-03-13 03:00:00Z,0-25%,75-100%,"['Bananas', 'Beans']",,Rainfed,['Using Fertilizers'],2.0,1.0,2.0,1.0,0.0,0.0,1200.0,1300.0,260.0,280.0,1300.0,1400.0,It's picked from your farm,Cooperative representative,
F-544,1.0,Kayunga,2025-05-10 00:00:00,yes,8.0,no,,no,,no,Agricultural Use,Title,,no,,yes,,yes,,yes,yes,,yes,,yes,,yes,,no,,yes,,yes,,yes,,no,,3.216,1071.26525878906,0.283874,1000.0,90.0,2008-10-10 03:00:00Z,0-25%,75-100%,['Beans'],,Irrigated,['Using Fertilizers'],10.0,10.0,10.0,40.0,5.0,5.0,200.0,200.0,1000.0,1000.0,,200.0,It's picked from your farm,Supplier,
F-545,,Luwero,1,No,9.0,No,,No,,No,100% Agricultural,Customary,,No,,Yes,Lack of resources for buffer zones,Yes,,No,,,Yes,,Yes,,Yes,,No,No child labor employed,Yes,,Yes,,Yes,,No,No corruption observed,,,3.592649,1470.0,333.0,2008-06-20 03:00:00Z,0-25%,75-100%,,,Rainfed,"Intercropping, Soil Testing",4.0,5.0,7.0,2.0,5.0,0.0,,734.0,,3862.0,,1974.0,Luwero,Local Trader,
F-546,,Luwero,1,No,9.0,Yes,Kikamulo cooperative farmers,No,,No,100% Agricultural,Customary,,No,,Yes,Lack of resources for buffer zones,Yes,,No,,,Yes,,Yes,,Yes,,No,No child labor employed,Yes,,Yes,,Yes,,No,No corruption observed,,,4.574118,2250.0,333.0,1999-08-15 03:00:00Z,0-25%,75-100%,,,Rainfed,"Intercropping, Soil Testing",4.0,5.0,7.0,2.0,5.0,0.0,,734.0,,3862.0,,1974.0,Luwero,Local Trader,
F-547,1.0,Kayunga,1,yes,2.0,no,,no,,no,Agricultural Use,Title,,no,,yes,,yes,,yes,yes,,yes,,yes,,yes,,no,,yes,,yes,,yes,,no,,1.866,931.5,1.088525,850.0,800.0,1998-03-22 03:00:00Z,0-25%,75-100%,"['Bananas', 'Sorghum', 'Beans']",,Rainfed,"['Using Fertilizers', 'Pruning', 'Weeding', 'Intercropping']",1.0,0.0,0.0,1.0,0.0,0.0,800.0,400.0,1600.0,1600.0,,800.0,It's picked from your farm,Supplier,
F-548,1.0,Kayunga,1,yes,6.0,no,,no,,yes,Agricultural Use,Title,,no,,yes,,yes,,yes,yes,,yes,,yes,,yes,,no,,yes,,yes,,yes,,no,,2.0,1087.8,0.360493,350.0,300.0,1990-03-12 03:00:00Z,0-25%,75-100%,"['Bananas', 'Beans', 'Millet']",,Rainfed,"['Using Fertilizers', 'Pruning', 'Intercropping', 'Weeding']",2.0,2.0,3.0,2.0,0.0,0.0,2000.0,1000.0,4000.0,4000.0,,2000.0,It's picked from your farm,Supplier,
F-549,,Luwero,5,Yes,8.0,No,,No,,No,100% Agricultural,Lease,,No,,Yes,,No,,No,,,Yes,No interaction with cultural leaders,Yes,,Yes,,No,No child labor employed,Yes,,No,,Yes,,No,No corruption observed,,,8.316789,2000.0,1770.0,2019-11-18 03:00:00Z,0-25%,75-100%,"Maize, Beans",,Rainfed,"Mulching, Pruning",6.0,0.0,4.0,2.0,2.0,0.0,,77.0,,4751.0,,683.0,Luwero,Local Trader,
F-550,1.0,Kayunga,1,yes,4.0,no,,no,,yes,Agricultural Use,Customary,,no,,yes,,yes,,no,,,yes,,yes,,yes,,no,,yes,,yes,,yes,,no,,1.283,1091.16,0.239207,1300.0,1000.0,2015-06-08 03:00:00Z,0-25%,75-100%,['Bananas'],,Rainfed,"['Pruning', 'Weeding', 'Intercropping']",6.0,2.0,4.0,4.0,8.0,0.0,1000.0,900.0,2000.0,2000.0,,1000.0,It's picked from your farm,Supplier,
F-551,,Luwero,4,Yes,9.0,No,,No,,Yes,100% Agricultural,Lease,,No,,Yes,,No,,No,,,Yes,No interaction with cultural leaders,Yes,,Yes,,No,No child labor employed,Yes,,Yes,,Yes,,No,No corruption observed,,,4.966459,200.0,352.0,2007-10-31 03:00:00Z,0-25%,75-100%,"Maize, Beans",,Rainfed,"Mulching, Pruning",3.0,6.0,0.0,5.0,4.0,0.0,,288.0,,1560.0,,901.0,Luwero,Local Trader,
F-552,1.0,Luwero,1,yes,11.0,no,,no,,yes,Agricultural Use,Title,,yes,LAND LOARD PROBLEMthey want to off 1hectere of coffee,yes,,yes,,no,,,yes,,yes,,yes,,no,,yes,,yes,,yes,,no,,2.192,1036.87,1.140875,400.0,100.0,1986-03-05 03:00:00Z,25-50%,75-100%,"['Bananas', 'Beans']",,Rainfed,"['Using Fertilizers', 'Weeding', 'Pruning', 'Intercropping']",2.0,0.0,2.0,0.0,0.0,0.0,,620.0,,1000.0,,1700.0,At a hulling station,Supplier,
F-553,1.0,Kayunga,1,yes,10.0,no,,no,,yes,Agricultural Use,Agreement/lease,,no,,yes,,yes,,yes,yes,,yes,,yes,,Yes,,no,,yes,,yes,,yes,,no,,3.115,1086.108,0.716156,2000.0,2000.0,1974-08-15 03:00:00Z,0-25%,75-100%,"['Bananas', 'Beans']",,Rainfed,"['Pruning', 'Weeding']",0.0,0.0,0.0,0.0,5.0,0.0,2000.0,1950.0,4000.0,4000.0,,2000.0,It's picked from your farm,Hulling Station representative,
F-554,1.0,Kayunga,1,yes,4.0,no,,no,,no,Agricultural Use,Agreement/lease,,no,,yes,,yes,,no,,,yes,,yes,,Yes,,no,,yes,,yes,,yes,,no,,3.4,1171.7,1.178099,650.0,600.0,2016-06-12 03:00:00Z,0-25%,75-100%,['Bananas'],,Rainfed,['Using Fertilizers'],1.0,0.0,0.0,1.0,0.0,0.0,400.0,350.0,600.0,600.0,,400.0,It's picked from your farm,Cooperative representative,
F-555,1.0,Kayunga,2,no,1.0,no,,no,,yes,Agricultural Use,Agreement/lease,,no,,yes,,yes,,yes,yes,,yes,,yes,,yes,,no,,yes,,yes,,yes,,no,,2.158,1133.559,0.205151,150.0,100.0,2020-04-21 03:00:00Z,0-25%,75-100%,['Bananas'],,Rainfed,['Using Fertilizers'],1.0,0.0,1.0,1.0,0.0,0.0,50.0,100.0,90.0,90.0,,50.0,It's picked from your farm,Supplier,
F-556,1.0,Kayunga,1,yes,2.0,no,,no,,no,Natural forest,Customary,,no,,yes,,yes,,yes,yes,,yes,,yes,,yes,,no,,yes,,yes,,yes,,no,,2.2,1072.0,0.867127,1200.0,1000.0,2010-09-09 03:00:00Z,0-25%,75-100%,['Bananas'],,Rainfed,['Using Fertilizers'],1.0,1.0,1.0,1.0,1.0,0.0,1000.0,500.0,2000.0,2000.0,,1000.0,It's picked from your farm,Supplier,
F-557,1.0,Kayunga,1,yes,8.0,no,,no,,no,Natural forest,Customary,,no,,yes,,yes,,yes,yes,,yes,,yes,,yes,,no,,yes,,yes,,yes,,no,,2.813,1085.5,0.163655,800.0,600.0,2000-06-07 03:00:00Z,0-25%,75-100%,['Bananas'],,Rainfed,['Using Fertilizers'],1.0,1.0,1.0,1.0,0.0,0.0,600.0,300.0,1200.0,1200.0,,600.0,It's picked from your farm,Supplier,
F-558,1.0,Luwero,More than 10,yes,9.0,no,,no,,yes,Agricultural Use,Customary,,no,,yes,,yes,,no,,,yes,,yes,,yes,,no,,yes,,yes,,yes,,no,,9.1,1081.9,2.101911,450.0,100.0,2013-02-02 03:00:00Z,0-25%,75-100%,['Bananas'],,Rainfed,['Intercropping'],1.0,1.0,1.0,1.0,1.0,1.0,450.0,405.0,9000.0,9000.0,,450.0,It's picked from your farm,Supplier,
F-559,1.0,Luwero,1,yes,3.0,no,,no,,yes,Agricultural Use,Customary,,no,,yes,,yes,,no,,,yes,,yes,,yes,,no,,yes,,yes,,yes,,no,,6.9,1129.8,0.151137,2850.0,2800.0,2010-09-12 03:00:00Z,0-25%,75-100%,['Bananas'],,Rainfed,['Intercropping'],2.0,2.0,0.0,4.0,0.0,0.0,95.0,8000.0,2000.0,2000.0,,95.0,It's picked from your farm,Supplier,
F-560,1.0,Luwero,1,yes,4.0,yes,Buyuki bukeeka,no,,yes,Agricultural Use,Title,,no,,yes,,yes,,yes,yes,,yes,,yes,,yes,,no,,yes,,yes,,yes,,no,,9.2,1134.0,1.56314,360.0,100.0,2010-09-30 03:00:00Z,0-25%,75-100%,['Bananas'],,Rainfed,"['Using Fertilizers', 'Pruning', 'Weeding']",3.0,2.0,0.0,5.0,0.0,0.0,4000.0,8000.0,8000.0,8000.0,,4000.0,At a cooperative,Cooperative representative,
F-561,1.0,Kayunga,2025-05-10 00:00:00,yes,8.0,no,,no,,no,Agricultural Use,Title,,no,,yes,,yes,,yes,yes,,yes,,yes,,yes,,no,,yes,,yes,,yes,,no,,3.216,1075.18225097656,0.612781,100.0,70.0,2006-06-12 03:00:00Z,0-25%,75-100%,['Beans'],,Irrigated,['Using Fertilizers'],15.0,10.0,10.0,40.0,3.0,2.0,150.0,150.0,100.0,100.0,,150.0,It's picked from your farm,Supplier,
F-562,1.0,Kayunga,1,yes,3.0,no,,no,,no,Agricultural Use,Title,,no,,yes,,yes,,no,,,yes,,yes,,yes,,no,,yes,,yes,,yes,,no,,16.486,1103.9,0.302224,950.0,900.0,1970-11-02 03:00:00Z,0-25%,75-100%,"['Bananas', 'Beans']",,Rainfed,"['Using Fertilizers', 'Weeding', 'Intercropping']",1.0,0.0,0.0,1.0,0.0,0.0,1000.0,500.0,1800.0,1800.0,,1000.0,It's picked from your farm,Supplier,
F-563,,Luwero,2,No,4.0,No,,No,,Yes,100% Agricultural,Customary,,No,,Yes,,Yes,,No,,,No,No interaction with cultural leaders,Yes,,Yes,,No,No child labor employed,Yes,,No,,Yes,Unaware of tax obligations,No,No corruption observed,,,5.075992,2700.0,588.0,1990-05-08 03:00:00Z,0-25%,75-100%,"Maize, Beans",,Rainfed,"Intercropping, Soil Testing",3.0,2.0,8.0,1.0,4.0,0.0,,962.0,,1529.0,,1088.0,Luwero,Local Trader,
F-564,1.0,Kayunga,2025-05-10 00:00:00,yes,5.0,no,,no,,no,Agricultural Use,Title,,no,,yes,,yes,,yes,yes,,yes,,yes,,yes,,no,,yes,,yes,,yes,,no,,3.216,1060.23083496093,1.534041,100.0,70.0,2006-08-12 03:00:00Z,0-25%,75-100%,['Beans'],,Irrigated,['Using Fertilizers'],10.0,5.0,10.0,30.0,3.0,2.0,100.0,150.0,100.0,100.0,,100.0,It's picked from your farm,Supplier,
F-565,1.0,Kayunga,1,yes,6.0,no,,no,,yes,Agricultural Use,Agreement/lease,,no,,yes,,yes,,yes,yes,,yes,,yes,,yes,,no,,yes,,yes,,yes,,no,,1.733,1058.4,1.136966,1200.0,1100.0,2006-09-12 03:00:00Z,0-25%,75-100%,"['Sorghum', 'Bananas', 'Beans']",,Rainfed,"['Using Fertilizers', 'Pruning', 'Weeding', 'Intercropping']",6.0,1.0,6.0,1.0,7.0,0.0,1100.0,900.0,2200.0,2200.0,,1100.0,It's picked from your farm,Supplier,
F-566,1.0,Kayunga,1,yes,4.0,no,,no,,yes,Agricultural Use,Agreement/lease,,no,,yes,,yes,,no,,,yes,,yes,,yes,,no,,yes,,yes,,yes,,no,,4.651,727.5,1.097579,1050.0,1000.0,2014-02-12 03:00:00Z,0-25%,75-100%,['Bananas'],,Rainfed,"['Weeding', 'Intercropping']",3.0,3.0,4.0,2.0,6.0,0.0,1250.0,1100.0,2500.0,2500.0,,1250.0,It's picked from your farm,Supplier,
F-567,1.0,Luwero,1,yes,4.0,no,,no,,yes,Agricultural Use,Title,,no,,yes,,yes,,yes,yes,,yes,,yes,,yes,,no,,yes,,yes,,yes,,no,,2.444,1176.278,0.289162,750.0,700.0,2018-02-04 03:00:00Z,0-25%,75-100%,"['Bananas', 'Beans']",,Rainfed,"['Pruning', 'Weeding', 'Intercropping']",4.0,8.0,0.0,12.0,0.0,0.0,1250.0,1125.0,2500.0,2500.0,,1250.0,At a hulling station,Supplier,
F-568,1.0,Kayunga,1,yes,5.0,no,,no,,yes,Agricultural Use,Agreement/lease,,no,,yes,,yes,,no,,,yes,,yes,,yes,,no,,yes,,yes,,yes,,no,,2.1567717,1025.824,0.93744,1700.0,1500.0,2008-06-08 03:00:00Z,0-25%,75-100%,"['Bananas', 'Beans']",,Rainfed,"['Using Fertilizers', 'Pruning', 'Weeding', 'Intercropping']",6.0,6.0,6.0,6.0,12.0,0.0,1500.0,1350.0,3000.0,3000.0,,1500.0,It's picked from your farm,Supplier,
F-569,1.0,Luwero,1,yes,2.0,no,,no,,yes,Agricultural Use,Agreement/lease,,no,,yes,,yes,,no,,,yes,,yes,,yes,,no,,yes,,yes,,yes,,no,,8.5,1065.0,0.70612,1350.0,1300.0,2000-12-12 03:00:00Z,0-25%,75-100%,['Bananas'],,Rainfed,"['Pruning', 'Weeding', 'Intercropping']",1.0,2.0,3.0,0.0,3.0,0.0,1400.0,1300.0,2800.0,2800.0,,1400.0,It's picked from your farm,Supplier,
F-570,1.0,Kayunga,1,yes,1.0,no,,no,,yes,Agricultural Use,Customary,,no,,yes,,yes,,yes,yes,,yes,,yes,,yes,,no,,yes,,yes,,yes,,no,,6.9,1080.2,1.395098,1250.0,1200.0,1993-09-11 03:00:00Z,0-25%,75-100%,['Bananas'],,Rainfed,['Intercropping'],3.0,0.0,3.0,0.0,3.0,0.0,1800.0,900.0,3600.0,3600.0,,1800.0,It's picked from your farm,Supplier,
F-571,1.0,Luwero,1,yes,4.0,no,,no,,yes,Agricultural Use,Agreement/lease,,no,,yes,,yes,,no,,,yes,,yes,,yes,,no,,yes,,yes,,yes,,no,,7.444,1095.919,4.26439,1250.0,1200.0,1999-08-23 03:00:00Z,0-25%,75-100%,['Bananas'],,Rainfed,['Intercropping'],1.0,1.0,2.0,3.0,0.0,0.0,160.0,160.0,900.0,800.0,300.0,300.0,It's picked from your farm,Supplier,
F-572,1.0,Luwero,1,yes,2.0,no,,no,,yes,Agricultural Use,Agreement/lease,,no,,yes,,yes,,yes,yes,,yes,,yes,,yes,,no,,yes,,yes,,yes,,no,,3.703,1088.4,2.855611,1050.0,1000.0,2000-03-30 03:00:00Z,0-25%,75-100%,['Bananas'],,Rainfed,['Using Fertilizers'],0.0,2.0,0.0,2.0,2.0,0.0,100.0,200.0,200.0,200.0,,100.0,It's picked from your farm,Supplier,
F-573,1.0,Kayunga,1,no,8.0,no,,no,,no,Natural forest,Customary,,no,,yes,,yes,,yes,yes,,yes,,yes,,yes,,no,,yes,,yes,,yes,,no,,2.23,1117.6,0.416614,800.0,600.0,2011-08-08 03:00:00Z,0-25%,75-100%,['Bananas'],,Rainfed,['Using Fertilizers'],0.0,1.0,1.0,1.0,0.0,0.0,300.0,150.0,600.0,600.0,,300.0,It's picked from your farm,Supplier,
F-574,1.0,Kayunga,1,yes,5.0,no,,no,,no,Agricultural Use,Agreement/lease,,no,,yes,,yes,,no,,,yes,,yes,,Yes,,no,,yes,,yes,,yes,,no,,2.5,1029.6,0.463487,850.0,800.0,2009-02-18 03:00:00Z,0-25%,75-100%,['Bananas'],,Rainfed,['Using Fertilizers'],3.0,0.0,2.0,3.0,0.0,0.0,550.0,400.0,700.0,700.0,,550.0,It's picked from your farm,Cooperative representative,
F-575,,Luwero,2,Yes,3.0,No,,No,,Yes,100% Agricultural,Lease,,No,,Yes,Lack of resources for buffer zones,Yes,,No,,,Yes,,Yes,,Yes,,No,No child labor employed,Yes,,Yes,,Yes,,No,No corruption observed,,,3.360658,80.0,612.0,2008-10-02 03:00:00Z,0-25%,75-100%,"Bananas, Cassava",,Rainfed,"Composting, Pest Management",3.0,2.0,1.0,1.0,0.0,0.0,,1489.0,,3690.0,,653.0,Luwero,Local Trader,
F-576,1.0,Kayunga,1,yes,4.0,no,,no,,no,Agricultural Use,Title,,no,,yes,,yes,,yes,yes,,yes,,yes,,yes,,no,,yes,,yes,,yes,,no,,16.298,1079.9,0.68919,850.0,800.0,1980-11-11 03:00:00Z,0-25%,75-100%,"['Bananas', 'Cocoa']",,Rainfed,"['Using Fertilizers', 'Weeding', 'Intercropping']",0.0,1.0,0.0,1.0,0.0,0.0,1000.0,500.0,1600.0,1600.0,,1000.0,It's picked from your farm,Supplier,
F-577,1.0,Luwero,1,yes,6.0,no,,no,,yes,Agricultural Use,Customary,,no,,yes,,yes,,yes,yes,,yes,,yes,,yes,,no,,yes,,yes,,yes,,no,,7.3,1124.4,1.439325,1350.0,1350.0,2009-05-06 03:00:00Z,0-25%,75-100%,"['Bananas', 'Beans']",,Rainfed,"['Using Fertilizers', 'Pruning', 'Weeding', 'Intercropping']",1.0,0.0,1.0,3.0,1.0,0.0,500.0,450.0,1000.0,1000.0,,500.0,It's picked from your farm,Supplier,
F-578,1.0,Luwero,1,yes,6.0,no,,no,,yes,Agricultural Use,Agreement/lease,,no,,yes,,yes,,no,,,yes,,yes,,yes,,no,,yes,,yes,,yes,,no,,0.914,1075.796,4.623606,1250.0,1200.0,2000-08-12 03:00:00Z,0-25%,75-100%,['Bananas'],,Rainfed,['Intercropping'],2.0,2.0,1.0,3.0,0.0,0.0,300.0,300.0,400.0,450.0,350.0,350.0,It's picked from your farm,Supplier,
F-579,1.0,Kayunga,2,yes,10.0,no,,no,,yes,Agricultural Use,Agreement/lease,,no,,yes,,yes,,yes,yes,,yes,,yes,,yes,,no,,yes,,yes,,yes,,no,,8.1,1046.4,0.692993,1000.0,1000.0,2004-08-09 03:00:00Z,0-25%,75-100%,['Bananas'],,Rainfed,"['Using Fertilizers', 'Pruning', 'Weeding', 'Intercropping']",3.0,2.0,4.0,1.0,5.0,0.0,1000.0,850.0,2000.0,2000.0,,1000.0,It's picked from your farm,Supplier,
F-580,1.0,Kayunga,1,yes,8.0,no,,no,,yes,Agricultural Use,Agreement/lease,,no,,yes,,yes,,no,,,yes,,yes,,yes,,no,,yes,,yes,,yes,,no,,2.6,1054.19999999999,1.173277,1050.0,1000.0,2000-09-12 03:00:00Z,0-25%,75-100%,['Bananas'],,Rainfed,"['Intercropping', 'Weeding', 'Pruning', 'Using Fertilizers']",6.0,4.0,6.0,4.0,10.0,0.0,900.0,900.0,2000.0,2000.0,1000.0,1000.0,At a hulling station,Supplier,
F-581,1.0,Kayunga,1,yes,1.0,no,,no,,yes,Agricultural Use,Customary,,no,,yes,,yes,,no,,,yes,,yes,,yes,,no,,yes,,yes,,yes,,no,,2.0,1038.1,1.811977,900.0,700.0,1990-04-12 03:00:00Z,0-25%,75-100%,['Bananas'],,Rainfed,"['Using Fertilizers', 'Weeding', 'Intercropping']",1.0,0.0,0.0,1.0,1.0,0.0,500.0,450.0,1000.0,1000.0,,500.0,At a hulling station,Hulling Station representative,
F-582,1.0,Kayunga,1,yes,4.0,no,,no,,yes,Agricultural Use,Agreement/lease,,no,,yes,,yes,,no,,,yes,,yes,,yes,,no,,yes,,yes,,yes,,no,,5.4,1092.1,0.524921,1050.0,1000.0,2016-05-12 03:00:00Z,0-25%,75-100%,['Bananas'],,Rainfed,"['Weeding', 'Intercropping']",3.0,3.0,4.0,2.0,6.0,0.0,1200.0,1100.0,2400.0,2400.0,,1200.0,It's picked from your farm,Supplier,
F-583,1.0,Kayunga,1,yes,6.0,no,,no,,yes,Agricultural Use,Agreement/lease,,no,,yes,,yes,,yes,yes,,yes,,yes,,yes,,no,,yes,,yes,,yes,,no,,3.0,1059.6,0.645078,1000.0,1000.0,2000-08-09 03:00:00Z,0-25%,75-100%,['Bananas'],,Rainfed,"['Using Fertilizers', 'Pruning', 'Weeding']",3.0,2.0,4.0,1.0,5.0,0.0,1000.0,800.0,2000.0,2000.0,,1000.0,It's picked from your farm,Supplier,
F-584,1.0,Kayunga,1,yes,4.0,no,,no,,yes,Agricultural Use,Agreement/lease,,no,,yes,,yes,,no,,,yes,,yes,,yes,,no,,yes,,yes,,yes,,no,,2.2,1078.2,0.328836,1350.0,1300.0,2009-08-12 03:00:00Z,0-25%,75-100%,['Beans'],,Rainfed,"['Intercropping', 'Weeding']",6.0,4.0,5.0,5.0,10.0,0.0,1500.0,1400.0,3000.0,3000.0,,1500.0,It's picked from your farm,Supplier,
F-585,1.0,Kayunga,1,yes,4.0,no,,no,,yes,Agricultural Use,Customary,,no,,yes,,yes,,no,,,yes,,yes,,yes,,no,,yes,,yes,,yes,,no,,2.5,1065.8,0.906626,1050.0,1000.0,2015-06-12 03:00:00Z,0-25%,75-100%,"['Bananas', 'Beans']",,Rainfed,"['Intercropping', 'Weeding']",4.0,4.0,4.0,4.0,8.0,0.0,1000.0,850.0,2000.0,2000.0,,1000.0,It's picked from your farm,Supplier,
F-586,1.0,Kayunga,1,yes,8.0,no,,no,,yes,Agricultural Use,Agreement/lease,,no,,yes,,yes,,no,,,yes,,yes,,yes,,no,,yes,,yes,,yes,,no,,3.5,1002.2,0.775192,1300.0,1200.0,1980-05-13 03:00:00Z,0-25%,75-100%,['Bananas'],,Rainfed,['Intercropping'],5.0,6.0,6.0,5.0,11.0,0.0,1000.0,1000.0,2400.0,2400.0,1200.0,1200.0,At a hulling station,Supplier,
F-587,,Nakaseke,1,No,7.0,No,,No,,Yes,100% Agricultural,Lease,,No,,Yes,,Yes,Limited knowledge of waste management,No,,,No,,Yes,,Yes,,No,No child labor employed,Yes,Irregular schedules due to seasonal work,No,,Yes,,No,No corruption observed,,,3.029621,85.0,687.0,2018-03-26 03:00:00Z,0-25%,75-100%,"Maize, Beans",,Rainfed,"Composting, Pest Management",6.0,3.0,5.0,3.0,10.0,0.0,,767.0,,3059.0,,1286.0,Nakaseke,Local Trader,
F-588,1.0,Kayunga,3,yes,9.0,no,,no,,yes,Agricultural Use,Customary,,no,,yes,,yes,,yes,yes,,yes,,yes,,yes,,no,,yes,,yes,,yes,,no,,1.8,1088.3,1.972463,1350.0,1300.0,1998-03-15 03:00:00Z,0-25%,75-100%,['Bananas'],,Rainfed,['Intercropping'],0.0,0.0,0.0,0.0,0.0,0.0,1950.0,975.0,3900.0,3900.0,,1950.0,It's picked from your farm,Supplier,
F-589,1.0,Kayunga,1,yes,10.0,no,,no,,no,Agricultural Use,Agreement/lease,,no,,yes,,yes,,no,,,yes,,yes,,Yes,,no,,yes,,yes,,yes,,no,,0.7191588,1048.82,0.66145,2050.0,2000.0,2005-05-14 03:00:00Z,0-25%,75-100%,['Bananas'],,Rainfed,['Using Fertilizers'],7.0,0.0,3.0,4.0,0.0,0.0,1000.0,800.0,1500.0,1500.0,,1000.0,It's picked from your farm,Cooperative representative,
F-590,1.0,Luwero,1,yes,8.0,no,,no,,yes,Agricultural Use,Customary,,no,,yes,,yes,,yes,yes,,yes,,yes,,yes,,no,,yes,,yes,,yes,,no,,1.9392092,1196.198,0.730321,400.0,350.0,2003-03-08 03:00:00Z,0-25%,75-100%,['Bananas'],,Rainfed,['Using Fertilizers'],1.0,1.0,0.0,7.0,0.0,0.0,100.0,200.0,200.0,200.0,,100.0,somewhere else,other,
F-591,1.0,Kayunga,1,yes,8.0,no,,no,,yes,Agricultural Use,Agreement/lease,,no,,yes,,yes,,no,,,yes,,yes,,yes,,no,,yes,,yes,,yes,,no,,0.93510276,1025.906,0.797277,1200.0,1000.0,2008-07-08 03:00:00Z,0-25%,75-100%,['Bananas'],,Rainfed,"['Using Fertilizers', 'Pruning', 'Weeding', 'Intercropping']",9.0,3.0,5.0,7.0,12.0,0.0,900.0,900.0,2000.0,2000.0,1000.0,1000.0,It's picked from your farm,Supplier,
F-592,1.0,Kayunga,1,no,3.0,no,,no,,no,Agricultural Use,Agreement/lease,,no,,yes,,yes,,no,,,yes,,yes,,Yes,,no,,yes,,yes,,yes,,no,,1.2372695,1071.948,0.298883,850.0,800.0,2009-02-12 03:00:00Z,0-25%,75-100%,['Bananas'],,Rainfed,['Using Fertilizers'],1.0,1.0,0.0,2.0,0.0,0.0,550.0,300.0,700.0,700.0,,550.0,It's picked from your farm,Cooperative representative,
F-593,1.0,Kayunga,1,yes,5.0,no,,no,,yes,Agricultural Use,Agreement/lease,,no,,yes,,yes,,no,,,yes,,yes,,Yes,,no,,yes,,yes,,yes,,no,,4.3,1028.0,1.13241,950.0,900.0,2015-05-13 03:00:00Z,0-25%,75-100%,['Bananas'],,Rainfed,['Using Fertilizers'],2.0,2.0,0.0,2.0,0.0,0.0,600.0,450.0,800.0,800.0,,600.0,It's picked from your farm,Cooperative representative,
F-594,1.0,Kayunga,1,no,8.0,no,,no,,no,Agricultural Use,Title,,no,,yes,,yes,,yes,yes,,yes,,yes,,yes,,no,,yes,,yes,,yes,,no,,11.7,1043.9,0.635995,1250.0,1200.0,1995-02-08 03:00:00Z,0-25%,75-100%,"['Bananas', 'Beans']",,Rainfed,"['Pruning', 'Intercropping']",1.0,1.0,1.0,0.0,1.0,0.0,1200.0,1100.0,2400.0,2400.0,,1200.0,It's picked from your farm,Supplier,
F-595,1.0,Kayunga,1,yes,10.0,no,,no,,yes,Agricultural Use,Agreement/lease,,no,,yes,,yes,,no,,,yes,,yes,,yes,,no,,yes,,yes,,yes,,no,,1.1987712,1035.158,1.310432,1700.0,1500.0,2000-06-08 03:00:00Z,0-25%,75-100%,['Bananas'],,Rainfed,"['Using Fertilizers', 'Pruning', 'Weeding', 'Intercropping']",8.0,6.0,6.0,8.0,14.0,0.0,1350.0,1350.0,3000.0,3000.0,1500.0,1500.0,It's picked from your farm,Supplier,
F-596,1.0,Kayunga,1,yes,4.0,no,,no,,yes,Agricultural Use,Agreement/lease,,no,,yes,,yes,,no,,,yes,,yes,,yes,,no,,yes,,yes,,yes,,no,,5.1,1070.8,0.706906,1050.0,1000.0,2015-08-14 03:00:00Z,0-25%,75-100%,"['Bananas', 'Beans']",,Rainfed,"['Intercropping', 'Weeding']",3.0,3.0,3.0,3.0,6.0,0.0,1000.0,850.0,2000.0,2000.0,,1000.0,It's picked from your farm,Supplier,
F-597,1.0,Kayunga,1,yes,7.0,no,,no,,yes,Agricultural Use,Agreement/lease,,no,,yes,,yes,,no,,,yes,,yes,,yes,,no,,yes,,yes,,yes,,no,,10.7,1040.1,0.468657,1350.0,1300.0,1987-11-01 03:00:00Z,0-25%,75-100%,"['Bananas', 'Beans']",,Rainfed,['Weeding'],5.0,2.0,4.0,3.0,7.0,0.0,1000.0,900.0,2000.0,2000.0,,1000.0,At a hulling station,Supplier,
F-598,1.0,Kayunga,1,yes,5.0,no,,no,,no,Agricultural Use,Agreement/lease,,no,,yes,,yes,,yes,yes,,yes,,yes,,yes,,no,,yes,,yes,,yes,,no,,9.1,1075.2,0.519367,1050.0,1000.0,1995-05-12 03:00:00Z,0-25%,75-100%,"['Bananas', 'Beans']",,Rainfed,"['Pruning', 'Weeding', 'Intercropping']",1.0,2.0,3.0,0.0,1.0,0.0,1500.0,1400.0,3000.0,3000.0,,1500.0,It's picked from your farm,Supplier,
F-599,1.0,Kayunga,2025-05-10 00:00:00,yes,2.0,no,,no,,no,Agricultural Use,Title,,no,,yes,,yes,,yes,yes,,yes,,yes,,yes,,no,,yes,,yes,,yes,,no,,3.216,1061.28625488281,0.758519,2000.0,100.0,2008-09-10 03:00:00Z,0-25%,75-100%,['Beans'],,Irrigated,['Using Fertilizers'],20.0,10.0,10.0,50.0,5.0,5.0,200.0,300.0,200.0,200.0,,200.0,It's picked from your farm,Supplier,
F-600,,Nakaseke,3,Yes,3.0,No,,No,,Yes,100% Agricultural,Lease,,No,,Yes,Lack of resources for buffer zones,Yes,,No,,,Yes,,Yes,,Yes,,No,No child labor employed,Yes,,Yes,,Yes,,No,No corruption observed,,,3.833142,382.0,529.0,1966-07-11 03:00:00Z,0-25%,75-100%,"Bananas, Cassava",,Rainfed,"Intercropping, Soil Testing",6.0,6.0,6.0,2.0,3.0,0.0,,910.0,,3771.0,,971.0,Nakaseke,Local Trader,
F-601,,Nakaseke,2,Yes,8.0,No,,No,,Yes,100% Agricultural,Lease,,No,,Yes,Lack of resources for buffer zones,Yes,Limited knowledge of waste management,No,,,Yes,No interaction with cultural leaders,Yes,,Yes,,No,No child labor employed,Yes,,Yes,,Yes,,No,No corruption observed,,,2.304458,450.0,2503.0,2004-05-04 03:00:00Z,0-25%,75-100%,"Matoke, Groundnuts",,Rainfed,"Mulching, Pruning",1.0,4.0,2.0,1.0,4.0,0.0,,1504.0,,1926.0,,2045.0,Nakaseke,Local Trader,
F-602,,Nakaseke,2,Yes,8.0,No,,No,,Yes,100% Agricultural,Lease,,No,,Yes,Lack of resources for buffer zones,Yes,Limited knowledge of waste management,No,,,Yes,No interaction with cultural leaders,Yes,,Yes,,No,No child labor employed,Yes,,Yes,,Yes,,No,No corruption observed,,,11.111259,450.0,2503.0,2004-04-17 03:00:00Z,0-25%,75-100%,"Matoke, Groundnuts",,Rainfed,"Mulching, Pruning",1.0,4.0,2.0,1.0,4.0,0.0,,1504.0,,1926.0,,2045.0,Nakaseke,Local Trader,
F-603,,Nakaseke,2,Yes,8.0,No,,No,,Yes,100% Agricultural,Lease,,No,,Yes,Lack of resources for buffer zones,Yes,Limited knowledge of waste management,No,,,Yes,No interaction with cultural leaders,Yes,,Yes,,No,No child labor employed,Yes,,Yes,,Yes,,No,No corruption observed,,,11.111259,1450.0,2503.0,2004-02-04 03:00:00Z,0-25%,75-100%,"Matoke, Groundnuts",,Rainfed,"Mulching, Pruning",1.0,4.0,2.0,1.0,4.0,0.0,,1504.0,,1926.0,,2045.0,Nakaseke,Local Trader,
F-604,,Nakaseke,2,Yes,8.0,No,,No,,Yes,100% Agricultural,Lease,,No,,Yes,Lack of resources for buffer zones,Yes,Limited knowledge of waste management,No,,,Yes,No interaction with cultural leaders,Yes,,Yes,,No,No child labor employed,Yes,,Yes,,Yes,,No,No corruption observed,,,11.111259,1200.0,2503.0,2004-04-04 03:00:00Z,0-25%,75-100%,"Matoke, Groundnuts",,Rainfed,"Mulching, Pruning",1.0,4.0,2.0,1.0,4.0,0.0,,1504.0,,1926.0,,2045.0,Nakaseke,Local Trader,
F-605,1.0,Luwero,1,yes,5.0,no,,no,,yes,Agricultural Use,Agreement/lease,,no,,yes,,yes,,no,,,yes,,yes,,yes,,no,,yes,,yes,,yes,,no,,20.9,1102.0,0.209214,1650.0,1600.0,2000-12-12 03:00:00Z,0-25%,75-100%,['Bananas'],,Rainfed,"['Pruning', 'Weeding', 'Intercropping']",3.0,3.0,2.0,4.0,6.0,0.0,1450.0,1300.0,2800.0,2800.0,,1450.0,It's picked from your farm,Supplier,
F-606,,Luwero,3,Yes,9.0,No,,No,,Yes,100% Agricultural,Customary,,No,,Yes,,Yes,,No,,,No,,Yes,,Yes,,No,No child labor employed,Yes,,Yes,,Yes,,No,No corruption observed,,,5.694554,1698.0,379.0,2009-12-08 03:00:00Z,0-25%,75-100%,,,Rainfed,"Composting, Pest Management",1.0,2.0,2.0,1.0,1.0,0.0,,471.0,,2722.0,,1476.0,Luwero,Local Trader,
F-607,,Luwero,3,Yes,9.0,No,,No,,Yes,100% Agricultural,Customary,,No,,Yes,,Yes,,No,,,No,,Yes,,Yes,,No,No child labor employed,Yes,,Yes,,Yes,,No,No corruption observed,,,0.515586,100.0,379.0,2000-10-20 03:00:00Z,0-25%,75-100%,,,Rainfed,"Composting, Pest Management",1.0,2.0,2.0,1.0,1.0,0.0,,471.0,,2722.0,,1476.0,Luwero,Local Trader,
F-608,1.0,Luwero,1,yes,6.0,no,,no,,yes,Agricultural Use,Agreement/lease,,no,,yes,,yes,,yes,yes,,yes,,yes,,yes,,no,,yes,,yes,,yes,,no,,2.1,1066.2,3.401056,1050.0,1000.0,1990-08-08 03:00:00Z,0-25%,75-100%,['Bananas'],,Rainfed,['Using Fertilizers'],2.0,4.0,2.0,4.0,5.0,1.0,200.0,200.0,200.0,250.0,40.0,60.0,It's picked from your farm,Supplier,
F-609,1.0,Luwero,1,yes,4.0,no,,no,,yes,Agricultural Use,Customary,,no,,yes,,yes,,no,,,yes,,yes,,yes,,no,,yes,,yes,,yes,,no,,11.4,1135.5,0.262296,2850.0,2800.0,2016-09-16 03:00:00Z,0-25%,75-100%,['Bananas'],,Rainfed,['Intercropping'],2.0,2.0,0.0,2.0,0.0,0.0,100.0,700.0,2000.0,2000.0,,100.0,It's picked from your farm,Supplier,
F-610,1.0,Luwero,1,yes,3.0,no,,no,,yes,Agricultural Use,Title,,no,,yes,,yes,,no,,,yes,,yes,,yes,,no,,yes,,yes,,yes,,no,,2.012,1162.227,3.467907,650.0,600.0,2009-02-20 03:00:00Z,0-25%,75-100%,['Bananas'],,Rainfed,"['Pruning', 'Weeding']",1.0,1.0,0.0,2.0,0.0,0.0,750.0,750.0,1500.0,1500.0,,750.0,somewhere else,other,
F-611,1.0,Kayunga,2025-05-10 00:00:00,yes,7.0,no,,no,,no,Agricultural Use,Title,,no,,yes,,yes,,yes,yes,,yes,,yes,,yes,,no,,yes,,yes,,yes,,no,,3.216,1087.10009765625,0.265807,100.0,80.0,2007-02-15 03:00:00Z,0-25%,75-100%,['Beans'],,Irrigated,['Using Fertilizers'],10.0,5.0,10.0,30.0,3.0,2.0,150.0,100.0,100.0,100.0,,150.0,It's picked from your farm,Supplier,
F-612,1.0,Luwero,1,yes,3.0,no,,no,,yes,Agricultural Use,Title,,no,,yes,,yes,,no,,,yes,,yes,,yes,,no,,yes,,yes,,yes,,no,,19.296,1172.906,1.435543,625.0,600.0,2008-02-20 03:00:00Z,0-25%,75-100%,['Bananas'],,Rainfed,"['Pruning', 'Weeding']",2.0,0.0,0.0,2.0,0.0,0.0,500.0,250.0,1000.0,1000.0,,500.0,somewhere else,other,
F-613,1.0,Kayunga,1,yes,8.0,no,,no,,no,Agricultural Use,Customary,,no,,yes,,yes,,no,,,yes,,yes,,yes,,no,,yes,,yes,,yes,,no,,1.4268352,1077.961,0.127288,1200.0,1000.0,2009-07-08 03:00:00Z,0-25%,75-100%,"['Bananas', 'Cocoa']",,Rainfed,"['Using Fertilizers', 'Pruning', 'Weeding', 'Intercropping']",10.0,4.0,6.0,8.0,14.0,0.0,1000.0,900.0,2000.0,2000.0,,1000.0,It's picked from your farm,Supplier,
F-614,,Luwero,2,Yes,10.0,Yes,WOTOYITIDDE,No,,Yes,100% Agricultural,Lease,,No,,Yes,,Yes,,No,,,Yes,No interaction with cultural leaders,Yes,,Yes,,No,No child labor employed,Yes,,Yes,,Yes,,No,No corruption observed,,,3.971453,1150.0,443.0,1995-04-09 03:00:00Z,0-25%,75-100%,,,Rainfed,"Intercropping, Soil Testing",5.0,0.0,3.0,0.0,2.0,0.0,,526.0,,3358.0,,1646.0,Luwero,Local Trader,
F-615,1.0,Luwero,1,yes,6.0,no,,no,,yes,Agricultural Use,Customary,,no,,yes,,yes,,no,,,yes,,yes,,yes,,no,,yes,,yes,,yes,,no,,11.6,1126.9,0.452159,2150.0,2100.0,2019-09-12 03:00:00Z,0-25%,75-100%,"['Bananas', 'Beans']",,Rainfed,['Intercropping'],3.0,3.0,0.0,0.0,0.0,0.0,70.0,800.0,2000.0,2000.0,,70.0,It's picked from your farm,Supplier,
F-616,1.0,Luwero,1,yes,6.0,no,,no,,yes,Agricultural Use,Agreement/lease,,no,,yes,,yes,,no,,,yes,,yes,,yes,,no,,yes,,yes,,yes,,no,,10.99,1115.964,0.481081,1310.0,1260.0,2009-02-10 03:00:00Z,0-25%,75-100%,['Bananas'],,Rainfed,['Weeding'],4.0,1.0,3.0,2.0,5.0,0.0,1260.0,1260.0,2700.0,2700.0,,1260.0,It's picked from your farm,Supplier,
F-617,1.0,Luwero,1,yes,3.0,no,,no,,yes,Agricultural Use,Agreement/lease,,no,,yes,,yes,,no,,,yes,,yes,,yes,,no,,yes,,yes,,yes,,no,,10.0,1111.0,5.228173,2150.0,2100.0,2010-12-12 03:00:00Z,0-25%,75-100%,['Bananas'],,Rainfed,"['Using Fertilizers', 'Pruning', 'Weeding', 'Intercropping']",3.0,2.0,0.0,5.0,5.0,0.0,2250.0,2200.0,4500.0,4500.0,,2250.0,It's picked from your farm,Supplier,
F-618,1.0,Kayunga,1,yes,5.0,no,,no,,yes,Agricultural Use,Agreement/lease,,no,,yes,,yes,,no,,,yes,,yes,,yes,,no,,yes,,yes,,yes,,no,,4.0,1063.2,0.156572,1050.0,1000.0,1980-08-12 03:00:00Z,0-25%,75-100%,['Bananas'],,Rainfed,"['Intercropping', 'Weeding', 'Pruning', 'Using Fertilizers']",5.0,4.0,3.0,6.0,9.0,0.0,1200.0,1100.0,2400.0,2400.0,,1200.0,At a hulling station,Supplier,
F-619,1.0,Kayunga,1,yes,6.0,no,,no,,no,Agricultural Use,Agreement/lease,,no,,yes,,yes,,yes,yes,,yes,,yes,,Yes,,no,,yes,,yes,,yes,,no,,5.7,1109.4,0.426488,950.0,900.0,2007-05-11 03:00:00Z,0-25%,75-100%,['Bananas'],,Rainfed,['Using Fertilizers'],0.0,0.0,0.0,1.0,0.0,0.0,800.0,600.0,1000.0,1000.0,,800.0,It's picked from your farm,Cooperative representative,
F-620,,Nakaseke,1,Yes,4.0,No,,No,,Yes,100% Agricultural,Lease,,No,,Yes,,Yes,,No,,,No,,No,,Yes,,No,No child labor employed,Yes,,Yes,,Yes,,No,No corruption observed,,,7.741297,2500.0,354.0,2010-11-02 03:00:00Z,0-25%,75-100%,"Maize, Beans",,Rainfed,"Intercropping, Soil Testing",4.0,8.0,9.0,4.0,0.0,0.0,,222.0,,1305.0,,2416.0,Nakaseke,Local Trader,
F-621,,Nakaseke,1,Yes,6.0,No,,No,,Yes,100% Agricultural,Deed of Property,,No,,Yes,,Yes,Limited knowledge of waste management,No,,,Yes,,Yes,,Yes,,No,No child labor employed,No,,Yes,,Yes,Unaware of tax obligations,No,No corruption observed,,,3.514582,1100.0,370.0,2009-05-08 03:00:00Z,0-25%,75-100%,"Matoke, Groundnuts",,Rainfed,"Mulching, Pruning",4.0,1.0,4.0,1.0,0.0,0.0,,1824.0,,1359.0,,2284.0,Nakaseke,Local Trader,
F-622,1.0,Kayunga,1,yes,6.0,no,,no,,no,Natural forest,Customary,,no,,yes,,yes,,yes,yes,,yes,,yes,,yes,,no,,yes,,yes,,yes,,no,,2.6,1102.4,0.521418,900.0,800.0,2000-09-09 03:00:00Z,0-25%,75-100%,['Bananas'],,Rainfed,['Using Fertilizers'],1.0,1.0,1.0,3.0,0.0,0.0,800.0,400.0,1600.0,1600.0,,800.0,It's picked from your farm,Supplier,
F-623,1.0,Kayunga,1,yes,8.0,no,,no,,no,Agricultural Use,Agreement/lease,,no,,yes,,yes,,no,,,yes,,yes,,yes,,no,,yes,,yes,,yes,,no,,1.1188619,1079.961,0.963574,1800.0,1500.0,1993-04-08 03:00:00Z,0-25%,75-100%,['Bananas'],,Rainfed,"['Pruning', 'Weeding', 'Intercropping']",12.0,4.0,6.0,8.0,14.0,0.0,1500.0,1350.0,3000.0,3000.0,,1500.0,It's picked from your farm,Supplier,
F-624,,Luwero,2,No,10.0,No,,No,,Yes,100% Agricultural,Deed of Property,,No,,Yes,,Yes,Limited knowledge of waste management,No,,,Yes,No interaction with cultural leaders,Yes,Issues with equal pay reported,Yes,,No,No child labor employed,Yes,,No,,No,,No,No corruption observed,,,4.212268,80.0,2596.0,2000-08-12 03:00:00Z,0-25%,75-100%,"Bananas, Cassava",,Irrigated,"Mulching, Pruning",8.0,11.0,6.0,4.0,3.0,0.0,,1505.0,,2982.0,,449.0,Luwero,Local Trader,
F-625,,Luwero,2,No,10.0,No,,No,,Yes,100% Agricultural,Deed of Property,,No,,Yes,,Yes,Limited knowledge of waste management,No,,,Yes,No interaction with cultural leaders,Yes,Issues with equal pay reported,Yes,,No,No child labor employed,Yes,,No,,No,,No,No corruption observed,,,4.212268,300.0,2596.0,2009-08-12 03:00:00Z,0-25%,75-100%,"Bananas, Cassava",,Irrigated,"Mulching, Pruning",8.0,11.0,6.0,4.0,3.0,0.0,,1505.0,,2982.0,,449.0,Luwero,Local Trader,
F-626,,Luwero,2,No,10.0,No,,No,,Yes,100% Agricultural,Deed of Property,,No,,Yes,,Yes,Limited knowledge of waste management,No,,,Yes,No interaction with cultural leaders,Yes,Issues with equal pay reported,Yes,,No,No child labor employed,Yes,,No,,No,,No,No corruption observed,,,4.212268,1000.0,2596.0,1990-08-12 03:00:00Z,0-25%,75-100%,"Bananas, Cassava",,Irrigated,"Mulching, Pruning",8.0,11.0,6.0,4.0,3.0,0.0,,1505.0,,2982.0,,449.0,Luwero,Local Trader,
F-627,,Luwero,2,No,10.0,No,,No,,Yes,100% Agricultural,Deed of Property,,No,,Yes,,Yes,Limited knowledge of waste management,No,,,Yes,No interaction with cultural leaders,Yes,Issues with equal pay reported,Yes,,No,No child labor employed,Yes,,No,,No,,No,No corruption observed,,,4.44288,1600.0,2596.0,1999-08-12 03:00:00Z,0-25%,75-100%,"Bananas, Cassava",,Irrigated,"Mulching, Pruning",8.0,11.0,6.0,4.0,3.0,0.0,,1505.0,,2982.0,,449.0,Luwero,Local Trader,
F-628,1.0,Kayunga,1,yes,5.0,no,,no,,yes,Agricultural Use,Agreement/lease,,no,,yes,,yes,,no,,,yes,,yes,,yes,,no,,yes,,yes,,yes,,no,,2.6,1062.0,1.990385,950.0,900.0,2011-09-12 03:00:00Z,0-25%,75-100%,['Bananas'],,Rainfed,"['Weeding', 'Intercropping']",4.0,3.0,3.0,4.0,7.0,0.0,900.0,800.0,1800.0,1800.0,,900.0,At a hulling station,Supplier,
F-629,1.0,Luwero,1,yes,3.0,no,,no,,yes,Agricultural Use,Agreement/lease,,no,,yes,,yes,,no,,,yes,,yes,,yes,,no,,yes,,yes,,yes,,no,,11.0,1167.0,1.370839,1310.0,1260.0,2010-12-09 03:00:00Z,0-25%,75-100%,['Bananas'],,Rainfed,"['Using Fertilizers', 'Weeding']",3.0,0.0,0.0,3.0,3.0,0.0,1350.0,1260.0,2700.0,2700.0,,1350.0,It's picked from your farm,Supplier,
F-630,1.0,Kayunga,1,yes,5.0,no,,no,,yes,Agricultural Use,Agreement/lease,,no,,yes,,yes,,no,,,yes,,yes,,yes,,no,,yes,,yes,,yes,,no,,4.851,1075.4,0.592258,850.0,800.0,2011-08-12 03:00:00Z,0-25%,75-100%,['Bananas'],,Rainfed,"['Weeding', 'Intercropping']",3.0,3.0,2.0,4.0,6.0,0.0,900.0,800.0,1800.0,1800.0,,900.0,It's picked from your farm,Supplier,
F-631,1.0,Luwero,More than 10,yes,6.0,no,,no,,yes,Agricultural Use,Customary,,no,,yes,,yes,,no,,,yes,,yes,,yes,,no,,yes,,yes,,yes,,no,,4.9,1100.4,0.693969,450.0,100.0,2014-05-01 03:00:00Z,0-25%,75-100%,"['Bananas', 'Beans']",,Rainfed,['Weeding'],1.0,1.0,1.0,1.0,1.0,1.0,400.0,360.0,8000.0,8000.0,,400.0,It's picked from your farm,Supplier,
F-632,1.0,Luwero,1,yes,1.0,no,,no,,yes,Agricultural Use,Customary,,no,,yes,,yes,,yes,yes,,yes,,yes,,yes,,no,,yes,,yes,,yes,,no,,9.5,1140.3,1.879062,1350.0,1300.0,2006-08-06 03:00:00Z,0-25%,75-100%,"['Bananas', 'Beans']",,Rainfed,"['Using Fertilizers', 'Pruning', 'Weeding', 'Intercropping']",1.0,0.0,0.0,2.0,1.0,0.0,500.0,450.0,1000.0,1000.0,,500.0,It's picked from your farm,Supplier,
F-633,1.0,Luwero,2,yes,5.0,no,,no,,yes,Agricultural Use,Agreement/lease,,no,,yes,,yes,,no,,,yes,,yes,,yes,,no,,yes,,yes,,yes,,no,,10.0,1072.0,1.478247,1250.0,1200.0,2014-09-12 03:00:00Z,0-25%,75-100%,['Bananas'],,Rainfed,"['Pruning', 'Weeding', 'Intercropping']",2.0,2.0,1.0,3.0,4.0,0.0,1350.0,1250.0,2700.0,2700.0,,1350.0,It's picked from your farm,Supplier,
F-634,0.0,Luwero,4,No,3.0,No,,No,,Yes,100% Agricultural,Lease,,No,,Yes,,Yes,,No,,,Yes,,Yes,,Yes,,No,No child labor employed,Yes,,Yes,,Yes,,No,No corruption observed,,,3.721888,150.0,692.0,2000-09-13 03:00:00Z,0-25%,75-100%,"Matoke, Groundnuts",,Rainfed,"Intercropping, Soil Testing",3.0,7.0,7.0,0.0,9.0,0.0,,333.0,,1026.0,,517.0,Luwero,Local Trader,
F-635,0.0,Luwero,4,No,3.0,No,,No,,Yes,100% Agricultural,Lease,,No,,Yes,,Yes,,No,,,Yes,,Yes,,Yes,,No,No child labor employed,Yes,,Yes,,Yes,,No,No corruption observed,,,3.721888,500.0,692.0,2019-08-14 03:00:00Z,0-25%,75-100%,"Matoke, Groundnuts",,Rainfed,"Intercropping, Soil Testing",3.0,7.0,7.0,0.0,9.0,0.0,,333.0,,1026.0,,517.0,Luwero,Local Trader,
F-636,0.0,Luwero,4,No,3.0,No,,No,,Yes,100% Agricultural,Lease,,No,,Yes,,Yes,,No,,,Yes,,Yes,,Yes,,No,No child labor employed,Yes,,Yes,,Yes,,No,No corruption observed,,,1.066743,450.0,692.0,2008-08-12 03:00:00Z,0-25%,75-100%,"Matoke, Groundnuts",,Rainfed,"Intercropping, Soil Testing",3.0,7.0,7.0,0.0,9.0,0.0,,333.0,,1026.0,,517.0,Luwero,Local Trader,
F-637,0.0,Luwero,4,No,3.0,No,,No,,Yes,100% Agricultural,Lease,,No,,Yes,,Yes,,No,,,Yes,,Yes,,Yes,,No,No child labor employed,Yes,,Yes,,Yes,,No,No corruption observed,,,3.721888,200.0,692.0,2018-09-13 03:00:00Z,0-25%,75-100%,"Matoke, Groundnuts",,Rainfed,"Intercropping, Soil Testing",3.0,7.0,7.0,0.0,9.0,0.0,,333.0,,1026.0,,517.0,Luwero,Local Trader,
F-638,1.0,Luwero,1,yes,10.0,no,,no,,yes,Agricultural Use,Title,,no,,yes,,yes,,yes,yes,,yes,,yes,,yes,,no,,yes,,yes,,yes,,no,,0.801,1118.312,0.832783,1750.0,1700.0,1995-05-03 03:00:00Z,0-25%,75-100%,['Bananas'],,Rainfed,"['Weeding', 'Pruning']",2.0,0.0,0.0,2.0,0.0,0.0,360.0,420.0,700.0,800.0,630.0,1000.0,It's picked from your farm,Supplier,
F-639,,Nakaseke,5,Yes,8.0,No,,No,,Yes,100% Agricultural,Other,,No,,Yes,,Yes,,No,,,Yes,No interaction with cultural leaders,Yes,,Yes,,No,No child labor employed,Yes,,Yes,Lack of training on rights,Yes,,No,No corruption observed,,,3.353876,100.0,869.0,1999-03-08 03:00:00Z,0-25%,75-100%,"Matoke, Groundnuts",,Rainfed,"Intercropping, Soil Testing",7.0,4.0,6.0,4.0,2.0,0.0,,370.0,,2849.0,,1732.0,Nakaseke,Local Trader,
F-640,1.0,Luwero,1,yes,4.0,no,,no,,yes,Agricultural Use,Agreement/lease,,no,,yes,,yes,,no,,,yes,,yes,,yes,,no,,yes,,yes,,yes,,no,,18.342,1091.23,0.353051,1730.0,1680.0,2017-12-12 03:00:00Z,0-25%,75-100%,['Bananas'],,Rainfed,['Weeding'],7.0,3.0,3.0,7.0,10.0,0.0,1800.0,1680.0,3600.0,3600.0,,1800.0,It's picked from your farm,Supplier,
F-641,0.0,Luwero,1,yes,7.0,no,,no,,yes,Agricultural Use,Agreement/lease,,no,,yes,,yes,,no,,,yes,,yes,,yes,,no,,yes,,yes,,yes,,no,,1.755,1141.005,1.127427,1850.0,1800.0,2014-08-19 03:00:00Z,0-25%,75-100%,"['Bananas', 'Beans']",,Rainfed,"['Using Fertilizers', 'Pruning', 'Weeding', 'Intercropping']",2.0,1.0,3.0,1.0,3.0,0.0,1000.0,900.0,2000.0,2000.0,,1000.0,It's picked from your farm,Supplier,
F-642,1.0,Kayunga,1,yes,6.0,no,,no,,yes,Agricultural Use,Customary,,no,,yes,,yes,,no,,,yes,,yes,,yes,,no,,yes,,yes,,yes,,no,,0.90146637,1040.339,1.711398,1700.0,1500.0,2012-03-08 03:00:00Z,0-25%,75-100%,['Bananas'],,Rainfed,"['Pruning', 'Weeding', 'Intercropping']",5.0,4.0,4.0,5.0,9.0,0.0,1500.0,1350.0,3000.0,3000.0,,1500.0,At a hulling station,Supplier,
F-643,1.0,Kayunga,1,yes,5.0,no,,no,,yes,Natural forest,Agreement/lease,,no,,yes,,yes,,no,,,yes,,yes,,Yes,,no,,yes,,yes,,yes,,no,,2.8,1108.3,0.382168,850.0,800.0,2012-05-12 03:00:00Z,0-25%,75-100%,['Bananas'],,Rainfed,['Using Fertilizers'],3.0,1.0,0.0,3.0,0.0,0.0,600.0,400.0,800.0,800.0,,600.0,It's picked from your farm,Cooperative representative,
F-644,1.0,Kayunga,1,yes,7.0,no,,no,,no,Agricultural Use,Agreement/lease,,no,,yes,,yes,,yes,yes,,yes,,yes,,Yes,,no,,yes,,yes,,yes,,no,,4.8,965.3,0.528928,950.0,900.0,2010-03-12 03:00:00Z,0-25%,75-100%,['Bananas'],,Rainfed,['Using Fertilizers'],4.0,0.0,0.0,4.0,0.0,0.0,700.0,500.0,900.0,900.0,,700.0,It's picked from your farm,Cooperative representative,
F-645,,Luwero,5,Yes,10.0,No,,No,,No,100% Agricultural,Customary,,No,,Yes,,Yes,,No,,,No,,Yes,,Yes,,No,No child labor employed,Yes,,Yes,,Yes,,No,No corruption observed,,,4.149072,3200.0,2370.0,2000-08-05 03:00:00Z,0-25%,75-100%,"Matoke, Groundnuts",,Rainfed,"Intercropping, Soil Testing",5.0,2.0,10.0,3.0,1.0,0.0,,915.0,,2494.0,,1402.0,Luwero,Local Trader,
F-646,1.0,Luwero,1,yes,6.0,no,,no,,yes,Agricultural Use,Title,,no,,yes,,yes,,no,,,yes,,yes,,yes,,no,,yes,,yes,,yes,,no,,0.8,1141.769,2.410147,1350.0,1300.0,2006-02-20 03:00:00Z,0-25%,75-100%,['Bananas'],,Rainfed,"['Pruning', 'Weeding']",4.0,2.0,0.0,6.0,0.0,0.0,1500.0,7500.0,3000.0,3000.0,,1500.0,somewhere else,Hulling Station representative,
F-647,1.0,Luwero,1,yes,4.0,no,,no,,yes,Agricultural Use,Agreement/lease,,no,,yes,,yes,,no,,,yes,,yes,,yes,,no,,yes,,yes,,yes,,no,,12.559,1100.781,0.480241,1310.0,1260.0,2002-02-01 03:00:00Z,0-25%,75-100%,['Bananas'],,Rainfed,['Using Fertilizers'],1.0,1.0,0.0,2.0,2.0,0.0,1350.0,1260.0,2700.0,2700.0,,1350.0,It's picked from your farm,Supplier,
F-648,1.0,Kayunga,1,yes,8.0,no,,no,,yes,Agricultural Use,Agreement/lease,,no,,yes,,yes,,no,,,yes,,yes,,yes,,no,,yes,,yes,,yes,,no,,3.3,1064.9,1.217519,1250.0,1200.0,1990-07-08 03:00:00Z,0-25%,75-100%,['Beans'],,Rainfed,"['Intercropping', 'Weeding', 'Using Fertilizers']",5.0,5.0,5.0,5.0,10.0,0.0,1100.0,1100.0,2400.0,2400.0,1200.0,1200.0,At a hulling station,Supplier,
F-649,1.0,Luwero,1,yes,8.0,no,,no,,yes,Agricultural Use,Customary,,no,,yes,,yes,,yes,yes,,yes,,yes,,yes,,no,,yes,,yes,,yes,,no,,1.9,1134.7,1.181843,1020.0,1020.0,2008-06-07 03:00:00Z,0-25%,75-100%,"['Bananas', 'Beans']",,Rainfed,"['Using Fertilizers', 'Pruning', 'Weeding', 'Intercropping']",2.0,0.0,1.0,4.0,1.0,0.0,500.0,450.0,1000.0,1000.0,,500.0,It's picked from your farm,Supplier,
F-650,1.0,Luwero,1,yes,5.0,no,,no,,no,Agricultural Use,Agreement/lease,,no,,yes,,yes,,no,,,yes,,yes,,yes,,no,,yes,,yes,,yes,,no,,3.421,1097.357,0.550127,750.0,700.0,2005-08-13 03:00:00Z,0-25%,75-100%,"['Bananas', 'Beans']",,Rainfed,"['Pruning', 'Weeding', 'Intercropping']",1.0,1.0,0.0,2.0,2.0,0.0,300.0,400.0,400.0,400.0,,300.0,It's picked from your farm,Supplier,
F-651,1.0,Kayunga,1,yes,8.0,no,,no,,yes,Agricultural Use,Agreement/lease,,no,,yes,,yes,,no,,,yes,,yes,,Yes,,no,,yes,,yes,,yes,,no,,2.171,1061.551,0.177017,1000.0,1000.0,1992-07-04 03:00:00Z,0-25%,75-100%,"['Bananas', 'Beans']",,Rainfed,"['Pruning', 'Weeding']",0.0,0.0,0.0,0.0,2.0,0.0,1500.0,1450.0,3000.0,3000.0,,1500.0,It's picked from your farm,Hulling Station representative,
F-652,,Nakaseke,4,Yes,10.0,No,,No,,Yes,100% Agricultural,Other,,No,,Yes,,Yes,,No,,,No,,Yes,,Yes,,No,No child labor employed,Yes,,Yes,,Yes,,No,No corruption observed,,,3.422095,1000.0,1280.0,2015-03-09 03:00:00Z,0-25%,75-100%,,,Rainfed,"Intercropping, Soil Testing",10.0,1.0,0.0,1.0,8.0,0.0,,456.0,,2321.0,,728.0,Nakaseke,Local Trader,
F-653,1.0,Luwero,1,yes,6.0,no,,no,,yes,Agricultural Use,Title,,no,,yes,,yes,,yes,yes,,yes,,yes,,yes,,no,,yes,,yes,,yes,,no,,13.286,1078.045,0.646317,950.0,900.0,2017-04-19 03:00:00Z,0-25%,75-100%,"['Bananas', 'Millet']",,Rainfed,"['Intercropping', 'Weeding', 'Pruning']",15.0,0.0,0.0,15.0,0.0,0.0,1250.0,1125.0,2500.0,2500.0,,1250.0,At a hulling station,Supplier,
F-654,1.0,Luwero,1,yes,4.0,no,,no,,yes,Agricultural Use,Customary,,no,,yes,,yes,,yes,yes,,yes,,yes,,yes,,no,,yes,,yes,,yes,,no,,9.5,1143.8,0.650319,1350.0,1350.0,2006-03-07 03:00:00Z,0-25%,75-100%,"['Bananas', 'Beans']",,Rainfed,"['Using Fertilizers', 'Pruning', 'Weeding', 'Intercropping']",2.0,0.0,0.0,3.0,1.0,0.0,500.0,450.0,1000.0,1000.0,,500.0,It's picked from your farm,Supplier,
F-655,1.0,Luwero,1,yes,6.0,no,,no,,yes,Agricultural Use,Agreement/lease,,no,,yes,,yes,,no,,,yes,,yes,,yes,,no,,yes,,yes,,yes,,no,,10.5,1079.0,3.321102,1250.0,1200.0,2010-09-12 03:00:00Z,0-25%,75-100%,['Bananas'],,Rainfed,"['Pruning', 'Weeding', 'Intercropping']",0.0,4.0,0.0,4.0,4.0,0.0,1250.0,1200.0,2700.0,2700.0,,1250.0,It's picked from your farm,Supplier,
F-656,,Nakaseke,5,No,2.0,no,,No,,Yes,100% Agricultural,Customary,,No,,Yes,,Yes,,No,,,Yes,,Yes,,Yes,,No,No child labor employed,Yes,,Yes,Lack of training on rights,Yes,Unaware of tax obligations,No,No corruption observed,,,3.155318,304.0,919.0,,0-25%,75-100%,"Bananas, Cassava",,Rainfed,"Intercropping, Soil Testing",3.0,2.0,7.0,5.0,5.0,0.0,,1915.0,,161.0,,231.0,Nakaseke,Local Trader,
F-657,1.0,Kayunga,1,yes,4.0,no,,no,,yes,Agricultural Use,Customary,,no,,yes,,yes,,no,,,yes,,yes,,yes,,no,,yes,,yes,,yes,,no,,4.089,1066.9,1.214313,1050.0,1000.0,2000-08-13 03:00:00Z,0-25%,75-100%,"['Bananas', 'Beans']",,Rainfed,"['Intercropping', 'Weeding']",3.0,4.0,4.0,3.0,7.0,0.0,1000.0,850.0,2000.0,2000.0,,1000.0,It's picked from your farm,Supplier,
F-658,1.0,Luwero,1,yes,4.0,no,,no,,yes,Agricultural Use,Agreement/lease,,no,,yes,,yes,,no,,,yes,,yes,,yes,,no,,yes,,yes,,yes,,no,,5.882,1059.67,1.563388,1050.0,1000.0,2000-09-12 03:00:00Z,0-25%,75-100%,['Bananas'],,Rainfed,['Intercropping'],2.0,1.0,2.0,4.0,1.0,0.0,500.0,500.0,1200.0,1200.0,800.0,700.0,It's picked from your farm,Supplier,
F-659,1.0,Kayunga,1,yes,8.0,no,,no,,yes,Agricultural Use,Customary,,no,,yes,,yes,,yes,yes,,yes,,yes,,yes,,no,,yes,,yes,,yes,,no,,10.466,1045.69999999999,1.45696,2000.0,2000.0,2000-09-12 03:00:00Z,0-25%,75-100%,['Bananas'],,Rainfed,['Using Fertilizers'],20.0,10.0,10.0,20.0,11.0,12.0,2500.0,2250.0,5000.0,5000.0,,2500.0,At a hulling station,Hulling Station representative,
F-660,1.0,Luwero,More than 10,yes,5.0,no,,no,,yes,Agricultural Use,Agreement/lease,,no,,yes,,yes,,no,,,yes,,yes,,yes,,no,,yes,,yes,,yes,,no,,13.771,1071.7,0.527098,450.0,100.0,2013-02-01 03:00:00Z,0-25%,75-100%,['Bananas'],,Both(Rainfed+Irrigated),['Intercropping'],1.0,1.0,1.0,1.0,1.0,1.0,500.0,450.0,9000.0,9000.0,,500.0,It's picked from your farm,Supplier,
F-661,1.0,Luwero,1,yes,3.0,no,,no,,yes,Agricultural Use,Agreement/lease,,no,,yes,,yes,,no,,,yes,,yes,,yes,,no,,yes,,yes,,yes,,no,,1.168,1069.535,5.033641,1250.0,1200.0,1999-07-12 03:00:00Z,0-25%,75-100%,['Bananas'],,Rainfed,['Weeding'],1.0,1.0,1.0,3.0,0.0,0.0,200.0,200.0,1000.0,1000.0,500.0,300.0,It's picked from your farm,Supplier,
F-662,1.0,Kayunga,5,yes,4.0,no,,no,,no,Agricultural Use,Title,,no,,yes,,yes,,yes,yes,,yes,,yes,,yes,,no,,yes,,yes,,yes,,no,,0.8902468,1093.284,0.177353,800.0,70.0,2009-09-12 03:00:00Z,0-25%,75-100%,"['Bananas', 'Beans']",,Both(Rainfed+Irrigated),"['Using Fertilizers', 'Intercropping']",9.0,15.0,10.0,40.0,5.0,8.0,70.0,40.0,80.0,80.0,,70.0,It's picked from your farm,Supplier,
F-663,,Luwero,1,Yes,9.0,No,NALUVULE WOTOYITIDDE COFFEE FARMERS AND CORPORATIVE SOCIETY LTD,No,,Yes,100% Agricultural,Other,,No,,Yes,Lack of resources for buffer zones,No,,No,,,Yes,,Yes,,Yes,,No,No child labor employed,No,,Yes,,Yes,,No,No corruption observed,,,3.786628,1800.0,2531.0,2004-09-23 03:00:00Z,0-25%,75-100%,"Matoke, Groundnuts",,Rainfed,"Composting, Pest Management",4.0,5.0,7.0,4.0,1.0,0.0,,642.0,,3701.0,,2491.0,Luwero,Local Trader,
F-664,1.0,Kayunga,1,yes,10.0,no,,no,,yes,Agricultural Use,Agreement/lease,,no,,yes,,yes,,no,,,yes,,yes,,Yes,,no,,yes,,yes,,yes,,no,,15.798,1403.795,0.224555,1000.0,1000.0,1990-01-07 03:00:00Z,0-25%,75-100%,"['Bananas', 'Beans']",,Rainfed,"['Pruning', 'Weeding']",0.0,0.0,0.0,0.0,2.0,0.0,1500.0,1450.0,3000.0,3000.0,,1500.0,It's picked from your farm,Hulling Station representative,
F-665,,Luwero,2,Yes,6.0,No,,No,,Yes,100% Agricultural,Other,,No,,Yes,,Yes,,No,,,Yes,No interaction with cultural leaders,Yes,,Yes,,No,No child labor employed,Yes,Irregular schedules due to seasonal work,Yes,,No,,No,No corruption observed,,,7.938678,200.0,454.0,2000-05-08 03:00:00Z,0-25%,75-100%,,,Irrigated,"Mulching, Pruning",7.0,6.0,0.0,1.0,7.0,0.0,,1174.0,,1294.0,,2355.0,Luwero,Local Trader,
F-666,,Luwero,3,Yes,9.0,No,,No,,Yes,100% Agricultural,Customary,,No,,Yes,,Yes,,No,,,Yes,,Yes,,Yes,,No,No child labor employed,Yes,,Yes,,Yes,,No,No corruption observed,,,4.152652,1000.0,350.0,2019-12-08 03:00:00Z,0-25%,75-100%,"Matoke, Groundnuts",,Rainfed,"Mulching, Pruning",1.0,2.0,10.0,2.0,7.0,0.0,,1743.0,,481.0,,2036.0,Luwero,Local Trader,
F-667,1.0,Kayunga,2025-05-10 00:00:00,yes,2.0,no,,no,,no,Agricultural Use,Title,,no,,yes,,yes,,yes,yes,,yes,,yes,,yes,,no,,yes,,yes,,yes,,no,,3.216,1058.75341796875,1.637226,200.0,70.0,2007-08-15 03:00:00Z,0-25%,75-100%,['Beans'],,Irrigated,['Using Fertilizers'],15.0,10.0,10.0,40.0,3.0,2.0,150.0,100.0,200.0,200.0,,150.0,It's picked from your farm,Supplier,
F-668,1.0,Kayunga,1,yes,9.0,no,,no,,yes,Agricultural Use,Agreement/lease,,no,,yes,,yes,,yes,yes,,yes,,yes,,yes,,no,,yes,,yes,,yes,,no,,1.825,1063.3,1.980474,1200.0,1000.0,2001-08-09 03:00:00Z,0-25%,75-100%,['Bananas'],,Rainfed,"['Using Fertilizers', 'Weeding', 'Intercropping']",4.0,2.0,6.0,0.0,6.0,0.0,800.0,900.0,2000.0,2200.0,1000.0,1100.0,It's picked from your farm,Supplier,
F-669,,Luwero,3,No,5.0,No,,No,,Yes,100% Agricultural,Other,,No,,Yes,,Yes,,No,,,No,,Yes,,Yes,,No,No child labor employed,Yes,,Yes,Lack of training on rights,Yes,,No,No corruption observed,,,3.406928,1426.0,1651.0,1998-05-16 03:00:00Z,0-25%,75-100%,"Matoke, Groundnuts",,Rainfed,"Composting, Pest Management",5.0,1.0,3.0,4.0,6.0,0.0,,60.0,,4648.0,,424.0,Luwero,Local Trader,
F-670,,Luwero,3,No,5.0,No,,No,,Yes,100% Agricultural,Other,,No,,Yes,,Yes,,No,,,No,,Yes,,Yes,,No,No child labor employed,Yes,,Yes,Lack of training on rights,Yes,,No,No corruption observed,,,8.11782,950.0,1651.0,2010-10-08 03:00:00Z,0-25%,75-100%,"Matoke, Groundnuts",,Rainfed,"Composting, Pest Management",5.0,1.0,3.0,4.0,6.0,0.0,,60.0,,4648.0,,424.0,Luwero,Local Trader,
F-671,1.0,Kayunga,1,yes,3.0,no,,no,,no,Natural forest,Customary,,no,,yes,,yes,,yes,yes,,yes,,yes,,yes,,no,,yes,,yes,,yes,,no,,2.537,1105.9,0.675828,950.0,800.0,1999-08-09 03:00:00Z,0-25%,75-100%,['Bananas'],,Rainfed,['Using Fertilizers'],1.0,1.0,2.0,2.0,0.0,0.0,800.0,400.0,1600.0,1600.0,,800.0,It's picked from your farm,Hulling Station representative,
F-672,,Nakaseke,2,Yes,4.0,No,,No,,Yes,100% Agricultural,Customary,,No,,Yes,,Yes,,No,,,No,No interaction with cultural leaders,Yes,,Yes,,No,No child labor employed,Yes,,Yes,,Yes,,No,No corruption observed,,,3.933499,500.0,538.0,2009-08-03 03:00:00Z,0-25%,75-100%,"Maize, Beans",,Rainfed,"Intercropping, Soil Testing",4.0,4.0,5.0,1.0,1.0,0.0,,1597.0,,3301.0,,2027.0,Nakaseke,Local Trader,
F-673,1.0,Luwero,1,yes,8.0,no,,no,,yes,Agricultural Use,Agreement/lease,,no,,yes,,yes,,no,,,yes,,yes,,yes,,no,,yes,,yes,,yes,,no,,12.681,1091.054,1.209848,1400.0,1350.0,1995-08-10 03:00:00Z,0-25%,75-100%,['Bananas'],,Rainfed,"['Pruning', 'Weeding', 'Intercropping']",1.0,0.0,1.0,1.0,1.0,0.0,500.0,450.0,1000.0,1000.0,,500.0,It's picked from your farm,Supplier,
F-674,1.0,Kayunga,1,yes,6.0,no,,no,,yes,Natural forest,Customary,,no,,yes,,yes,,yes,yes,,yes,,yes,,yes,,no,,yes,,yes,,yes,,no,,2.1,1093.9,1.530073,800.0,600.0,2008-09-09 03:00:00Z,0-25%,75-100%,['Bananas'],,Rainfed,['Using Fertilizers'],1.0,1.0,1.0,2.0,1.0,1.0,600.0,300.0,1200.0,1200.0,,600.0,It's picked from your farm,Supplier,
F-675,1.0,Kayunga,1,yes,6.0,no,,no,,no,Agricultural Use,Agreement/lease,,no,,yes,,yes,,no,,,yes,,yes,,Yes,,no,,yes,,yes,,yes,,no,,9.71,1013.4,0.35617,850.0,800.0,2013-08-17 03:00:00Z,0-25%,75-100%,['Bananas'],,Rainfed,['Using Fertilizers'],2.0,0.0,0.0,2.0,0.0,0.0,700.0,550.0,1000.0,1000.0,,700.0,It's picked from your farm,Cooperative representative,
F-676,,Nakaseke,5,Yes,2.0,No,,No,,Yes,100% Agricultural,Deed of Property,,No,,Yes,,Yes,,No,,,No,,Yes,,Yes,,No,No child labor employed,Yes,Irregular schedules due to seasonal work,No,,No,,No,No corruption observed,,,6.283468,2500.0,485.0,1977-08-12 03:00:00Z,0-25%,75-100%,"Bananas, Cassava",,Rainfed,"Intercropping, Soil Testing",4.0,3.0,2.0,0.0,0.0,0.0,,1928.0,,2365.0,,1103.0,Nakaseke,Local Trader,
F-677,1.0,Kayunga,1,yes,8.0,no,,no,,yes,Agricultural Use,Agreement/lease,,no,,yes,,yes,,no,,,yes,,yes,,yes,,no,,yes,,yes,,yes,,no,,2.567,1088.0,0.42449,450.0,450.0,2000-09-10 03:00:00Z,0-25%,75-100%,['Bananas'],,Rainfed,['Weeding'],2.0,2.0,0.0,4.0,0.0,0.0,70.0,30.0,150.0,150.0,,70.0,It's picked from your farm,Supplier,
F-678,1.0,Luwero,1,yes,4.0,no,,no,,yes,Agricultural Use,Customary,,no,,yes,,yes,,no,,,yes,,yes,,yes,,no,,yes,,yes,,yes,,no,,13.339,1149.9,0.364624,150.0,150.0,2011-06-02 03:00:00Z,0-25%,75-100%,['Bananas'],,Rainfed,['Intercropping'],1.0,1.0,3.0,3.0,1.0,0.0,100.0,50.0,100.0,100.0,,100.0,It's picked from your farm,Supplier,
F-679,1.0,Kayunga,1,yes,5.0,no,,no,,yes,Agricultural Use,Title,,no,,yes,,yes,,yes,yes,,yes,,yes,,yes,,no,,yes,,yes,,yes,,no,,9.741,1083.4,0.107817,300.0,250.0,1970-09-25 03:00:00Z,0-25%,75-100%,"['Bananas', 'Beans']",,Rainfed,"['Using Fertilizers', 'Pruning', 'Weeding', 'Intercropping']",2.0,1.0,1.0,2.0,0.0,0.0,1500.0,1000.0,3000.0,3000.0,,1500.0,It's picked from your farm,Supplier,
F-680,1.0,Kayunga,2025-05-10 00:00:00,yes,5.0,no,,no,,no,Agricultural Use,Title,,no,,yes,,yes,,yes,yes,,yes,,yes,,yes,,no,,yes,,yes,,yes,,no,,4.288,1072.44201660156,0.454252,200.0,90.0,2006-05-04 03:00:00Z,0-25%,75-100%,['Beans'],,Irrigated,['Using Fertilizers'],20.0,15.0,10.0,50.0,3.0,2.0,150.0,150.0,100.0,100.0,,150.0,It's picked from your farm,Supplier,
F-681,1.0,Kayunga,1,yes,8.0,no,,no,,yes,Agricultural Use,Agreement/lease,,no,,yes,,yes,,no,,,yes,,yes,,yes,,no,,yes,,yes,,yes,,no,,2.2,1033.4,0.681535,1200.0,1000.0,2010-04-17 03:00:00Z,0-25%,75-100%,['Bananas'],,Rainfed,"['Using Fertilizers', 'Pruning', 'Weeding', 'Intercropping']",1.0,0.0,0.0,1.0,1.0,0.0,,650.0,,1500.0,,750.0,It's picked from your farm,Supplier,
F-682,1.0,Luwero,4,yes,5.0,no,,no,,yes,Agricultural Use,Agreement/lease,,no,,yes,,yes,,yes,yes,,yes,,yes,,yes,,no,,yes,,yes,,yes,,no,,8.5,1118.0,1.556086,360.0,100.0,2000-09-23 03:00:00Z,0-25%,75-100%,['Bananas'],,Rainfed,"['Pruning', 'Weeding']",2.0,2.0,4.0,5.0,0.0,0.0,250.0,500.0,1000.0,1000.0,,250.0,At a hulling station,Hulling Station representative,
F-683,1.0,Kayunga,More than 10,yes,6.0,no,,no,,no,Agricultural Use,Agreement/lease,,no,,yes,,yes,,yes,yes,,yes,,yes,,yes,,no,,yes,,yes,,yes,,no,,9.6,1060.5,0.888478,1050.0,1000.0,2009-09-12 03:00:00Z,0-25%,75-100%,"['Bananas', 'Tobacco']",,Both(Rainfed+Irrigated),['Using Fertilizers'],8.0,2.0,5.0,25.0,3.0,8.0,80.0,69.0,700.0,700.0,,80.0,At a hulling station,Supplier,
F-684,,Luwero,1,Yes,5.0,No,,No,,No,100% Agricultural,Other,,No,,Yes,,Yes,,No,,,Yes,,Yes,,Yes,,No,No child labor employed,Yes,,Yes,,Yes,,No,No corruption observed,,,3.147091,300.0,436.0,2011-02-08 03:00:00Z,0-25%,75-100%,"Bananas, Cassava",,Rainfed,"Mulching, Pruning",3.0,4.0,5.0,4.0,2.0,0.0,,1294.0,,3334.0,,632.0,Luwero,Local Trader,
F-685,,Luwero,1,Yes,5.0,No,,No,,No,100% Agricultural,Other,,No,,Yes,,Yes,,No,,,Yes,,Yes,,Yes,,No,No child labor employed,Yes,,Yes,,Yes,,No,No corruption observed,,,3.147091,400.0,436.0,2015-12-11 03:00:00Z,0-25%,75-100%,"Bananas, Cassava",,Rainfed,"Mulching, Pruning",3.0,4.0,5.0,4.0,2.0,0.0,,1294.0,,3334.0,,632.0,Luwero,Local Trader,
F-686,,Luwero,1,Yes,5.0,No,,No,,No,100% Agricultural,Other,,No,,Yes,,Yes,,No,,,Yes,,Yes,,Yes,,No,No child labor employed,Yes,,Yes,,Yes,,No,No corruption observed,,,2.759466,900.0,436.0,2007-02-11 03:00:00Z,0-25%,75-100%,"Bananas, Cassava",,Rainfed,"Mulching, Pruning",3.0,4.0,5.0,4.0,2.0,0.0,,1294.0,,3334.0,,632.0,Luwero,Local Trader,
F-687,,Luwero,1,Yes,5.0,No,,No,,No,100% Agricultural,Other,,No,,Yes,,Yes,,No,,,Yes,,Yes,,Yes,,No,No child labor employed,Yes,,Yes,,Yes,,No,No corruption observed,,,3.147091,400.0,436.0,2009-01-05 03:00:00Z,0-25%,75-100%,"Bananas, Cassava",,Rainfed,"Mulching, Pruning",3.0,4.0,5.0,4.0,2.0,0.0,,1294.0,,3334.0,,632.0,Luwero,Local Trader,
F-688,1.0,Kayunga,1,yes,1.0,no,,no,,no,Agricultural Use,Title,,no,,yes,,yes,,yes,yes,,yes,,yes,,yes,,no,,yes,,yes,,yes,,no,,5.3,1104.0,0.304277,700.0,650.0,1990-12-12 03:00:00Z,0-25%,75-100%,"['Bananas', 'Tobacco']",,Rainfed,"['Using Fertilizers', 'Weeding']",1.0,0.0,0.0,10.0,0.0,0.0,400.0,200.0,700.0,700.0,,400.0,It's picked from your farm,Supplier,
F-689,1.0,Kayunga,1,yes,8.0,no,,no,,yes,Agricultural Use,Agreement/lease,,no,,yes,,yes,,no,,,yes,,yes,,yes,,no,,yes,,yes,,yes,,no,,2.6,1036.3,0.507528,1300.0,1000.0,2000-02-12 03:00:00Z,0-25%,75-100%,['Beans'],,Rainfed,"['Intercropping', 'Weeding']",5.0,5.0,4.0,6.0,10.0,0.0,850.0,850.0,2000.0,2000.0,1000.0,1000.0,At a hulling station,Supplier,
F-690,1.0,Kayunga,1,yes,4.0,no,,no,,yes,Agricultural Use,Agreement/lease,,no,,yes,,yes,,no,,,yes,,yes,,yes,,no,,yes,,yes,,yes,,no,,3.5,1085.3,0.575551,1250.0,1200.0,2019-04-12 03:00:00Z,0-25%,75-100%,['Bananas'],,Rainfed,"['Weeding', 'Intercropping']",3.0,3.0,4.0,2.0,6.0,0.0,1250.0,1100.0,2500.0,2500.0,,1250.0,It's picked from your farm,Supplier,
F-691,1.0,Luwero,2,yes,5.0,yes,Bukeeke cooperative,no,,yes,Agricultural Use,Title,,no,,yes,,yes,,yes,yes,,yes,,yes,,yes,,no,,yes,,yes,,yes,,no,,10.0,1138.0,1.115415,360.0,100.0,2010-01-08 03:00:00Z,0-25%,75-100%,['Bananas'],,Rainfed,"['Using Fertilizers', 'Pruning', 'Weeding']",2.0,3.0,3.0,5.0,0.0,0.0,1000.0,1200.0,2000.0,2000.0,,1000.0,At a hulling station,Hulling Station representative,
F-692,1.0,Kayunga,1,yes,7.0,no,,no,,yes,Agricultural Use,Customary,,no,,yes,,yes,,yes,yes,,yes,,yes,,yes,,no,,yes,,yes,,yes,,no,,5.5,1031.8,0.410524,1000.0,800.0,2006-04-14 03:00:00Z,0-25%,75-100%,['Bananas'],,Rainfed,"['Using Fertilizers', 'Pruning', 'Weeding']",2.0,2.0,0.0,4.0,4.0,0.0,809.0,700.0,1600.0,1600.0,,809.0,It's picked from your farm,Supplier,
F-693,1.0,Kayunga,1,yes,9.0,no,,no,,no,Agricultural Use,Agreement/lease,,no,,yes,,yes,,yes,yes,,yes,,yes,,Yes,,no,,yes,,yes,,yes,,no,,14.082,1099.9,0.976041,1350.0,1300.0,2008-06-12 03:00:00Z,0-25%,75-100%,['Bananas'],,Rainfed,['Using Fertilizers'],4.0,0.0,0.0,4.0,0.0,0.0,800.0,600.0,1100.0,1100.0,,800.0,It's picked from your farm,Cooperative representative,
F-694,1.0,Luwero,1,yes,8.0,no,,no,,yes,Agricultural Use,Title,,no,,yes,,yes,,no,,,yes,,yes,,yes,,no,,yes,,yes,,yes,,no,,6.685,1100.729,4.278096,1800.0,1800.0,1994-08-12 03:00:00Z,0-25%,75-100%,['Bananas'],,Rainfed,"['Pruning', 'Weeding']",3.0,0.0,3.0,1.0,3.0,0.0,500.0,450.0,1000.0,1000.0,,500.0,It's picked from your farm,Supplier,
F-695,1.0,Kayunga,1,yes,8.0,no,,no,,no,Agricultural Use,Customary,,no,,yes,,yes,,yes,yes,,yes,,yes,,yes,,no,,yes,,yes,,yes,,no,,10.6,1074.5,0.298354,4500.0,1300.0,1980-07-20 03:00:00Z,0-25%,75-100%,['Bananas'],,Rainfed,"['Using Fertilizers', 'Weeding', 'Intercropping']",3.0,1.0,4.0,0.0,1.0,0.0,1900.0,1900.0,4000.0,4000.0,2000.0,2000.0,It's picked from your farm,Supplier,
F-696,1.0,Kayunga,1,yes,5.0,no,,no,,no,Agricultural Use,Agreement/lease,,no,,yes,,yes,,no,,,yes,,yes,,Yes,,no,,yes,,yes,,yes,,no,,1.9,1063.6,0.546175,1250.0,1200.0,2011-03-12 03:00:00Z,0-25%,75-100%,['Bananas'],,Rainfed,['Using Fertilizers'],3.0,0.0,0.0,3.0,0.0,0.0,700.0,600.0,1000.0,1000.0,,700.0,It's picked from your farm,Cooperative representative,
F-697,1.0,Luwero,1,yes,5.0,no,,no,,yes,Agricultural Use,Agreement/lease,,no,,yes,,yes,,no,,,yes,,yes,,yes,,no,,yes,,yes,,yes,,no,,2.965,1100.38,0.629358,1850.0,1800.0,2001-08-09 03:00:00Z,0-25%,75-100%,['Bananas'],,Rainfed,"['Pruning', 'Weeding', 'Intercropping', 'Using Fertilizers']",3.0,0.0,3.0,1.0,3.0,0.0,1000.0,900.0,2000.0,2000.0,,1000.0,It's picked from your farm,Supplier,
F-698,1.0,Kayunga,More than 10,yes,6.0,no,,no,,no,Agricultural Use,Title,,no,,yes,,yes,,yes,yes,,yes,,yes,,yes,,no,,yes,,yes,,yes,,no,,1.7,1050.7,1.932935,60.0,32.0,2000-09-21 03:00:00Z,0-25%,75-100%,"['Bananas', 'Beans']",,Both(Rainfed+Irrigated),['Using Fertilizers'],4.0,1.0,2.0,15.0,6.0,5.0,300.0,75.0,600.0,600.0,,300.0,At a hulling station,Supplier,
F-699,1.0,Kayunga,1,yes,3.0,no,,no,,yes,Agricultural Use,Agreement/lease,,no,,yes,,yes,,no,,,yes,,yes,,yes,,no,,yes,,yes,,yes,,no,,3.9,1079.9,0.304259,450.0,400.0,2018-02-12 03:00:00Z,0-25%,75-100%,['Beans'],,Rainfed,"['Intercropping', 'Weeding']",2.0,1.0,1.0,2.0,3.0,0.0,450.0,400.0,900.0,900.0,,450.0,At a hulling station,Supplier,
F-700,1.0,Kayunga,1,yes,4.0,no,,no,,yes,Agricultural Use,Agreement/lease,,no,,yes,,yes,,yes,yes,,yes,,yes,,Yes,,no,,yes,,yes,,yes,,no,,2.5,1124.6,1.115226,800.0,700.0,2010-03-12 03:00:00Z,0-25%,75-100%,['Bananas'],,Rainfed,['Using Fertilizers'],2.0,1.0,1.0,2.0,0.0,0.0,700.0,500.0,900.0,900.0,,700.0,It's picked from your farm,Cooperative representative,
F-701,,Nakaseke,5,Yes,3.0,No,,No,,No,100% Agricultural,Other,,No,,Yes,,Yes,,No,,,Yes,,Yes,,Yes,,No,No child labor employed,Yes,,No,,Yes,,No,No corruption observed,,,5.628292,3200.0,1481.0,2004-03-12 03:00:00Z,0-25%,75-100%,,,Irrigated,"Mulching, Pruning",2.0,4.0,6.0,5.0,3.0,0.0,,649.0,,2612.0,,1620.0,Nakaseke,Local Trader,
F-702,,Nakaseke,1,Yes,2.0,No,,No,,No,100% Agricultural,Customary,,No,,No,,No,,No,,,No,No interaction with cultural leaders,Yes,,Yes,,No,No child labor employed,Yes,,Yes,,Yes,,No,No corruption observed,,,6.399799,800.0,554.0,,0-25%,75-100%,,,Rainfed,"Intercropping, Soil Testing",2.0,6.0,10.0,5.0,4.0,0.0,,1115.0,,4991.0,,763.0,Nakaseke,Local Trader,
F-703,,Nakaseke,1,Yes,2.0,No,,No,,No,100% Agricultural,Customary,,No,,No,,No,,No,,,No,No interaction with cultural leaders,Yes,,Yes,,No,No child labor employed,Yes,,Yes,,Yes,,No,No corruption observed,,,2.732931,80.0,554.0,2017-02-16 03:00:00Z,0-25%,75-100%,,,Rainfed,"Intercropping, Soil Testing",2.0,6.0,10.0,5.0,4.0,0.0,,1115.0,,4991.0,,763.0,Nakaseke,Local Trader,
F-704,,Nakaseke,1,Yes,2.0,No,,No,,No,100% Agricultural,Customary,,No,,No,,No,,No,,,No,No interaction with cultural leaders,Yes,,Yes,,No,No child labor employed,Yes,,Yes,,Yes,,No,No corruption observed,,,1.340739,76.0,554.0,2013-06-20 03:00:00Z,0-25%,75-100%,,,Rainfed,"Intercropping, Soil Testing",2.0,6.0,10.0,5.0,4.0,0.0,,1115.0,,4991.0,,763.0,Nakaseke,Local Trader,
F-705,,Nakaseke,1,Yes,2.0,No,,No,,No,100% Agricultural,Customary,,No,,No,,No,,No,,,No,No interaction with cultural leaders,Yes,,Yes,,No,No child labor employed,Yes,,Yes,,Yes,,No,No corruption observed,,,2.732931,200.0,554.0,2017-02-14 03:00:00Z,0-25%,75-100%,,,Rainfed,"Intercropping, Soil Testing",2.0,6.0,10.0,5.0,4.0,0.0,,1115.0,,4991.0,,763.0,Nakaseke,Local Trader,
F-706,1.0,Kayunga,1,yes,2.0,no,,no,,no,Agricultural Use,Agreement/lease,,no,,yes,,yes,,no,,,yes,,yes,,yes,,no,,yes,,yes,,yes,,no,,3.2,1080.1,1.02119,1050.0,1000.0,1975-05-12 03:00:00Z,0-25%,75-100%,['Bananas'],,Rainfed,"['Intercropping', 'Weeding']",3.0,2.0,1.0,4.0,5.0,0.0,1050.0,950.0,2100.0,2100.0,,1050.0,It's picked from your farm,Supplier,
F-707,1.0,Kayunga,1,yes,8.0,no,,no,,no,Natural forest,Customary,,no,,yes,,yes,,yes,yes,,yes,,yes,,yes,,no,,yes,,yes,,yes,,no,,2.18,1105.8,0.285837,800.0,600.0,2000-09-09 03:00:00Z,0-25%,75-100%,['Bananas'],,Rainfed,['Using Fertilizers'],1.0,1.0,2.0,2.0,1.0,0.0,800.0,400.0,1600.0,1600.0,,800.0,It's picked from your farm,Supplier,
F-708,,Nakaseke,2,No,7.0,No,,No,,No,100% Agricultural,Lease,,No,,Yes,,Yes,,No,,,No,No interaction with cultural leaders,Yes,,Yes,,No,No child labor employed,Yes,,Yes,Lack of training on rights,Yes,,No,No corruption observed,,,4.181741,1600.0,249.0,,0-25%,75-100%,,,Rainfed,"Mulching, Pruning",2.0,0.0,9.0,3.0,6.0,0.0,,1910.0,,640.0,,1447.0,Nakaseke,Local Trader,
F-709,1.0,Kayunga,2025-05-10 00:00:00,yes,6.0,no,,no,,no,Agricultural Use,Title,,no,,yes,,yes,,yes,yes,,yes,,yes,,yes,,no,,yes,,yes,,yes,,no,,7.504,1072.14831542968,1.852412,100.0,70.0,2006-04-14 03:00:00Z,0-25%,75-100%,['Beans'],,Irrigated,['Using Fertilizers'],10.0,5.0,10.0,30.0,3.0,2.0,150.0,140.0,100.0,100.0,,150.0,It's picked from your farm,Supplier,
F-710,1.0,Luwero,1,yes,6.0,no,,no,,yes,Agricultural Use,Customary,,no,,yes,,yes,,yes,yes,,yes,,yes,,yes,,no,,yes,,yes,,yes,,no,,9.5,1133.6,0.988595,1350.0,1350.0,2007-08-06 03:00:00Z,0-25%,75-100%,"['Bananas', 'Beans']",,Rainfed,"['Using Fertilizers', 'Pruning', 'Weeding', 'Intercropping']",2.0,0.0,0.0,4.0,2.0,0.0,500.0,450.0,1000.0,1000.0,,500.0,It's picked from your farm,Supplier,
F-711,1.0,Kayunga,2,yes,4.0,no,,no,,no,Natural forest,Customary,,no,,yes,,yes,,yes,yes,,yes,,yes,,yes,,no,,yes,,yes,,yes,,no,,1.75,1098.8,0.358385,900.0,800.0,2000-08-08 03:00:00Z,0-25%,75-100%,['Bananas'],,Rainfed,['Using Fertilizers'],1.0,1.0,1.0,2.0,1.0,0.0,800.0,400.0,1600.0,1600.0,,800.0,It's picked from your farm,Supplier,
F-712,1.0,Kayunga,1,yes,6.0,no,,no,,yes,Agricultural Use,Customary,,no,,yes,,yes,,no,,,yes,,yes,,yes,,no,,yes,,yes,,yes,,no,,1.1986967,1051.637,0.276534,1300.0,1000.0,2000-06-08 03:00:00Z,0-25%,75-100%,['Bananas'],,Rainfed,"['Using Fertilizers', 'Pruning', 'Weeding', 'Intercropping']",6.0,2.0,2.0,6.0,8.0,0.0,1000.0,900.0,2000.0,2000.0,,1000.0,At a hulling station,Supplier,
F-713,,Luwero,1,Yes,3.0,No,,No,,No,100% Agricultural,Customary,,No,,Yes,,Yes,,No,,,Yes,,Yes,,Yes,,No,No child labor employed,Yes,Irregular schedules due to seasonal work,No,,Yes,,No,No corruption observed,,,3.447423,1200.0,629.0,2010-09-12 03:00:00Z,0-25%,75-100%,,,Rainfed,"Intercropping, Soil Testing",8.0,11.0,3.0,2.0,9.0,0.0,,316.0,,517.0,,407.0,Luwero,Local Trader,
F-714,1.0,Luwero,1,yes,7.0,no,,no,,yes,Agricultural Use,Agreement/lease,,no,,yes,,yes,,no,,,yes,,yes,,yes,,no,,yes,,yes,,yes,,no,,1.111,1100.953,0.75404,1800.0,1800.0,2000-04-08 03:00:00Z,0-25%,75-100%,['Bananas'],,Rainfed,"['Pruning', 'Weeding']",2.0,0.0,2.0,1.0,2.0,0.0,500.0,450.0,1000.0,1000.0,,500.0,It's picked from your farm,Supplier,
F-715,1.0,Luwero,1,yes,3.0,no,,no,,yes,Agricultural Use,Agreement/lease,,no,,yes,,yes,,yes,yes,,yes,,yes,,yes,,no,,yes,,yes,,yes,,no,,11.0,1087.0,2.881284,1050.0,1000.0,2010-06-12 03:00:00Z,0-25%,75-100%,"['Bananas', 'Beans']",,Rainfed,"['Using Fertilizers', 'Pruning', 'Weeding']",3.0,1.0,0.0,3.0,0.0,0.0,9000.0,9000.0,9000.0,9000.0,,5000.0,At a hulling station,Hulling Station representative,
F-716,,Luwero,5,Yes,6.0,No,,No,,Yes,100% Agricultural,Deed of Property,,No,,Yes,,Yes,,No,,,Yes,,Yes,,Yes,,No,No child labor employed,Yes,,Yes,,Yes,,No,No corruption observed,,,1.963524,315.0,653.0,2000-04-12 03:00:00Z,0-25%,75-100%,"Maize, Beans",,Rainfed,"Intercropping, Soil Testing",1.0,2.0,10.0,5.0,4.0,0.0,,68.0,,2477.0,,2319.0,Luwero,Local Trader,
F-717,,Luwero,5,Yes,6.0,No,,No,,Yes,100% Agricultural,Deed of Property,,No,,Yes,,Yes,,No,,,Yes,,Yes,,Yes,,No,No child labor employed,Yes,,Yes,,Yes,,No,No corruption observed,,,2.391372,210.0,653.0,2000-08-12 03:00:00Z,0-25%,75-100%,"Maize, Beans",,Rainfed,"Intercropping, Soil Testing",1.0,2.0,10.0,5.0,4.0,0.0,,68.0,,2477.0,,2319.0,Luwero,Local Trader,
F-718,1.0,Luwero,3,yes,8.0,no,,no,,yes,Agricultural Use,Customary,,no,,yes,,yes,,no,,,yes,,yes,,yes,,no,,yes,,yes,,yes,,no,,2.9,1114.1,1.56454,1050.0,1000.0,2016-04-14 03:00:00Z,0-25%,75-100%,['Beans'],,Rainfed,"['Using Fertilizers', 'Weeding']",2.0,2.0,0.0,0.0,2.0,0.0,850.0,450.0,1200.0,1200.0,,850.0,It's picked from your farm,Supplier,
F-719,1.0,Kayunga,1,yes,6.0,no,,no,,no,Agricultural Use,Agreement/lease,,no,,yes,,yes,,no,,,yes,,yes,,Yes,,no,,yes,,yes,,yes,,no,,2.3,992.7,1.759189,950.0,900.0,2009-03-12 03:00:00Z,0-25%,75-100%,['Bananas'],,Rainfed,['Using Fertilizers'],2.0,2.0,2.0,3.0,1.0,0.0,700.0,500.0,1000.0,1000.0,,700.0,It's picked from your farm,Cooperative representative,
F-720,,Nakaseke,4,No,2.0,No,,No,,Yes,100% Agricultural,Lease,,No,,Yes,,No,,No,,,Yes,No interaction with cultural leaders,No,,Yes,,No,No child labor employed,Yes,,Yes,,Yes,,No,No corruption observed,,,2.132768,220.0,2003.0,2019-01-07 03:00:00Z,0-25%,75-100%,"Bananas, Cassava",,Rainfed,"Intercropping, Soil Testing",10.0,7.0,3.0,4.0,9.0,0.0,,777.0,,171.0,,755.0,Nakaseke,Local Trader,
F-721,,Nakaseke,4,No,2.0,No,,No,,Yes,100% Agricultural,Lease,,No,,Yes,,No,,No,,,Yes,No interaction with cultural leaders,No,,Yes,,No,No child labor employed,Yes,,Yes,,Yes,,No,No corruption observed,,,0.977279,220.0,2003.0,2019-03-07 03:00:00Z,0-25%,75-100%,"Bananas, Cassava",,Rainfed,"Intercropping, Soil Testing",10.0,7.0,3.0,4.0,9.0,0.0,,777.0,,171.0,,755.0,Nakaseke,Local Trader,
F-722,,Nakaseke,4,No,2.0,Yes,Lukika coffee group,No,,Yes,100% Agricultural,Lease,,No,,Yes,,No,,No,,,Yes,No interaction with cultural leaders,No,,Yes,,No,No child labor employed,Yes,,Yes,,Yes,,No,No corruption observed,,,4.013345,1000.0,2003.0,1975-03-01 03:00:00Z,0-25%,75-100%,"Bananas, Cassava",,Rainfed,"Intercropping, Soil Testing",10.0,7.0,3.0,4.0,9.0,0.0,,777.0,,171.0,,755.0,Nakaseke,Local Trader,
F-723,1.0,Luwero,1,yes,7.0,no,,no,,yes,Agricultural Use,Customary,,no,,yes,,yes,,yes,yes,,yes,,yes,,yes,,no,,yes,,yes,,yes,,no,,5.9,1128.8,4.280034,1800.0,1800.0,2008-07-08 03:00:00Z,0-25%,75-100%,"['Bananas', 'Beans']",,Rainfed,"['Using Fertilizers', 'Pruning', 'Weeding', 'Intercropping']",2.0,0.0,1.0,4.0,1.0,0.0,1000.0,900.0,2000.0,2000.0,,1000.0,It's picked from your farm,Supplier,
F-724,,Luwero,2,Yes,8.0,No,,No,,Yes,100% Agricultural,Deed of Property,,No,,Yes,,No,,No,,,No,No interaction with cultural leaders,Yes,,Yes,,No,No child labor employed,Yes,,Yes,,Yes,Unaware of tax obligations,No,No corruption observed,,,7.256558,1240.0,671.0,1990-08-12 03:00:00Z,0-25%,75-100%,"Maize, Beans",,Irrigated,"Mulching, Pruning",3.0,2.0,0.0,2.0,0.0,0.0,,717.0,,3649.0,,1367.0,Luwero,Local Trader,
F-725,1.0,Kayunga,1,no,4.0,no,,no,,yes,Agricultural Use,Agreement/lease,,no,,yes,,yes,,no,,,yes,,yes,,Yes,,no,,yes,,yes,,yes,,no,,2.1,1072.0,0.171487,100.0,70.0,2009-04-29 03:00:00Z,0-25%,75-100%,['Bananas'],,Rainfed,['Weeding'],1.0,1.0,0.0,2.0,0.0,0.0,15.0,500.0,50.0,50.0,,15.0,It's picked from your farm,Supplier,
F-726,1.0,Luwero,1,yes,4.0,no,,no,,yes,Agricultural Use,Agreement/lease,,no,,yes,,yes,,no,,,yes,,yes,,yes,,no,,yes,,yes,,yes,,no,,0.7,1097.978,0.74726,2150.0,2100.0,1993-08-10 03:00:00Z,0-25%,75-100%,['Bananas'],,Rainfed,['Weeding'],2.0,2.0,3.0,2.0,4.0,0.0,2250.0,2100.0,4500.0,4500.0,,2250.0,It's picked from your farm,Supplier,
F-727,1.0,Kayunga,1,yes,5.0,no,,no,,yes,Agricultural Use,Agreement/lease,,no,,yes,,yes,,no,,,yes,,yes,,Yes,,no,,yes,,yes,,yes,,no,,0.8361828,1078.614,0.271496,850.0,800.0,2005-03-12 03:00:00Z,0-25%,75-100%,['Bananas'],,Rainfed,['Using Fertilizers'],1.0,2.0,1.0,2.0,0.0,0.0,800.0,400.0,900.0,900.0,,800.0,It's picked from your farm,Cooperative representative,
F-728,1.0,Kayunga,1,yes,4.0,no,,no,,yes,Agricultural Use,Customary,,no,,yes,,yes,,no,,,yes,,yes,,yes,,no,,yes,,yes,,yes,,no,,2.6,1098.6,0.14661,1050.0,1000.0,2015-08-12 03:00:00Z,0-25%,75-100%,['Bananas'],,Rainfed,"['Intercropping', 'Weeding']",4.0,3.0,5.0,2.0,7.0,0.0,1100.0,1000.0,2200.0,2200.0,,1100.0,At a hulling station,Supplier,
F-729,,Luwero,5,No,6.0,No,,No,,Yes,100% Agricultural,Customary,,No,,Yes,,Yes,,No,,,No,,Yes,,Yes,,No,No child labor employed,Yes,,Yes,,Yes,,No,No corruption observed,,,2.377329,1200.0,2167.0,1990-02-19 03:00:00Z,0-25%,75-100%,"Matoke, Groundnuts",,Rainfed,"Composting, Pest Management",1.0,1.0,7.0,4.0,1.0,0.0,,1494.0,,3628.0,,2388.0,Luwero,Local Trader,
F-730,,Luwero,5,No,6.0,No,,No,,Yes,100% Agricultural,Customary,,No,,Yes,,Yes,,No,,,No,,Yes,,Yes,,No,No child labor employed,Yes,,Yes,,Yes,,No,No corruption observed,,,0.847593,390.0,2167.0,2000-06-13 03:00:00Z,0-25%,75-100%,"Matoke, Groundnuts",,Rainfed,"Composting, Pest Management",1.0,1.0,7.0,4.0,1.0,0.0,,1494.0,,3628.0,,2388.0,Luwero,Local Trader,
F-731,1.0,Luwero,1,yes,11.0,no,,no,,yes,Agricultural Use,Agreement/lease,,no,,yes,,yes,,no,,,yes,,yes,,yes,,no,,yes,,yes,,yes,,no,,2.557,1042.483,0.268432,300.0,100.0,2012-03-02 03:00:00Z,0-25%,75-100%,['Bananas'],,Rainfed,['Intercropping'],3.0,3.0,5.0,4.0,2.0,0.0,100.0,50.0,150.0,150.0,,100.0,It's picked from your farm,Supplier,
F-732,1.0,Kayunga,1,yes,3.0,no,,no,,no,Agricultural Use,Title,,no,,yes,,yes,,yes,yes,,yes,,yes,,yes,,no,,yes,,yes,,yes,,no,,8.259,1105.8,0.505067,950.0,900.0,1998-02-12 03:00:00Z,0-25%,75-100%,"['Bananas', 'Tobacco']",,Rainfed,"['Using Fertilizers', 'Weeding', 'Intercropping']",1.0,0.0,0.0,1.0,0.0,0.0,600.0,300.0,1800.0,1800.0,,600.0,It's picked from your farm,Supplier,
F-733,1.0,Luwero,2,yes,4.0,no,,no,,yes,Agricultural Use,Title,,no,,yes,,yes,,yes,yes,,yes,,yes,,yes,,no,,yes,,yes,,yes,,no,,2.1,1113.3,1.687405,1200.0,1200.0,2017-08-12 03:00:00Z,0-25%,75-100%,"['Bananas', 'Beans']",,Rainfed,"['Weeding', 'Pruning', 'Intercropping']",3.0,3.0,1.0,4.0,4.0,0.0,600.0,300.0,1200.0,1200.0,,600.0,It's picked from your farm,Supplier,
F-734,,Luwero,3,No,6.0,No,,No,,Yes,100% Agricultural,Customary,,No,,Yes,,Yes,,No,,,Yes,,Yes,,Yes,,No,No child labor employed,Yes,,Yes,,Yes,Unaware of tax obligations,No,No corruption observed,,,3.615983,2750.0,1128.0,2000-05-01 03:00:00Z,0-25%,75-100%,,,Rainfed,"Mulching, Pruning",8.0,6.0,8.0,0.0,1.0,0.0,,1376.0,,4785.0,,2074.0,Luwero,Local Trader,
F-735,1.0,Luwero,1,yes,7.0,no,,no,,yes,Agricultural Use,Customary,,no,,yes,,yes,,yes,yes,,yes,,yes,,yes,,no,,yes,,yes,,yes,,no,,7.8,1110.0,4.178949,3600.0,3600.0,2006-06-07 03:00:00Z,0-25%,75-100%,"['Bananas', 'Beans']",,Rainfed,"['Using Fertilizers', 'Pruning', 'Weeding', 'Intercropping']",0.0,2.0,1.0,4.0,1.0,0.0,2000.0,1800.0,4000.0,4000.0,,2000.0,It's picked from your farm,Supplier,
F-736,1.0,Kayunga,1,no,6.0,no,,no,,yes,Agricultural Use,Agreement/lease,,no,,yes,,yes,,no,,,yes,,yes,,yes,,no,,yes,,yes,,yes,,no,,9.3,1089.69999999999,0.559229,1250.0,1200.0,2013-09-23 03:00:00Z,0-25%,75-100%,"['Bananas', 'Beans']",,Rainfed,['Weeding'],8.0,4.0,6.0,6.0,12.0,0.0,1000.0,900.0,2000.0,2000.0,,1000.0,At a hulling station,Supplier,
F-737,1.0,Kayunga,1,yes,4.0,no,,no,,yes,Agricultural Use,Agreement/lease,,no,,yes,,yes,,yes,yes,,yes,,yes,,yes,,no,,yes,,yes,,yes,,no,,6.3,1054.0,3.70036,1000.0,1000.0,2018-04-12 03:00:00Z,0-25%,75-100%,['Bananas'],,Rainfed,['Weeding'],1.0,1.0,0.0,2.0,0.0,0.0,3000.0,2000.0,2500.0,2500.0,,3000.0,It's picked from your farm,Supplier,
F-738,1.0,Kayunga,1,yes,4.0,no,,no,,yes,Agricultural Use,Customary,,no,,yes,,yes,,no,,,yes,,yes,,yes,,no,,yes,,yes,,yes,,no,,2.3,1062.69999999999,0.666091,1050.0,1000.0,1990-08-13 03:00:00Z,0-25%,75-100%,"['Bananas', 'Beans']",,Rainfed,"['Intercropping', 'Weeding']",4.0,3.0,4.0,3.0,7.0,0.0,1000.0,850.0,2000.0,2000.0,,1000.0,It's picked from your farm,Supplier,
F-739,1.0,Kayunga,1,yes,2.0,no,,no,,yes,Agricultural Use,Customary,,no,,yes,,yes,,no,,,yes,,yes,,yes,,no,,yes,,yes,,yes,,no,,2.5,1061.6,0.461233,1050.0,1000.0,2018-08-12 03:00:00Z,0-25%,75-100%,['Beans'],,Rainfed,['Intercropping'],5.0,3.0,6.0,2.0,8.0,0.0,850.0,850.0,2000.0,2000.0,1000.0,1000.0,At a hulling station,Supplier,
F-740,1.0,Kayunga,1,yes,8.0,no,,no,,yes,Agricultural Use,Agreement/lease,,no,,yes,,yes,,no,,,yes,,yes,,yes,,no,,yes,,yes,,yes,,no,,1.125545,1055.308,1.362516,1700.0,1500.0,2000-06-07 03:00:00Z,0-25%,75-100%,['Bananas'],,Rainfed,"['Using Fertilizers', 'Pruning', 'Weeding', 'Intercropping']",8.0,2.0,2.0,8.0,10.0,0.0,1500.0,1350.0,3000.0,3000.0,,1500.0,It's picked from your farm,Supplier,
F-741,1.0,Kayunga,1,yes,6.0,no,,no,,yes,Agricultural Use,Customary,,no,,yes,,yes,,no,,,yes,,yes,,yes,,no,,yes,,yes,,yes,,no,,9.8,1073.4,0.208103,1050.0,1000.0,1998-05-13 03:00:00Z,0-25%,75-100%,['Beans'],,Rainfed,"['Intercropping', 'Weeding']",3.0,2.0,2.0,3.0,5.0,0.0,1000.0,950.0,2000.0,2000.0,,1000.0,At a hulling station,Supplier,
F-742,1.0,Kayunga,1,no,4.0,no,,no,,yes,Agricultural Use,Agreement/lease,,no,,yes,,yes,,no,,,yes,,yes,,Yes,,no,,yes,,yes,,yes,,no,,0.898,1059.486,0.818801,1000.0,1000.0,1960-01-01 03:00:00Z,0-25%,75-100%,"['Bananas', 'Beans']",,Rainfed,"['Pruning', 'Weeding']",0.0,0.0,0.0,0.0,2.0,0.0,1475.0,1475.0,3000.0,3000.0,1500.0,1500.0,It's picked from your farm,Hulling Station representative,
F-743,,Luwero,3,No,3.0,No,,No,,Yes,100% Agricultural,Other,,No,,Yes,,Yes,,No,,,No,No interaction with cultural leaders,Yes,,Yes,,No,No child labor employed,Yes,,Yes,,Yes,,No,No corruption observed,,,3.977936,1250.0,1504.0,1996-03-19 03:00:00Z,0-25%,75-100%,,,Rainfed,"Intercropping, Soil Testing",3.0,6.0,10.0,4.0,5.0,0.0,,1687.0,,301.0,,746.0,Luwero,Local Trader,
F-744,1.0,Luwero,1,yes,7.0,no,,no,,yes,Agricultural Use,Customary,,no,,yes,,yes,,yes,yes,,yes,,yes,,yes,,no,,yes,,yes,,yes,,no,,9.4,1147.5,2.396171,1350.0,1350.0,2008-07-08 03:00:00Z,0-25%,75-100%,"['Bananas', 'Beans']",,Rainfed,"['Using Fertilizers', 'Pruning', 'Weeding', 'Intercropping']",2.0,0.0,1.0,4.0,1.0,0.0,500.0,450.0,1000.0,1000.0,,500.0,It's picked from your farm,Supplier,
F-745,1.0,Kayunga,1,yes,9.0,no,,no,,yes,Agricultural Use,Title,,no,,yes,,yes,,yes,yes,,yes,,yes,,yes,,no,,yes,,yes,,yes,,no,,10.8,1085.4,1.442339,1250.0,1200.0,1990-04-13 03:00:00Z,0-25%,75-100%,['Bananas'],,Rainfed,['Intercropping'],3.0,1.0,4.0,0.0,4.0,0.0,2400.0,1200.0,4800.0,4800.0,,2400.0,It's picked from your farm,Supplier,
F-746,1.0,Kayunga,1,yes,4.0,no,,no,,yes,Agricultural Use,Agreement/lease,,no,,yes,,yes,,no,,,yes,,yes,,yes,,no,,yes,,yes,,yes,,no,,2.0,1082.0,1.19284,1050.0,1000.0,2020-08-12 03:00:00Z,0-25%,75-100%,['Bananas'],,Rainfed,"['Weeding', 'Intercropping']",3.0,3.0,2.0,4.0,6.0,0.0,1000.0,850.0,2000.0,2000.0,,1000.0,At a hulling station,other,
F-747,1.0,Kayunga,1,yes,3.0,no,,no,,no,Agricultural Use,Customary,,no,,yes,,yes,,no,,,yes,,yes,,yes,,no,,yes,,yes,,yes,,no,,4.2,1090.3,0.648973,1050.0,1000.0,1999-08-12 03:00:00Z,0-25%,75-100%,['Bananas'],,Rainfed,"['Weeding', 'Intercropping']",4.0,4.0,5.0,3.0,8.0,0.0,1000.0,850.0,2000.0,2000.0,,1000.0,At a hulling station,Supplier,
F-748,1.0,Luwero,1,yes,7.0,no,,no,,yes,Agricultural Use,Agreement/lease,,no,,yes,,yes,,yes,yes,,yes,,yes,,yes,,no,,yes,,yes,,yes,,no,,11.0,1147.0,0.469888,360.0,100.0,2010-06-30 03:00:00Z,0-25%,75-100%,['Bananas'],,Rainfed,"['Pruning', 'Weeding']",0.0,3.0,3.0,2.0,0.0,0.0,500.0,5000.0,2000.0,2000.0,,500.0,It's picked from your farm,Supplier,
F-749,1.0,Kayunga,1,yes,4.0,no,,no,,yes,Natural forest,Customary,,no,,yes,,yes,,no,,,yes,,yes,,yes,,no,,yes,,yes,,yes,,no,,1.978,1037.19999999999,1.810766,1400.0,1200.0,2000-04-20 03:00:00Z,0-25%,75-100%,"['Bananas', 'Beans']",,Rainfed,"['Using Fertilizers', 'Pruning', 'Weeding', 'Intercropping']",1.0,1.0,0.0,2.0,2.0,0.0,900.0,800.0,1800.0,1800.0,,900.0,It's picked from your farm,Supplier,
F-750,1.0,Kayunga,1,no,5.0,no,,no,,no,Natural forest,Customary,,no,,yes,,yes,,yes,yes,,yes,,yes,,yes,,no,,yes,,yes,,yes,,no,,4.028,1092.2,0.896738,1200.0,1000.0,2006-09-09 03:00:00Z,0-25%,75-100%,['Bananas'],,Rainfed,['Using Fertilizers'],1.0,1.0,1.0,2.0,1.0,0.0,1000.0,500.0,2000.0,2000.0,,1000.0,It's picked from your farm,Supplier,
F-751,1.0,Luwero,1,no,5.0,no,,no,,yes,Agricultural Use,Customary,,no,,yes,,yes,,yes,yes,,yes,,yes,,yes,,no,,yes,,yes,,yes,,no,,7.8,1144.4,0.885281,1350.0,1350.0,2008-07-08 03:00:00Z,0-25%,75-100%,"['Bananas', 'Beans']",,Rainfed,"['Using Fertilizers', 'Pruning', 'Weeding', 'Intercropping']",2.0,0.0,1.0,4.0,1.0,0.0,500.0,450.0,1000.0,1000.0,,500.0,It's picked from your farm,Supplier,
F-752,1.0,Kayunga,1,yes,9.0,no,,no,,yes,Agricultural Use,Agreement/lease,,no,,yes,,yes,,no,,,yes,,yes,,yes,,no,,yes,,yes,,yes,,no,,10.0,1083.69999999999,1.046567,1400.0,1350.0,1986-09-19 03:00:00Z,0-25%,75-100%,"['Bananas', 'Beans']",,Rainfed,['Weeding'],9.0,5.0,5.0,9.0,14.0,0.0,1000.0,900.0,2000.0,2000.0,,1000.0,At a hulling station,Supplier,
F-753,1.0,Kayunga,1,yes,8.0,no,,no,,yes,Agricultural Use,Agreement/lease,,no,,yes,,yes,,no,,,yes,,yes,,yes,,no,,yes,,yes,,yes,,no,,0.9002065,1062.105,0.635537,1700.0,1500.0,2000-04-08 03:00:00Z,0-25%,75-100%,"['Bananas', 'Tobacco']",,Rainfed,"['Using Fertilizers', 'Pruning', 'Weeding', 'Intercropping']",10.0,1.0,5.0,6.0,11.0,0.0,1500.0,1350.0,3000.0,3000.0,,1500.0,At a hulling station,Supplier,
F-754,1.0,Kayunga,1,yes,7.0,no,,no,,no,Agricultural Use,Title,,no,,yes,,yes,,yes,yes,,yes,,yes,,yes,,no,,yes,,yes,,yes,,no,,13.2,1086.1,0.478318,1250.0,1200.0,1993-02-17 03:00:00Z,0-25%,75-100%,"['Bananas', 'Beans']",,Rainfed,"['Pruning', 'Using Fertilizers', 'Weeding', 'Intercropping']",1.0,1.0,1.0,0.0,1.0,0.0,1800.0,1700.0,3600.0,3600.0,,1800.0,It's picked from your farm,Supplier,
F-755,1.0,Kayunga,1,yes,2.0,no,,no,,yes,Agricultural Use,Customary,,no,,yes,,yes,,no,,,yes,,yes,,yes,,no,,yes,,yes,,yes,,no,,5.6,1059.4,1.025175,1050.0,1000.0,2020-09-12 03:00:00Z,0-25%,75-100%,['Bananas'],,Rainfed,"['Weeding', 'Intercropping']",4.0,3.0,4.0,3.0,7.0,0.0,1000.0,850.0,2000.0,2000.0,,1000.0,It's picked from your farm,Supplier,
F-756,1.0,Kayunga,1,yes,6.0,no,,no,,yes,Agricultural Use,Customary,,no,,yes,,yes,,yes,yes,,yes,,yes,,yes,,no,,yes,,yes,,yes,,no,,1.75,1081.3,0.581161,1300.0,1200.0,1990-03-19 03:00:00Z,0-25%,75-100%,"['Bananas', 'Greengrams']",,Rainfed,['Intercropping'],2.0,0.0,2.0,0.0,2.0,0.0,1800.0,900.0,3600.0,3600.0,,1800.0,It's picked from your farm,Supplier,
F-757,1.0,Kayunga,1,yes,6.0,no,,no,,yes,Agricultural Use,Customary,,no,,yes,,yes,,no,,,yes,,yes,,yes,,no,,yes,,yes,,yes,,no,,11.192,1053.4,0.684055,1050.0,1000.0,2000-07-12 03:00:00Z,0-25%,75-100%,"['Bananas', 'Beans']",,Rainfed,"['Intercropping', 'Weeding']",4.0,4.0,4.0,4.0,8.0,0.0,1000.0,850.0,2000.0,2000.0,,1000.0,At a hulling station,Supplier,
F-758,1.0,Kayunga,1,yes,8.0,no,,no,,yes,Agricultural Use,Customary,,no,,yes,,yes,,no,,,yes,,yes,,yes,,no,,yes,,yes,,yes,,no,,5.2,1057.4,1.847064,1050.0,1000.0,1980-09-14 03:00:00Z,0-25%,75-100%,"['Bananas', 'Beans']",,Rainfed,"['Intercropping', 'Weeding']",3.0,5.0,3.0,5.0,8.0,0.0,1000.0,850.0,2000.0,2000.0,,1000.0,At a hulling station,Supplier,
F-759,1.0,Kayunga,1,yes,6.0,no,,no,,no,Agricultural Use,Customary,,no,,yes,,yes,,no,,,yes,,yes,,yes,,no,,yes,,yes,,yes,,no,,1.7496758,1056.282,1.178364,12000.0,1000.0,2013-06-08 03:00:00Z,0-25%,75-100%,['Bananas'],,Rainfed,"['Pruning', 'Weeding', 'Intercropping']",8.0,3.0,6.0,5.0,11.0,0.0,1000.0,900.0,2000.0,2000.0,,1000.0,At a hulling station,Supplier,
F-760,1.0,Kayunga,1,yes,4.0,no,,no,,yes,Agricultural Use,,,no,,yes,,yes,,no,,,yes,,yes,,yes,,no,,yes,,yes,,yes,,no,,14.99,1081.4,0.60338,1050.0,1000.0,2000-08-12 03:00:00Z,0-25%,75-100%,['Bananas'],,Rainfed,"['Intercropping', 'Weeding']",4.0,4.0,5.0,,8.0,0.0,1000.0,850.0,2000.0,2000.0,,1000.0,It's picked from your farm,Supplier,
F-761,1.0,Kayunga,1,yes,5.0,no,,no,,yes,Agricultural Use,Agreement/lease,,no,,yes,,yes,,yes,yes,,yes,,yes,,Yes,,no,,yes,,yes,,yes,,no,,2.5,1069.7,0.82067,1050.0,1000.0,2005-03-12 03:00:00Z,0-25%,75-100%,['Bananas'],,Rainfed,['Using Fertilizers'],3.0,0.0,0.0,4.0,0.0,0.0,800.0,600.0,1200.0,1200.0,,800.0,It's picked from your farm,Cooperative representative,
F-762,,Luwero,4,Yes,5.0,No,,No,,No,100% Agricultural,Other,,No,,Yes,,Yes,,No,,,Yes,,Yes,,Yes,,No,No child labor employed,Yes,,Yes,Lack of training on rights,Yes,,No,No corruption observed,,,5.437531,5400.0,563.0,2017-03-12 03:00:00Z,0-25%,75-100%,"Maize, Beans",,Rainfed,"Intercropping, Soil Testing",4.0,0.0,7.0,5.0,9.0,0.0,,722.0,,727.0,,1926.0,Luwero,Local Trader,
F-763,1.0,Kayunga,1,yes,8.0,no,,no,,yes,Agricultural Use,Agreement/lease,,no,,yes,,yes,,no,,,yes,,yes,,yes,,no,,yes,,yes,,yes,,no,,1.2354871,1085.448,0.195005,1200.0,1000.0,2000-06-08 03:00:00Z,0-25%,75-100%,['Bananas'],,Rainfed,"['Using Fertilizers', 'Pruning', 'Weeding', 'Intercropping']",4.0,2.0,2.0,4.0,6.0,0.0,1000.0,900.0,2000.0,2000.0,,1000.0,It's picked from your farm,Supplier,
F-764,1.0,Kayunga,2025-05-10 00:00:00,yes,9.0,no,,no,,no,Agricultural Use,Title,,no,,yes,,yes,,yes,yes,,yes,,yes,,yes,,no,,yes,,yes,,yes,,no,,3.216,1067.12817382812,0.183806,100.0,70.0,2007-06-19 03:00:00Z,0-25%,75-100%,['Beans'],,Irrigated,['Using Fertilizers'],10.0,5.0,10.0,30.0,3.0,2.0,150.0,100.0,100.0,100.0,,150.0,It's picked from your farm,Supplier,
F-765,1.0,Kayunga,1,yes,10.0,no,,no,,yes,Agricultural Use,Agreement/lease,,no,,yes,,yes,,yes,yes,,yes,,yes,,yes,,no,,yes,,yes,,yes,,no,,2.2,1059.1,0.772517,1000.0,1000.0,2004-02-09 03:00:00Z,0-25%,75-100%,['Bananas'],,Rainfed,"['Using Fertilizers', 'Pruning', 'Weeding', 'Intercropping']",4.0,2.0,2.0,2.0,4.0,0.0,1000.0,800.0,2000.0,2000.0,,1000.0,It's picked from your farm,Supplier,
F-766,1.0,Luwero,1,yes,4.0,no,,no,,yes,Agricultural Use,Agreement/lease,,no,,yes,,yes,,no,,,yes,,yes,,yes,,no,,yes,,yes,,yes,,no,,7.11,1046.756,8.317834,1250.0,1200.0,1999-09-25 03:00:00Z,0-25%,75-100%,['Bananas'],,Rainfed,['Intercropping'],1.0,1.0,1.0,4.0,1.0,0.0,200.0,200.0,1000.0,1000.0,500.0,500.0,It's picked from your farm,Supplier,
F-767,1.0,Kayunga,1,yes,6.0,no,,no,,yes,Agricultural Use,Customary,,no,,yes,,yes,,yes,yes,,yes,,yes,,yes,,no,,yes,,yes,,yes,,no,,1.95,1078.5,0.531965,1350.0,1300.0,1990-09-13 03:00:00Z,0-25%,75-100%,['Bananas'],,Rainfed,['Intercropping'],3.0,0.0,3.0,0.0,3.0,0.0,1950.0,975.0,3900.0,3900.0,,1950.0,It's picked from your farm,Supplier,
F-768,1.0,Kayunga,2025-05-10 00:00:00,yes,6.0,no,,no,,no,Agricultural Use,Title,,no,,yes,,yes,,no,,,yes,,yes,,yes,,no,,yes,,yes,,yes,,no,,3.216,1073.08190917968,1.05744,100.0,60.0,2005-05-10 03:00:00Z,0-25%,75-100%,['Beans'],,Irrigated,['Using Fertilizers'],10.0,5.0,10.0,30.0,3.0,2.0,150.0,100.0,100.0,100.0,,150.0,It's picked from your farm,Supplier,
F-769,1.0,Luwero,1,yes,6.0,no,,no,,no,Agricultural Use,Agreement/lease,,no,,yes,,yes,,yes,yes,,yes,,yes,,yes,,no,,yes,,yes,,yes,,no,,19.035,1092.029,0.978716,1050.0,1000.0,1990-06-15 03:00:00Z,0-25%,75-100%,['Bananas'],,Rainfed,"['Pruning', 'Weeding', 'Intercropping']",1.0,2.0,0.0,4.0,4.0,0.0,900.0,1500.0,800.0,800.0,,900.0,It's picked from your farm,Supplier,
F-770,1.0,Nakaseke,3,Yes,4.0,No,,No,,No,100% Agricultural,Deed of Property,,No,,No,Lack of resources for buffer zones,Yes,,No,,,Yes,,Yes,,Yes,,No,No child labor employed,Yes,,No,,Yes,,No,No corruption observed,,,2.570261,1200.0,924.0,1994-02-09 03:00:00Z,0-25%,75-100%,,,Irrigated,"Mulching, Pruning",2.0,6.0,6.0,4.0,1.0,0.0,,1554.0,,868.0,,1693.0,Nakaseke,Local Trader,
F-771,1.0,Nakaseke,3,Yes,4.0,No,,No,,No,100% Agricultural,Deed of Property,,No,,No,Lack of resources for buffer zones,Yes,,No,,,Yes,,Yes,,Yes,,No,No child labor employed,Yes,,No,,Yes,,No,No corruption observed,,,5.086656,3000.0,924.0,1997-08-08 03:00:00Z,0-25%,75-100%,,,Irrigated,"Mulching, Pruning",2.0,6.0,6.0,4.0,1.0,0.0,,1554.0,,868.0,,1693.0,Nakaseke,Local Trader,
F-772,1.0,Nakaseke,3,Yes,4.0,No,,No,,No,100% Agricultural,Deed of Property,,No,,No,Lack of resources for buffer zones,Yes,,No,,,Yes,,Yes,,Yes,,No,No child labor employed,Yes,,No,,Yes,,No,No corruption observed,,,5.086656,1200.0,924.0,1997-10-08 03:00:00Z,0-25%,75-100%,,,Irrigated,"Mulching, Pruning",2.0,6.0,6.0,4.0,1.0,0.0,,1554.0,,868.0,,1693.0,Nakaseke,Local Trader,
F-773,1.0,Kayunga,1,yes,9.0,no,,no,,yes,Agricultural Use,Customary,,no,,yes,,yes,,yes,yes,,yes,,yes,,yes,,no,,yes,,yes,,yes,,no,,2.2,1064.0,1.354023,1200.0,1000.0,2003-02-09 03:00:00Z,0-25%,75-100%,['Bananas'],,Rainfed,"['Using Fertilizers', 'Pruning', 'Weeding', 'Intercropping']",4.0,2.0,3.0,2.0,6.0,0.0,1000.0,800.0,2000.0,2000.0,,1000.0,It's picked from your farm,Supplier,
F-774,1.0,Kayunga,2025-05-10 00:00:00,yes,5.0,no,,no,,no,Agricultural Use,Title,,no,,yes,,yes,,yes,yes,,yes,,yes,,yes,,no,,yes,,yes,,yes,,no,,4.288,1077.93957519531,0.978281,1000.0,90.0,2005-10-12 03:00:00Z,0-25%,75-100%,['Beans'],,Irrigated,['Using Fertilizers'],15.0,5.0,10.0,40.0,5.0,5.0,150.0,100.0,100.0,100.0,,150.0,It's picked from your farm,Supplier,
F-775,1.0,Luwero,1,yes,4.0,no,,no,,yes,Agricultural Use,Agreement/lease,,no,,yes,,yes,,yes,yes,,yes,,yes,,yes,,no,,yes,,yes,,yes,,no,,10.5,1156.0,3.836498,468.0,100.0,2010-08-25 03:00:00Z,0-25%,75-100%,['Bananas'],,Rainfed,"['Pruning', 'Weeding']",3.0,2.0,2.0,3.0,0.0,0.0,450.0,900.0,900.0,900.0,,450.0,At a hulling station,Hulling Station representative,
F-776,1.0,Luwero,1,yes,5.0,no,,no,,yes,Agricultural Use,Customary,,no,,yes,,yes,,yes,yes,,yes,,yes,,yes,,no,,yes,,yes,,yes,,no,,2.253,1126.6,0.609885,1350.0,1350.0,2006-04-08 03:00:00Z,0-25%,75-100%,"['Bananas', 'Beans']",,Rainfed,"['Using Fertilizers', 'Pruning', 'Weeding', 'Intercropping']",2.0,1.0,1.0,5.0,1.0,0.0,500.0,450.0,1000.0,1000.0,,500.0,It's picked from your farm,Supplier,
F-777,1.0,Luwero,1,yes,10.0,no,,no,,yes,Agricultural Use,Agreement/lease,,no,,yes,,yes,,no,,,yes,,yes,,yes,,no,,yes,,yes,,yes,,no,,7.5,1044.0,1.377855,2150.0,2100.0,2011-09-14 03:00:00Z,0-25%,75-100%,['Bananas'],,Rainfed,['Weeding'],4.0,2.0,4.0,6.0,6.0,0.0,2250.0,2100.0,4500.0,4500.0,,2250.0,It's picked from your farm,Supplier,
F-778,1.0,Kayunga,1,yes,8.0,no,,no,,no,Agricultural Use,Agreement/lease,,no,,yes,,yes,,no,,,yes,,yes,,yes,,no,,yes,,yes,,yes,,no,,1.0573823,1057.703,0.1414,1300.0,1000.0,2000-06-08 03:00:00Z,0-25%,75-100%,['Bananas'],,Rainfed,"['Using Fertilizers', 'Pruning', 'Weeding', 'Intercropping']",8.0,2.0,2.0,8.0,10.0,0.0,1000.0,900.0,2000.0,2000.0,,1000.0,It's picked from your farm,Supplier,
F-779,,Luwero,3,Yes,2.0,Yes,WOTOYITIDDE,No,,Yes,100% Agricultural,Customary,,No,,Yes,Lack of resources for buffer zones,Yes,,No,,,No,,Yes,,Yes,,No,No child labor employed,Yes,,Yes,,Yes,Unaware of tax obligations,No,No corruption observed,,,2.044123,450.0,479.0,1990-04-12 03:00:00Z,0-25%,75-100%,"Maize, Beans",,Rainfed,"Mulching, Pruning",2.0,4.0,9.0,4.0,1.0,0.0,,1815.0,,1100.0,,2100.0,Luwero,Local Trader,
F-780,,Luwero,3,Yes,2.0,Yes,WOTOYITIDDE,No,,Yes,100% Agricultural,Customary,,No,,Yes,Lack of resources for buffer zones,Yes,,No,,,No,,Yes,,Yes,,No,No child labor employed,Yes,,Yes,,Yes,Unaware of tax obligations,No,No corruption observed,,,2.208498,900.0,479.0,1988-09-23 03:00:00Z,0-25%,75-100%,"Maize, Beans",,Rainfed,"Mulching, Pruning",2.0,4.0,9.0,4.0,1.0,0.0,,1815.0,,1100.0,,2100.0,Luwero,Local Trader,
F-781,,Nakaseke,3,No,9.0,No,,No,,Yes,100% Agricultural,Lease,,No,,Yes,,Yes,,No,,,Yes,,Yes,Issues with equal pay reported,Yes,,No,No child labor employed,Yes,,Yes,,No,,No,No corruption observed,,,6.075524,2100.0,3361.0,2015-04-06 03:00:00Z,0-25%,75-100%,,,Rainfed,"Mulching, Pruning",3.0,1.0,0.0,1.0,2.0,0.0,,192.0,,1896.0,,2397.0,Nakaseke,Local Trader,
F-782,1.0,Kayunga,2025-05-10 00:00:00,yes,12.0,no,,no,,no,Agricultural Use,Title,,no,,yes,,yes,,yes,yes,,yes,,yes,,yes,,no,,yes,,yes,,yes,,no,,1.2745229,1115.294,1.360863,1000.0,75.0,2001-09-12 03:00:00Z,0-25%,75-100%,['Beans'],,Both(Rainfed+Irrigated),"['Using Fertilizers', 'Intercropping']",9.0,10.0,20.0,86.0,7.0,5.0,60.0,38.0,800.0,800.0,,60.0,It's picked from your farm,Supplier,
F-783,1.0,Luwero,1,yes,7.0,no,,no,,yes,Agricultural Use,Customary,,no,,yes,,yes,,yes,yes,,yes,,yes,,yes,,no,,yes,,yes,,yes,,no,,2.2500508,1102.651,0.542967,150.0,150.0,2018-03-02 03:00:00Z,0-25%,75-100%,['Bananas'],,Rainfed,['Intercropping'],2.0,2.0,4.0,3.0,1.0,0.0,100.0,50.0,100.0,100.0,,100.0,It's picked from your farm,Supplier,
F-784,1.0,Kayunga,1,yes,2.0,no,,no,,yes,Agricultural Use,Agreement/lease,,no,,yes,,yes,,yes,yes,,yes,,yes,,yes,,no,,yes,,yes,,yes,,no,,2.942,1047.9,2.360203,550.0,500.0,2020-04-21 03:00:00Z,0-25%,75-100%,['Bananas'],,Rainfed,['Weeding'],1.0,1.0,0.0,2.0,0.0,0.0,800.0,1000.0,1000.0,1400.0,1000.0,1400.0,It's picked from your farm,other,
F-785,1.0,Kayunga,1,yes,4.0,no,,no,,yes,Agricultural Use,Agreement/lease,,no,,yes,,yes,,no,,,yes,,yes,,yes,,no,,yes,,yes,,yes,,no,,4.0,1043.5,0.78938,1050.0,1000.0,2011-08-12 03:00:00Z,0-25%,75-100%,"['Bananas', 'Beans']",,Rainfed,"['Intercropping', 'Weeding']",3.0,2.0,3.0,2.0,5.0,0.0,1000.0,850.0,2000.0,2000.0,,1000.0,It's picked from your farm,Supplier,
F-786,1.0,Kayunga,2,yes,20.0,no,,no,,yes,Agricultural Use,Title,,no,,yes,,yes,,no,,,yes,,yes,,yes,,no,,yes,,yes,,yes,,no,,10.196,1079.4,1.398774,1200.0,700.0,1999-09-12 03:00:00Z,0-25%,75-100%,['Bananas'],,Rainfed,['Weeding'],10.0,11.0,1.0,20.0,21.0,0.0,270.0,270.0,600.0,600.0,300.0,300.0,It's picked from your farm,Cooperative representative,
F-787,1.0,Kayunga,2025-05-10 00:00:00,yes,5.0,no,,no,,no,Agricultural Use,Title,,no,,yes,,yes,,yes,yes,,yes,,yes,,yes,,no,,yes,,yes,,yes,,no,,3.216,1078.88037109375,0.155827,1000.0,90.0,2008-03-10 03:00:00Z,0-25%,75-100%,['Beans'],,Irrigated,['Using Fertilizers'],15.0,5.0,10.0,40.0,5.0,5.0,150.0,100.0,100.0,100.0,,150.0,It's picked from your farm,Supplier,
F-788,1.0,Kayunga,1,no,2.0,no,,no,,no,Natural forest,Customary,,no,,yes,,yes,,yes,yes,,yes,,yes,,yes,,no,,yes,,yes,,yes,,no,,1.836,1119.4,0.311917,1200.0,1000.0,2000-09-09 03:00:00Z,0-25%,75-100%,['Bananas'],,Rainfed,['Using Fertilizers'],1.0,1.0,1.0,1.0,0.0,0.0,1000.0,500.0,2000.0,2000.0,,1000.0,It's picked from your farm,Supplier,
F-789,1.0,Kayunga,1,yes,8.0,no,,no,,no,Agricultural Use,Customary,,no,,yes,,yes,,no,,,yes,,yes,,yes,,no,,yes,,yes,,yes,,no,,0.71883583,1051.611,0.374357,1700.0,1500.0,2000-07-08 03:00:00Z,0-25%,75-100%,['Bananas'],,Rainfed,"['Using Fertilizers', 'Pruning', 'Weeding', 'Intercropping']",8.0,4.0,4.0,8.0,12.0,0.0,1500.0,1350.0,3000.0,3000.0,,1500.0,It's picked from your farm,Supplier,
F-790,1.0,Kayunga,1,yes,4.0,no,,no,,yes,Agricultural Use,Title,,no,,yes,,yes,,no,,,yes,,yes,,yes,,no,,yes,,yes,,yes,,no,,4.288,1110.34716796875,0.188814,1370.0,1320.0,1980-04-10 03:00:00Z,0-25%,75-100%,"['Bananas', 'Sorghum', 'Beans', 'other']",cassava,Rainfed,"['Using Fertilizers', 'Pruning', 'Weeding', 'Intercropping']",3.0,3.0,4.0,2.0,0.0,0.0,1300.0,1250.0,2640.0,2640.0,,1300.0,It's picked from your farm,Supplier,
F-791,1.0,Luwero,1,yes,3.0,no,,no,,yes,Agricultural Use,Agreement/lease,,no,,yes,,yes,,no,,,yes,,yes,,yes,,no,,yes,,yes,,yes,,no,,5.819,1078.116,4.235134,850.0,800.0,2000-06-12 03:00:00Z,0-25%,75-100%,"['Bananas', 'Beans']",,Rainfed,['Intercropping'],1.0,1.0,2.0,3.0,0.0,0.0,400.0,300.0,1000.0,1000.0,,400.0,It's picked from your farm,Supplier,
F-792,,Luwero,4,Yes,9.0,No,,No,,Yes,100% Agricultural,Lease,,No,,Yes,,Yes,,No,,,Yes,,Yes,,Yes,,No,No child labor employed,Yes,,Yes,,No,,No,No corruption observed,,,3.553273,1350.0,5366.0,2011-08-07 03:00:00Z,0-25%,75-100%,"Matoke, Groundnuts",,Rainfed,"Mulching, Pruning",7.0,7.0,7.0,0.0,8.0,0.0,,1464.0,,1305.0,,1479.0,Luwero,Local Trader,
F-793,1.0,Kayunga,1,yes,9.0,no,,no,,yes,Natural forest,Customary,,no,,yes,,yes,,yes,yes,,yes,,yes,,yes,,no,,yes,,yes,,yes,,no,,2.0,1109.8,1.510586,1200.0,1000.0,2001-08-08 03:00:00Z,0-25%,75-100%,['Bananas'],,Rainfed,['Using Fertilizers'],2.0,1.0,2.0,4.0,1.0,0.0,1000.0,500.0,2000.0,2000.0,,1000.0,It's picked from your farm,Supplier,
F-794,1.0,Luwero,1,yes,6.0,no,,no,,yes,Agricultural Use,Agreement/lease,,no,,yes,,yes,,no,,,yes,,yes,,yes,,no,,yes,,yes,,yes,,no,,7.166,1136.90002441406,1.045534,1310.0,1260.0,2021-09-12 03:00:00Z,0-25%,75-100%,['Bananas'],,Rainfed,"['Using Fertilizers', 'Weeding', 'Pruning', 'Intercropping']",3.0,0.0,0.0,3.0,3.0,0.0,0.0,0.0,9000.0,9000.0,,9000.0,It's picked from your farm,Supplier,
F-795,,Luwero,4,No,3.0,No,,No,,Yes,100% Agricultural,Lease,,No,,Yes,Lack of resources for buffer zones,No,,No,,,No,No interaction with cultural leaders,Yes,Issues with equal pay reported,Yes,,No,No child labor employed,Yes,,Yes,Lack of training on rights,Yes,Unaware of tax obligations,No,No corruption observed,,,5.973536,1600.0,1082.0,2022-05-12 03:00:00Z,0-25%,75-100%,"Maize, Beans",,Rainfed,"Intercropping, Soil Testing",11.0,5.0,1.0,3.0,7.0,0.0,,1603.0,,1900.0,,2165.0,Luwero,Local Trader,
F-796,,Luwero,4,No,3.0,No,,No,,Yes,100% Agricultural,Lease,,No,,Yes,Lack of resources for buffer zones,No,,No,,,No,No interaction with cultural leaders,Yes,Issues with equal pay reported,Yes,,No,No child labor employed,Yes,,Yes,Lack of training on rights,Yes,Unaware of tax obligations,No,No corruption observed,,,26.19346,16000.0,1082.0,2022-09-13 03:00:00Z,0-25%,75-100%,"Maize, Beans",,Rainfed,"Intercropping, Soil Testing",11.0,5.0,1.0,3.0,7.0,0.0,,1603.0,,1900.0,,2165.0,Luwero,Local Trader,
F-797,1.0,Luwero,1,yes,3.0,no,,no,,no,Agricultural Use,Agreement/lease,,no,,yes,,yes,,no,,,yes,,yes,,yes,,no,,yes,,yes,,yes,,no,,7.017,1094.354,3.279253,470.0,110.0,2001-02-19 03:00:00Z,0-25%,75-100%,['Bananas'],,Rainfed,"['Weeding', 'Pruning']",2.0,1.0,2.0,1.0,0.0,0.0,440.0,140.0,330.0,330.0,,440.0,It's picked from your farm,Supplier,
F-798,1.0,Kayunga,1,yes,8.0,no,,no,,no,Agricultural Use,Agreement/lease,,no,,yes,,yes,,yes,yes,,yes,,yes,,Yes,,no,,yes,,yes,,yes,,no,,15.351,1089.3,1.292718,850.0,800.0,2009-03-12 03:00:00Z,0-25%,75-100%,['Bananas'],,Rainfed,['Using Fertilizers'],0.0,0.0,0.0,4.0,0.0,0.0,500.0,300.0,700.0,700.0,,500.0,It's picked from your farm,Cooperative representative,
F-799,1.0,Kayunga,1,yes,9.0,no,,no,,no,Agricultural Use,Agreement/lease,,no,,yes,,yes,,yes,yes,,yes,,yes,,yes,,no,,yes,,yes,,yes,,no,,10.1,1024.4,1.273481,450.0,1500.0,1997-07-16 03:00:00Z,0-25%,75-100%,"['Bananas', 'Beans']",,Rainfed,"['Pruning', 'Weeding', 'Intercropping']",1.0,1.0,1.0,0.0,1.0,0.0,,2150.0,,4500.0,,2250.0,It's picked from your farm,Supplier,
F-800,,Nakaseke,4,Yes,2.0,No,,No,,Yes,100% Agricultural,Deed of Property,,No,,No,Lack of resources for buffer zones,Yes,,No,,,Yes,,Yes,,Yes,,No,No child labor employed,Yes,,Yes,,Yes,Unaware of tax obligations,No,No corruption observed,,,0.999993,400.0,1497.0,1999-08-15 03:00:00Z,0-25%,75-100%,"Maize, Beans",,Rainfed,"Composting, Pest Management",6.0,3.0,1.0,5.0,2.0,0.0,,970.0,,242.0,,1558.0,Nakaseke,Local Trader,
F-801,,Nakaseke,4,Yes,2.0,No,,No,,Yes,100% Agricultural,Deed of Property,,No,,No,Lack of resources for buffer zones,Yes,,No,,,Yes,,Yes,,Yes,,No,No child labor employed,Yes,,Yes,,Yes,Unaware of tax obligations,No,No corruption observed,,,2.17377,400.0,1497.0,2000-09-13 03:00:00Z,0-25%,75-100%,"Maize, Beans",,Rainfed,"Composting, Pest Management",6.0,3.0,1.0,5.0,2.0,0.0,,970.0,,242.0,,1558.0,Nakaseke,Local Trader,
F-802,,Luwero,3,No,6.0,No,,No,,Yes,100% Agricultural,Other,,No,,Yes,,Yes,Limited knowledge of waste management,No,,,Yes,,Yes,,Yes,,No,No child labor employed,Yes,,Yes,,No,,No,No corruption observed,,,11.5054,1200.0,2413.0,2001-09-12 03:00:00Z,0-25%,75-100%,"Maize, Beans",,Irrigated,"Composting, Pest Management",3.0,2.0,7.0,1.0,0.0,0.0,,748.0,,3757.0,,848.0,Luwero,Local Trader,
F-803,1.0,Luwero,1,yes,4.0,no,,no,,yes,Agricultural Use,Agreement/lease,,no,,yes,,yes,,yes,yes,,yes,,yes,,yes,,no,,yes,,yes,,yes,,no,,3.47,1072.8,3.901676,1050.0,1000.0,2006-10-20 03:00:00Z,0-25%,75-100%,['Bananas'],,Rainfed,['Using Fertilizers'],2.0,2.0,2.0,2.0,4.0,0.0,200.0,250.0,200.0,200.0,,200.0,It's picked from your farm,Supplier,
F-804,1.0,Kayunga,1,yes,6.0,no,,no,,yes,Agricultural Use,Customary,,no,,yes,,yes,,no,,,yes,,yes,,yes,,no,,yes,,yes,,yes,,no,,2.0,1027.5,1.061164,800.0,700.0,2000-04-12 03:00:00Z,0-25%,75-100%,['Bananas'],,Rainfed,"['Using Fertilizers', 'Pruning', 'Weeding', 'Intercropping']",2.0,2.0,0.0,4.0,4.0,0.0,450.0,400.0,900.0,900.0,,450.0,It's picked from your farm,Cooperative representative,
F-805,1.0,Kayunga,2025-05-10 00:00:00,yes,5.0,no,,no,,no,Agricultural Use,Title,,no,,yes,,yes,,yes,yes,,yes,,yes,,yes,,no,,yes,,yes,,yes,,no,,3.216,1073.04968261718,0.25661,1000.0,90.0,2006-03-12 03:00:00Z,0-25%,75-100%,['Beans'],,Irrigated,['Using Fertilizers'],15.0,5.0,10.0,40.0,5.0,5.0,150.0,100.0,150.0,150.0,,150.0,It's picked from your farm,Supplier,
F-806,1.0,Kayunga,2025-05-10 00:00:00,yes,4.0,no,,no,,no,Agricultural Use,Title,,no,,yes,,yes,,yes,yes,,yes,,yes,,yes,,no,,yes,,yes,,yes,,no,,3.216,1083.38220214843,0.547306,100.0,89.0,2006-07-12 03:00:00Z,0-25%,75-100%,['Beans'],,Irrigated,['Using Fertilizers'],10.0,5.0,10.0,40.0,5.0,5.0,150.0,100.0,100.0,100.0,,150.0,It's picked from your farm,Supplier,
F-807,1.0,Kayunga,1,yes,1.0,no,,no,,yes,Agricultural Use,Agreement/lease,,no,,yes,,yes,,no,,,yes,,yes,,Yes,,no,,yes,,yes,,yes,,no,,3.93,1086.0,0.149478,400.0,100.0,2007-05-12 03:00:00Z,0-25%,75-100%,['Bananas'],,Rainfed,['Using Fertilizers'],1.0,0.0,0.0,0.0,0.0,0.0,700.0,500.0,900.0,900.0,,700.0,It's picked from your farm,Cooperative representative,
F-808,1.0,Kayunga,1,no,3.0,no,,no,,no,Natural forest,Customary,,no,,yes,,yes,,yes,yes,,yes,,yes,,yes,,no,,yes,,yes,,yes,,no,,3.868,1051.5,0.201484,900.0,800.0,2018-08-09 03:00:00Z,0-25%,75-100%,['Bananas'],,Rainfed,['Using Fertilizers'],1.0,1.0,1.0,1.0,0.0,0.0,800.0,400.0,1600.0,1600.0,,800.0,It's picked from your farm,Supplier,
F-809,1.0,Luwero,1,yes,2.0,no,,no,,yes,Agricultural Use,Agreement/lease,,no,,yes,,yes,,yes,yes,,yes,,yes,,yes,,no,,yes,,yes,,yes,,no,,4.641,1081.4,5.000014,1050.0,1000.0,1987-02-11 03:00:00Z,0-25%,75-100%,['Bananas'],,Rainfed,['Using Fertilizers'],1.0,1.0,0.0,2.0,2.0,0.0,200.0,250.0,200.0,200.0,,200.0,It's picked from your farm,Supplier,
F-810,1.0,Kayunga,1,yes,12.0,no,,no,,yes,Agricultural Use,Agreement/lease,,no,,yes,,yes,,yes,yes,,yes,,yes,,yes,,no,,yes,,yes,,yes,,no,,1.5,1038.2,1.283407,1400.0,1200.0,1988-04-12 03:00:00Z,0-25%,75-100%,['Bananas'],,Rainfed,"['Using Fertilizers', 'Pruning', 'Intercropping', 'Weeding']",5.0,3.0,0.0,8.0,8.0,0.0,,900.0,,2000.0,,1000.0,It's picked from your farm,Hulling Station representative,
F-811,1.0,Kayunga,1,yes,8.0,no,,no,,no,Agricultural Use,Agreement/lease,,no,,yes,,yes,,no,,,yes,,yes,,yes,,no,,yes,,yes,,yes,,no,,2.6364653,1055.989,1.528716,1200.0,1000.0,2015-07-08 03:00:00Z,0-25%,75-100%,['Bananas'],,Rainfed,"['Using Fertilizers', 'Pruning', 'Weeding', 'Intercropping']",6.0,4.0,2.0,8.0,10.0,0.0,1000.0,900.0,2000.0,2000.0,,1000.0,It's picked from your farm,Supplier,
F-812,1.0,Kayunga,1,yes,2.0,no,,no,,yes,Agricultural Use,Customary,,no,,yes,,yes,,no,,,yes,,yes,,yes,,no,,yes,,yes,,yes,,no,,2.9,1115.6,0.787669,850.0,800.0,2009-05-10 03:00:00Z,0-25%,75-100%,['Bananas'],,Rainfed,['Intercropping'],5.0,5.0,5.0,5.0,10.0,0.0,750.0,750.0,1600.0,1600.0,800.0,800.0,At a hulling station,Supplier,
F-813,1.0,Kayunga,1,yes,8.0,no,,no,,yes,Agricultural Use,Agreement/lease,,no,,yes,,yes,,no,,,yes,,yes,,yes,,no,,yes,,yes,,yes,,no,,2.6,872.8,0.353182,1200.0,1000.0,2011-08-12 03:00:00Z,0-25%,75-100%,['Bananas'],,Rainfed,['Intercropping'],6.0,5.0,6.0,5.0,11.0,0.0,900.0,900.0,2000.0,2000.0,1000.0,1000.0,At a hulling station,Supplier,
F-814,,Nakaseke,1,No,4.0,Yes,WOTOYITIDDE,No,,No,100% Agricultural,Lease,,No,,Yes,Lack of resources for buffer zones,Yes,Limited knowledge of waste management,No,,,Yes,,Yes,,Yes,,No,No child labor employed,Yes,,Yes,,No,,No,No corruption observed,,,4.577635,1800.0,703.0,2010-04-12 03:00:00Z,0-25%,75-100%,"Bananas, Cassava",,Rainfed,"Mulching, Pruning",5.0,10.0,0.0,0.0,9.0,0.0,,1537.0,,1279.0,,2492.0,Nakaseke,Local Trader,
F-815,1.0,Luwero,1,yes,1.0,no,,no,,no,Agricultural Use,Title,,no,,yes,,yes,,yes,yes,,yes,,yes,,yes,,no,,yes,,yes,,yes,,no,,2.3,1104.0,0.614003,850.0,800.0,1980-01-02 03:00:00Z,0-25%,75-100%,"['Bananas', 'Tobacco']",,Rainfed,"['Using Fertilizers', 'Weeding', 'Intercropping']",1.0,0.0,0.0,1.0,0.0,0.0,800.0,400.0,1600.0,1600.0,,800.0,It's picked from your farm,Supplier,
F-816,1.0,Luwero,1,yes,6.0,no,,no,,no,Agricultural Use,Title,,no,,yes,,yes,,no,,,yes,,yes,,yes,,no,,yes,,yes,,yes,,no,,19.301,1132.977,1.005811,420.0,1260.0,2000-12-10 03:00:00Z,0-25%,75-100%,['Bananas'],,Rainfed,['Pruning'],2.0,2.0,0.0,4.0,4.0,0.0,,1680.0,,4500.0,,1800.0,It's picked from your farm,Supplier,
F-817,,Luwero,5,No,5.0,No,,No,,Yes,100% Agricultural,Deed of Property,,No,,Yes,Lack of resources for buffer zones,Yes,,No,,,Yes,,Yes,,Yes,,No,No child labor employed,Yes,,Yes,,Yes,,No,No corruption observed,,,4.978739,985.0,778.0,1990-04-20 03:00:00Z,0-25%,75-100%,"Bananas, Cassava",,Rainfed,"Intercropping, Soil Testing",5.0,5.0,1.0,3.0,0.0,0.0,,1074.0,,468.0,,906.0,Luwero,Local Trader,
F-818,,Nakaseke,4,Yes,3.0,No,dk,No,,Yes,100% Agricultural,Customary,,No,,Yes,,Yes,,No,,,Yes,,Yes,,Yes,,No,No child labor employed,Yes,,No,,Yes,,No,No corruption observed,,,4.078352,100.0,287.0,,0-25%,75-100%,"Maize, Beans",,Rainfed,"Composting, Pest Management",3.0,3.0,4.0,2.0,0.0,0.0,,1172.0,,1789.0,,2073.0,Nakaseke,Local Trader,
F-819,1.0,Kayunga,1,yes,7.0,yes,techno serve,no,,yes,Agricultural Use,Title,,no,,yes,,yes,,no,,,yes,,yes,,yes,,no,,yes,,yes,,yes,,no,,2.2,1066.6,0.818173,1250.0,1200.0,1990-04-10 03:00:00Z,0-25%,75-100%,"['Bananas', 'Beans']",,Rainfed,"['Using Fertilizers', 'Pruning', 'Weeding', 'Intercropping']",2.0,2.0,2.0,2.0,0.0,0.0,1200.0,1100.0,2400.0,2400.0,,1200.0,It's picked from your farm,Supplier,
F-820,1.0,Kayunga,1,yes,4.0,no,,no,,yes,Agricultural Use,Agreement/lease,,no,,yes,,yes,,no,,,yes,,yes,,yes,,no,,yes,,yes,,yes,,no,,8.5,1068.2,1.39199,1350.0,1300.0,2009-10-15 03:00:00Z,0-25%,75-100%,['Beans'],,Rainfed,['Weeding'],2.0,0.0,0.0,2.0,0.0,0.0,1950.0,825.0,3900.0,3900.0,,1950.0,It's picked from your farm,Supplier,
F-821,1.0,Kayunga,1,yes,7.0,no,,no,,yes,Agricultural Use,Agreement/lease,,no,,yes,,yes,,no,,,yes,,yes,,yes,,no,,yes,,yes,,yes,,no,,1.0149734,1027.077,1.434445,2300.0,2000.0,2000-06-08 03:00:00Z,0-25%,75-100%,"['Bananas', 'Beans']",,Rainfed,"['Using Fertilizers', 'Weeding', 'Intercropping']",10.0,8.0,6.0,12.0,18.0,0.0,1800.0,1800.0,4000.0,4000.0,2000.0,2000.0,It's picked from your farm,Supplier,
F-822,1.0,Kayunga,1,yes,3.0,no,,no,,yes,Agricultural Use,Agreement/lease,,no,,yes,,yes,,no,,,yes,,yes,,yes,,no,,yes,,yes,,yes,,no,,10.9,1063.9,0.167558,1370.0,1320.0,2015-03-20 03:00:00Z,0-25%,75-100%,"['Bananas', 'Beans']",,Rainfed,['Weeding'],6.0,5.0,6.0,5.0,11.0,0.0,1000.0,900.0,2000.0,2000.0,,1000.0,At a hulling station,Supplier,
F-823,1.0,Luwero,1,yes,5.0,no,,no,,yes,Agricultural Use,Title,,no,,yes,,yes,,no,,,yes,,yes,,yes,,no,,yes,,yes,,yes,,no,,1.964,1156.427,3.384624,1125.0,1000.0,2019-02-02 03:00:00Z,0-25%,75-100%,['Bananas'],,Rainfed,"['Weeding', 'Pruning', 'Intercropping']",2.0,0.0,0.0,2.0,0.0,0.0,750.0,75.0,1500.0,1500.0,,750.0,At a hulling station,Hulling Station representative,
F-824,1.0,Kayunga,1,yes,5.0,no,,no,,no,Agricultural Use,Agreement/lease,,no,,yes,,yes,,yes,yes,,yes,,yes,,Yes,,no,,yes,,yes,,yes,,no,,3.4,1114.7,0.452374,850.0,800.0,2012-05-12 03:00:00Z,0-25%,75-100%,['Bananas'],,Rainfed,['Using Fertilizers'],2.0,0.0,0.0,2.0,0.0,0.0,800.0,600.0,900.0,900.0,,800.0,It's picked from your farm,Cooperative representative,
F-825,1.0,Kayunga,1,yes,8.0,no,,no,,no,Agricultural Use,Agreement/lease,,no,,yes,,yes,,no,,,yes,,yes,,yes,,no,,yes,,yes,,yes,,no,,0.7309816,1087.045,0.30588,1200.0,1000.0,2016-07-08 03:00:00Z,0-25%,75-100%,['Bananas'],,Rainfed,"['Using Fertilizers', 'Pruning', 'Weeding', 'Intercropping']",6.0,4.0,4.0,6.0,10.0,0.0,1000.0,900.0,2000.0,2000.0,,1000.0,It's picked from your farm,Supplier,
F-826,1.0,Kayunga,1,yes,4.0,no,,no,,yes,Agricultural Use,Agreement/lease,,no,,yes,,yes,,yes,yes,,yes,,yes,,yes,,no,,yes,,yes,,yes,,no,,1.0,1069.8,0.23064,900.0,700.0,2007-03-12 03:00:00Z,0-25%,75-100%,['Bananas'],,Rainfed,['Using Fertilizers'],0.0,0.0,0.0,0.0,0.0,0.0,409.0,509.0,2000.0,1000.0,900.0,409.0,It's picked from your farm,other,Highest Bidder
F-827,1.0,Luwero,1,yes,6.0,no,,no,,yes,Agricultural Use,Agreement/lease,,no,,yes,,yes,,no,,,yes,,yes,,yes,,no,,yes,,yes,,yes,,no,,9.0,1068.0,1.072944,1250.0,1200.0,2006-10-13 03:00:00Z,0-25%,75-100%,['Bananas'],,Rainfed,"['Pruning', 'Weeding', 'Intercropping']",5.0,3.0,2.0,4.0,8.0,0.0,1250.0,1200.0,2700.0,2700.0,,1250.0,It's picked from your farm,Supplier,
F-828,1.0,Kayunga,1,yes,4.0,no,,no,,yes,Agricultural Use,Customary,,no,,yes,,yes,,no,,,yes,,yes,,Yes,,no,,yes,,yes,,yes,,no,,2.05,1033.7,1.67189,1400.0,1200.0,1990-04-12 03:00:00Z,0-25%,75-100%,"['Bananas', 'Beans']",,Rainfed,"['Weeding', 'Pruning', 'Intercropping']",0.0,2.0,0.0,2.0,2.0,0.0,1000.0,900.0,2000.0,2000.0,,1000.0,At a hulling station,Hulling Station representative,
F-829,1.0,Kayunga,1,yes,2.0,no,,no,,yes,Agricultural Use,Customary,,no,,yes,,yes,,no,,,yes,,yes,,yes,,no,,yes,,yes,,yes,,no,,2.4,1116.2,0.412075,450.0,400.0,2015-08-12 03:00:00Z,0-25%,75-100%,['Bananas'],,Rainfed,"['Using Fertilizers', 'Intercropping']",2.0,1.0,1.0,2.0,3.0,0.0,425.0,400.0,850.0,850.0,,425.0,It's picked from your farm,Supplier,
F-830,1.0,Kayunga,1,no,2.0,no,,no,,yes,Agricultural Use,Title,,no,,yes,,yes,,yes,yes,,yes,,yes,,yes,,no,,yes,,yes,,yes,,no,,2.2,1093.0,0.436196,1150.0,1100.0,2019-01-02 03:00:00Z,0-25%,75-100%,"['Bananas', 'Beans']",,Both(Rainfed+Irrigated),"['Using Fertilizers', 'Weeding', 'Intercropping']",1.0,0.0,0.0,1.0,0.0,0.0,500.0,300.0,800.0,800.0,,500.0,It's picked from your farm,Supplier,
F-831,1.0,Luwero,1,yes,3.0,no,,no,,yes,Agricultural Use,Agreement/lease,,no,,yes,,yes,,no,,,yes,,yes,,yes,,no,,yes,,yes,,yes,,no,,1.197,1103.017,1.660495,1400.0,1350.0,1975-04-10 03:00:00Z,0-25%,75-100%,['Bananas'],,Rainfed,"['Pruning', 'Weeding']",0.0,0.0,0.0,1.0,0.0,0.0,1000.0,900.0,2000.0,2000.0,,1000.0,It's picked from your farm,Supplier,
F-832,1.0,Luwero,1,yes,6.0,no,,no,,yes,Agricultural Use,Agreement/lease,,no,,yes,,yes,,no,,,yes,,yes,,yes,,no,,yes,,yes,,yes,,no,,18.9,1075.0,2.817021,1410.0,1360.0,2009-10-12 03:00:00Z,0-25%,75-100%,['Bananas'],,Rainfed,"['Pruning', 'Weeding', 'Intercropping']",3.0,3.0,2.0,4.0,6.0,0.0,2800.0,1300.0,2800.0,2800.0,,2800.0,It's picked from your farm,Supplier,
F-833,1.0,Kayunga,1,yes,5.0,no,,no,,yes,Agricultural Use,Agreement/lease,,no,,yes,,yes,,no,,,yes,,yes,,yes,,no,,yes,,yes,,yes,,no,,11.6,1070.69999999999,2.161875,1050.0,1000.0,2010-07-13 03:00:00Z,0-25%,75-100%,"['Bananas', 'Beans']",,Rainfed,"['Intercropping', 'Weeding']",5.0,5.0,4.0,6.0,10.0,0.0,1000.0,850.0,2000.0,2000.0,,1000.0,It's picked from your farm,Supplier,
F-834,,Luwero,3,No,8.0,No,,No,,No,100% Agricultural,Deed of Property,,No,,Yes,,Yes,,No,,,No,,Yes,,Yes,,No,No child labor employed,Yes,,No,,No,,No,No corruption observed,,,3.234975,450.0,1699.0,2003-01-12 03:00:00Z,0-25%,75-100%,"Bananas, Cassava",,Rainfed,"Mulching, Pruning",5.0,2.0,5.0,0.0,8.0,0.0,,968.0,,3210.0,,1023.0,Luwero,Local Trader,
F-835,1.0,Kayunga,2025-05-10 00:00:00,yes,8.0,no,,no,,no,Agricultural Use,Title,,no,,yes,,yes,,yes,yes,,yes,,yes,,yes,,no,,yes,,yes,,yes,,no,,5.36,1066.86169433593,2.097578,200.0,70.0,2005-05-12 03:00:00Z,0-25%,75-100%,['Beans'],,Irrigated,['Using Fertilizers'],15.0,10.0,10.0,40.0,3.0,2.0,150.0,90.0,100.0,100.0,,150.0,It's picked from your farm,Supplier,
F-836,,Nakaseke,2,Yes,4.0,No,,No,,Yes,100% Agricultural,Other,,No,,Yes,,No,,No,,,Yes,,Yes,,Yes,,No,No child labor employed,Yes,,No,,Yes,,No,No corruption observed,,,2.37016,800.0,530.0,2000-08-12 03:00:00Z,0-25%,75-100%,"Maize, Beans",,Rainfed,"Intercropping, Soil Testing",0.0,0.0,6.0,5.0,6.0,0.0,,339.0,,2564.0,,2129.0,Nakaseke,Local Trader,
F-837,,Nakaseke,2,Yes,4.0,No,,No,,Yes,100% Agricultural,Other,,No,,Yes,,No,,No,,,Yes,,Yes,,Yes,,No,No child labor employed,Yes,,No,,Yes,,No,No corruption observed,,,5.513235,840.0,530.0,2018-12-20 03:00:00Z,0-25%,75-100%,"Maize, Beans",,Rainfed,"Intercropping, Soil Testing",0.0,0.0,6.0,5.0,6.0,0.0,,339.0,,2564.0,,2129.0,Nakaseke,Local Trader,
F-838,,Nakaseke,2,Yes,4.0,No,,No,,Yes,100% Agricultural,Other,,No,,Yes,,No,,No,,,Yes,,Yes,,Yes,,No,No child labor employed,Yes,,No,,Yes,,No,No corruption observed,,,5.513235,1250.0,530.0,2020-09-12 03:00:00Z,0-25%,75-100%,"Maize, Beans",,Rainfed,"Intercropping, Soil Testing",0.0,0.0,6.0,5.0,6.0,0.0,,339.0,,2564.0,,2129.0,Nakaseke,Local Trader,
F-839,1.0,Kayunga,2025-05-10 00:00:00,yes,4.0,no,,no,,no,Agricultural Use,Title,,no,,yes,,yes,,yes,yes,,yes,,yes,,yes,,no,,yes,,yes,,yes,,no,,3.216,1067.10510253906,0.42888,1000.0,80.0,2008-04-10 03:00:00Z,0-25%,75-100%,['Beans'],,Irrigated,['Using Fertilizers'],10.0,5.0,10.0,30.0,3.0,2.0,150.0,100.0,150.0,150.0,,150.0,It's picked from your farm,Supplier,
F-840,,Luwero,5,No,10.0,No,,No,,Yes,100% Agricultural,Deed of Property,,No,,Yes,,Yes,,No,,,No,,Yes,,Yes,,No,No child labor employed,Yes,,Yes,,No,,No,No corruption observed,,,3.573452,130.0,657.0,,0-25%,75-100%,,,Rainfed,"Intercropping, Soil Testing",3.0,2.0,7.0,5.0,1.0,0.0,,1132.0,,2966.0,,1400.0,Luwero,Local Trader,
F-841,1.0,Kayunga,1,yes,8.0,no,,no,,yes,Agricultural Use,Agreement/lease,,no,,yes,,yes,,no,,,yes,,yes,,yes,,no,,yes,,yes,,yes,,no,,0.97741944,1058.142,1.09989,1200.0,1000.0,2012-07-09 03:00:00Z,0-25%,75-100%,['Bananas'],,Rainfed,"['Using Fertilizers', 'Pruning', 'Weeding', 'Intercropping']",6.0,3.0,3.0,6.0,9.0,0.0,1000.0,900.0,2000.0,2000.0,,1000.0,It's picked from your farm,Supplier,
F-842,1.0,Kayunga,1,yes,6.0,no,,no,,yes,Agricultural Use,Customary,,no,,yes,,yes,,no,,,yes,,yes,,yes,,no,,yes,,yes,,yes,,no,,18.426,1064.9,0.603468,1050.0,1000.0,1998-02-13 03:00:00Z,0-25%,75-100%,"['Bananas', 'Beans']",,Rainfed,"['Intercropping', 'Weeding']",2.0,3.0,2.0,3.0,5.0,0.0,1000.0,850.0,2000.0,2000.0,,1000.0,At a hulling station,Supplier,
F-843,,Nakaseke,5,No,8.0,No,,No,,No,100% Agricultural,Customary,,No,,Yes,Lack of resources for buffer zones,Yes,,No,,,Yes,No interaction with cultural leaders,Yes,,Yes,,No,No child labor employed,Yes,Irregular schedules due to seasonal work,No,,Yes,,No,No corruption observed,,,3.064551,1000.0,313.0,,0-25%,75-100%,"Bananas, Cassava",,Rainfed,"Intercropping, Soil Testing",6.0,7.0,6.0,1.0,6.0,0.0,,850.0,,2497.0,,2431.0,Nakaseke,Local Trader,
F-844,,Luwero,2,Yes,2.0,no,,No,,Yes,100% Agricultural,Customary,,No,,Yes,,Yes,Limited knowledge of waste management,No,,,Yes,,Yes,,Yes,,No,No child labor employed,Yes,,Yes,Lack of training on rights,Yes,,No,No corruption observed,,,4.133189,500.0,1312.0,,0-25%,75-100%,"Bananas, Cassava",,Rainfed,"Composting, Pest Management",2.0,2.0,0.0,1.0,1.0,0.0,,243.0,,4659.0,,2210.0,Luwero,Local Trader,
F-845,1.0,Luwero,2,No,4.0,no,,No,,Yes,100% Agricultural,Lease,,No,,Yes,,Yes,,No,,,No,No interaction with cultural leaders,Yes,,Yes,,No,No child labor employed,Yes,,Yes,,Yes,,No,No corruption observed,,,3.342426,12.0,4037.0,,0-25%,75-100%,Bananas,,Rainfed,"Intercropping, Soil Testing",2.0,2.0,3.0,1.0,4.0,0.0,,1411.0,,2700.0,,641.0,Luwero,Local Trader,
F-846,,Luwero,5,Yes,8.0,No,,No,,Yes,100% Agricultural,Deed of Property,,No,,Yes,,Yes,,No,,,Yes,,Yes,,Yes,,No,No child labor employed,No,,Yes,,Yes,,No,No corruption observed,,,2.843195,1200.0,831.0,2018-02-02 03:00:00Z,0-25%,75-100%,"Maize, Beans",,Rainfed,"Mulching, Pruning",7.0,2.0,1.0,1.0,4.0,0.0,,406.0,,2975.0,,1217.0,Luwero,Local Trader,
F-847,,Luwero,5,Yes,8.0,No,,No,,Yes,100% Agricultural,Deed of Property,,No,,Yes,,Yes,,No,,,Yes,,Yes,,Yes,,No,No child labor employed,No,,Yes,,Yes,,No,No corruption observed,,,0.789939,100.0,831.0,2020-04-05 03:00:00Z,0-25%,75-100%,"Maize, Beans",,Rainfed,"Mulching, Pruning",7.0,2.0,1.0,1.0,4.0,0.0,,406.0,,2975.0,,1217.0,Luwero,Local Trader,
F-848,,Nakaseke,5,No,5.0,No,,No,,Yes,100% Agricultural,Lease,,No,,Yes,,Yes,Limited knowledge of waste management,No,,,Yes,,Yes,,Yes,,No,No child labor employed,Yes,,Yes,,Yes,,No,No corruption observed,,,3.144399,58.0,494.0,2015-06-12 03:00:00Z,0-25%,75-100%,"Maize, Beans",,Rainfed,"Intercropping, Soil Testing",9.0,3.0,5.0,1.0,3.0,0.0,,718.0,,396.0,,789.0,Nakaseke,Local Trader,
F-849,1.0,Kayunga,2025-05-10 00:00:00,yes,6.0,no,,no,,no,Agricultural Use,Title,,no,,yes,,yes,,yes,yes,,yes,,yes,,yes,,no,,yes,,yes,,yes,,no,,7.893,1058.1,0.431206,150.0,100.0,2009-09-21 03:00:00Z,0-25%,75-100%,"['Bananas', 'Tobacco', 'Beans']",,Both(Rainfed+Irrigated),['Using Fertilizers'],8.0,2.0,12.0,36.0,3.0,5.0,85.0,54.0,60.0,60.0,,85.0,At a hulling station,Supplier,
F-850,1.0,Kayunga,1,yes,5.0,no,,no,,yes,Agricultural Use,Agreement/lease,,no,,yes,,yes,,no,,,yes,,yes,,yes,,no,,yes,,yes,,yes,,no,,10.7,1053.9,0.779577,1400.0,1350.0,2000-09-05 03:00:00Z,0-25%,75-100%,"['Bananas', 'Beans']",,Rainfed,['Weeding'],5.0,5.0,5.0,5.0,10.0,0.0,1000.0,900.0,2000.0,2000.0,,1000.0,At a hulling station,Supplier,
F-851,1.0,Luwero,1,yes,2.0,no,,no,,yes,Agricultural Use,Agreement/lease,,no,,yes,,yes,,no,,,yes,,yes,,yes,,no,,yes,,yes,,yes,,no,,8.0,1116.0,3.123753,1310.0,1260.0,2011-09-12 03:00:00Z,0-25%,75-100%,['Bananas'],,Rainfed,"['Using Fertilizers', 'Pruning', 'Weeding', 'Intercropping']",5.0,0.0,5.0,0.0,5.0,0.0,2250.0,2200.0,2700.0,2700.0,,2250.0,It's picked from your farm,Supplier,
F-852,,Luwero,3,Yes,7.0,No,,No,,No,100% Agricultural,Customary,,No,,Yes,Lack of resources for buffer zones,Yes,,No,,,Yes,,Yes,,Yes,,No,No child labor employed,No,,No,,Yes,,No,No corruption observed,,,2.55459,600.0,879.0,1989-06-12 03:00:00Z,0-25%,75-100%,,,Rainfed,"Composting, Pest Management",10.0,0.0,2.0,2.0,0.0,0.0,,665.0,,2196.0,,686.0,Luwero,Local Trader,
F-853,,Luwero,3,Yes,7.0,No,,No,,No,100% Agricultural,Customary,,No,,Yes,Lack of resources for buffer zones,Yes,,No,,,Yes,,Yes,,Yes,,No,No child labor employed,No,,No,,Yes,,No,No corruption observed,,,1.127199,400.0,879.0,1999-05-17 03:00:00Z,0-25%,75-100%,,,Rainfed,"Composting, Pest Management",10.0,0.0,2.0,2.0,0.0,0.0,,665.0,,2196.0,,686.0,Luwero,Local Trader,
F-854,1.0,Kayunga,1,yes,8.0,no,,no,,yes,Agricultural Use,Agreement/lease,,no,,yes,,yes,,no,,,yes,,yes,,yes,,no,,yes,,yes,,yes,,no,,0.7311243,1101.824,0.216791,1700.0,1500.0,2000-06-09 03:00:00Z,0-25%,75-100%,['Bananas'],,Rainfed,"['Using Fertilizers', 'Pruning', 'Weeding', 'Intercropping']",8.0,2.0,4.0,6.0,10.0,0.0,1500.0,1350.0,3000.0,3000.0,,1500.0,It's picked from your farm,Supplier,
F-855,1.0,Kayunga,1,yes,8.0,no,,no,,no,Natural forest,Customary,,no,,yes,,yes,,yes,yes,,yes,,yes,,yes,,no,,yes,,yes,,yes,,no,,2.3,1079.1,0.402264,900.0,800.0,2004-07-07 03:00:00Z,0-25%,75-100%,['Bananas'],,Rainfed,['Using Fertilizers'],1.0,1.0,1.0,1.0,0.0,0.0,800.0,400.0,1600.0,1600.0,,800.0,It's picked from your farm,Supplier,
F-856,,Nakaseke,4,Yes,7.0,No,BUSAANA,No,,Yes,100% Agricultural,Lease,,No,,Yes,,Yes,,No,,,No,,Yes,Issues with equal pay reported,Yes,,No,No child labor employed,Yes,,Yes,,Yes,,No,No corruption observed,,,1.361361,380.0,826.0,,0-25%,75-100%,"Matoke, Groundnuts",,Rainfed,"Composting, Pest Management",2.0,7.0,9.0,1.0,1.0,0.0,,1257.0,,446.0,,122.0,Nakaseke,Local Trader,
F-857,,Nakaseke,4,Yes,7.0,No,BUSAANA,No,,Yes,100% Agricultural,Lease,,No,,Yes,,Yes,,No,,,No,,Yes,Issues with equal pay reported,Yes,,No,No child labor employed,Yes,,Yes,,Yes,,No,No corruption observed,,,3.680189,850.0,826.0,2000-05-08 03:00:00Z,0-25%,75-100%,"Matoke, Groundnuts",,Rainfed,"Composting, Pest Management",2.0,7.0,9.0,1.0,1.0,0.0,,1257.0,,446.0,,122.0,Nakaseke,Local Trader,
F-858,1.0,Kayunga,1,yes,4.0,no,,no,,yes,Agricultural Use,Agreement/lease,,no,,yes,,yes,,no,,,yes,,yes,,yes,,no,,yes,,yes,,yes,,no,,0.8510783,1075.46,0.18349,1700.0,1500.0,2008-06-08 03:00:00Z,0-25%,75-100%,['Bananas'],,Rainfed,"['Using Fertilizers', 'Pruning', 'Weeding', 'Intercropping']",10.0,1.0,5.0,8.0,11.0,0.0,1500.0,1350.0,3000.0,3000.0,,1500.0,It's picked from your farm,Supplier,
F-859,1.0,Luwero,2,yes,6.0,no,,no,,yes,Agricultural Use,Agreement/lease,,no,,yes,,yes,,yes,yes,,yes,,yes,,yes,,no,,yes,,yes,,yes,,no,,13.0,1154.0,0.750909,360.0,100.0,2010-09-30 03:00:00Z,0-25%,75-100%,['Bananas'],,Rainfed,"['Pruning', 'Using Fertilizers', 'Weeding']",2.0,2.0,0.0,4.0,0.0,0.0,3000.0,6000.0,6000.0,6000.0,,3000.0,It's picked from your farm,Supplier,
F-860,1.0,Kayunga,1,yes,2.0,no,,no,,yes,Agricultural Use,Agreement/lease,,no,,yes,,yes,,no,,,yes,,yes,,yes,,no,,yes,,yes,,yes,,no,,2.6,1019.2,0.450716,1000.0,1000.0,2015-09-08 03:00:00Z,0-25%,75-100%,['Bananas'],,Rainfed,['Intercropping'],5.0,5.0,5.0,5.0,10.0,0.0,900.0,900.0,2000.0,2000.0,1000.0,1000.0,At a hulling station,Supplier,
F-861,1.0,Luwero,1,yes,2.0,no,,no,,yes,Agricultural Use,Title,,no,,yes,,yes,,no,,,yes,,yes,,yes,,no,,yes,,yes,,yes,,no,,1.023,1108.677,0.909706,635.0,600.0,2009-02-20 03:00:00Z,0-25%,75-100%,['Bananas'],,Rainfed,"['Pruning', 'Weeding']",1.0,1.0,0.0,2.0,0.0,0.0,750.0,375.0,1500.0,1500.0,,750.0,somewhere else,other,
F-862,1.0,Mukono,1,yes,2.0,No,,,,yes,,,,,,,,,,,,,,,,,,,,,,,,,,,,,1.989,1320.522,15.44474,,,,,,,,,,,,,,,,,,,,,,,,
F-863,,Luwero,5,Yes,2.0,No,Ibero,No,,No,100% Agricultural,Lease,,No,,Yes,,Yes,,No,,,No,,Yes,,Yes,,No,No child labor employed,Yes,Irregular schedules due to seasonal work,Yes,,Yes,,No,No corruption observed,,,3.345745,1200.0,1614.0,2000-04-04 03:00:00Z,0-25%,75-100%,"Matoke, Groundnuts",,Rainfed,"Mulching, Pruning",3.0,7.0,5.0,4.0,6.0,0.0,,1472.0,,1402.0,,2478.0,Luwero,Local Trader,
F-864,1.0,Kayunga,3,yes,4.0,no,,no,,yes,Agricultural Use,Agreement/lease,,no,,yes,,yes,,no,,,yes,,yes,,yes,,no,,yes,,yes,,yes,,no,,7.5,1162.0,0.573596,1250.0,1200.0,2003-06-14 03:00:00Z,0-25%,75-100%,"['Bananas', 'Beans']",,Rainfed,['Weeding'],2.0,1.0,3.0,3.0,3.0,0.0,200.0,150.0,1500.0,1500.0,,200.0,It's picked from your farm,Supplier,
F-865,,Luwero,3,Yes,3.0,No,,No,,Yes,100% Agricultural,Lease,,No,,Yes,,Yes,,No,,,Yes,,Yes,,Yes,,No,No child labor employed,Yes,,Yes,,No,,No,No corruption observed,,,9.906764,1440.0,3433.0,2000-10-12 03:00:00Z,0-25%,75-100%,,,Rainfed,"Intercropping, Soil Testing",7.0,3.0,6.0,5.0,5.0,0.0,,1107.0,,2802.0,,854.0,Luwero,Local Trader,
F-866,,Luwero,3,Yes,3.0,No,,No,,Yes,100% Agricultural,Lease,,No,,Yes,,Yes,,No,,,Yes,,Yes,,Yes,,No,No child labor employed,Yes,,Yes,,No,,No,No corruption observed,,,2.681655,505.0,3433.0,,0-25%,75-100%,,,Rainfed,"Intercropping, Soil Testing",7.0,3.0,6.0,5.0,5.0,0.0,,1107.0,,2802.0,,854.0,Luwero,Local Trader,
F-867,,Luwero,3,Yes,3.0,No,,No,,Yes,100% Agricultural,Lease,,No,,Yes,,Yes,,No,,,Yes,,Yes,,Yes,,No,No child labor employed,Yes,,Yes,,No,,No,No corruption observed,,,1.759243,1200.0,3433.0,2000-02-01 03:00:00Z,0-25%,75-100%,,,Rainfed,"Intercropping, Soil Testing",7.0,3.0,6.0,5.0,5.0,0.0,,1107.0,,2802.0,,854.0,Luwero,Local Trader,
F-868,1.0,Luwero,1,yes,5.0,no,,no,,yes,Agricultural Use,Title,,no,,yes,,yes,,no,,,yes,,yes,,yes,,no,,yes,,yes,,yes,,no,,0.943,1176.203,0.374823,1350.0,1200.0,2009-02-20 03:00:00Z,25-50%,50-75%,['Bananas'],,Rainfed,"['Pruning', 'Weeding', 'Intercropping']",2.0,1.0,0.0,3.0,0.0,0.0,,500.0,,2000.0,,1000.0,At a hulling station,Hulling Station representative,
F-869,1.0,Luwero,2,yes,5.0,no,,no,,yes,Agricultural Use,Title,,no,,yes,,yes,,no,,,yes,,yes,,yes,,no,,yes,,yes,,yes,,no,,0.685,1174.481,5.431401,420.0,350.0,2009-02-20 03:00:00Z,0-25%,75-100%,['Bananas'],,Rainfed,['Weeding'],1.0,2.0,0.0,3.0,0.0,0.0,500.0,1000.0,1000.0,1000.0,,500.0,somewhere else,other,
F-870,,Luwero,,,,no,,no,,,Agricultural Use,Title,,no,,yes,,yes,,no,,,yes,,,,Yes,,no,,yes,,yes,,yes,,no,,1.785,1146.903,5.431401,1500.0,900.0,2008-02-20 03:00:00Z,0-25%,75-100%,['Bananas'],,Rainfed,"['Weeding', 'Pruning']",2.0,2.0,0.0,5.0,1.0,0.0,1000.0,1000.0,2000.0,2000.0,,1000.0,somewhere else,other,
F-871,1.0,Kayunga,1,yes,8.0,no,,no,,yes,Natural forest,Customary,,no,,yes,,yes,,yes,yes,,yes,,yes,,yes,,no,,yes,,yes,,yes,,no,,2.29,1097.9,2.108532,1200.0,1000.0,2016-08-08 03:00:00Z,0-25%,75-100%,['Bananas'],,Rainfed,['Using Fertilizers'],1.0,1.0,1.0,1.0,0.0,0.0,1000.0,500.0,2000.0,2000.0,,1000.0,It's picked from your farm,Supplier,
F-872,1.0,Kayunga,1,yes,4.0,no,,no,,yes,Agricultural Use,Title,,no,,yes,,yes,,yes,yes,,yes,,yes,,yes,,no,,yes,,yes,,yes,,no,,2.6,1099.4,2.21849,1250.0,1200.0,2011-01-01 03:00:00Z,0-25%,75-100%,"['Bananas', 'Tobacco']",,Rainfed,"['Using Fertilizers', 'Weeding', 'Intercropping']",1.0,0.0,0.0,1.0,0.0,0.0,1500.0,1000.0,2800.0,2800.0,,1500.0,It's picked from your farm,Supplier,
F-873,1.0,Kayunga,1,yes,3.0,no,,no,,yes,Agricultural Use,Agreement/lease,,no,,yes,,yes,,yes,yes,,yes,,yes,,yes,,no,,yes,,yes,,yes,,no,,3.08,1059.9,0.233517,450.0,300.0,2018-04-21 03:00:00Z,0-25%,75-100%,['Bananas'],,Rainfed,['Weeding'],1.0,0.0,0.0,1.0,0.0,0.0,400.0,600.0,600.0,650.0,700.0,900.0,It's picked from your farm,other,
F-874,1.0,Luwero,1,yes,5.0,no,,no,,yes,Agricultural Use,Agreement/lease,,no,,yes,,yes,,no,,,yes,,yes,,yes,,no,,yes,,yes,,yes,,no,,1.822,1156.326,0.592491,1400.0,1350.0,2021-08-10 03:00:00Z,0-25%,75-100%,"['Bananas', 'Beans']",,Rainfed,"['Pruning', 'Weeding', 'Intercropping']",1.0,0.0,1.0,1.0,1.0,0.0,500.0,450.0,1000.0,1000.0,,500.0,It's picked from your farm,Supplier,
F-875,1.0,Kayunga,1,yes,2.0,no,,no,,no,Natural forest,Customary,,no,,yes,,yes,,yes,yes,,yes,,yes,,yes,,no,,yes,,yes,,yes,,no,,2.217,1087.5,0.569626,900.0,800.0,2011-09-09 03:00:00Z,0-25%,75-100%,['Bananas'],,Rainfed,['Using Fertilizers'],1.0,1.0,1.0,2.0,1.0,0.0,800.0,400.0,1600.0,1600.0,,800.0,It's picked from your farm,Supplier,
F-876,1.0,Kayunga,1,yes,1.0,no,,no,,no,Agricultural Use,Title,,no,,yes,,yes,,yes,yes,,yes,,yes,,yes,,no,,yes,,yes,,yes,,no,,9.1,1133.5,0.133256,850.0,800.0,2014-11-11 03:00:00Z,0-25%,75-100%,"['Bananas', 'Tobacco']",,Rainfed,"['Using Fertilizers', 'Weeding']",0.0,1.0,0.0,1.0,0.0,0.0,900.0,500.0,1600.0,1600.0,,900.0,It's picked from your farm,Supplier,
F-877,1.0,Kayunga,1,no,5.0,no,,no,,yes,Agricultural Use,Agreement/lease,,no,,yes,,yes,,no,,,yes,,yes,,Yes,,no,,yes,,yes,,yes,,no,,5.398,1037.908,0.2308,300.0,300.0,1973-01-01 03:00:00Z,0-25%,75-100%,"['Bananas', 'Beans']",,Rainfed,"['Pruning', 'Weeding']",0.0,0.0,0.0,0.0,2.0,0.0,950.0,950.0,2000.0,2000.0,1000.0,1000.0,It's picked from your farm,Hulling Station representative,
F-878,1.0,Kayunga,1,yes,5.0,no,,no,,yes,Agricultural Use,Agreement/lease,,no,,yes,,yes,,yes,yes,,yes,,yes,,yes,,no,,yes,,yes,,yes,,no,,2.05,1055.3,0.48972,800.0,600.0,2015-04-21 03:00:00Z,0-25%,75-100%,['Bananas'],,Rainfed,['Weeding'],1.0,2.0,0.0,3.0,0.0,0.0,800.0,1000.0,900.0,1000.0,1800.0,1800.0,It's picked from your farm,other,
F-879,1.0,Luwero,1,yes,6.0,no,,no,,yes,Agricultural Use,Agreement/lease,,no,,yes,,yes,,no,,,yes,,yes,,yes,,no,,yes,,yes,,yes,,no,,8.0,1128.0,1.838955,3810.0,3760.0,2021-09-12 03:00:00Z,0-25%,75-100%,['Bananas'],,Rainfed,"['Using Fertilizers', 'Pruning', 'Weeding', 'Intercropping']",7.0,3.0,0.0,5.0,10.0,0.0,4050.0,3800.0,8100.0,8100.0,,4050.0,It's picked from your farm,Supplier,
F-880,1.0,Luwero,2,Yes,4.0,No,,No,,Yes,100% Agricultural,Customary,,No,,Yes,,Yes,,No,,,Yes,No interaction with cultural leaders,Yes,,Yes,,No,No child labor employed,Yes,,Yes,,Yes,,No,No corruption observed,,,3.000845,80.0,298.0,2000-07-09 03:00:00Z,0-25%,75-100%,"Maize, Beans",,Rainfed,"Composting, Pest Management",2.0,7.0,6.0,4.0,4.0,0.0,,690.0,,4546.0,,503.0,Luwero,Local Trader,
F-881,,Nakaseke,3,No,10.0,No,,No,,Yes,100% Agricultural,Other,,No,,Yes,,Yes,,No,,,Yes,,Yes,,Yes,,No,No child labor employed,Yes,,Yes,,No,Unaware of tax obligations,No,No corruption observed,,,1.097964,450.0,301.0,2011-02-11 03:00:00Z,0-25%,75-100%,,,Rainfed,"Mulching, Pruning",5.0,0.0,6.0,2.0,4.0,0.0,,1256.0,,2684.0,,2110.0,Nakaseke,Local Trader,
F-882,,Nakaseke,3,No,10.0,No,,No,,Yes,100% Agricultural,Other,,No,,Yes,,Yes,,No,,,Yes,,Yes,,Yes,,No,No child labor employed,Yes,,Yes,,No,Unaware of tax obligations,No,No corruption observed,,,3.430238,450.0,301.0,2010-02-01 03:00:00Z,0-25%,75-100%,,,Rainfed,"Mulching, Pruning",5.0,0.0,6.0,2.0,4.0,0.0,,1256.0,,2684.0,,2110.0,Nakaseke,Local Trader,
F-883,,Nakaseke,3,No,10.0,No,,No,,Yes,100% Agricultural,Other,,No,,Yes,,Yes,,No,,,Yes,,Yes,,Yes,,No,No child labor employed,Yes,,Yes,,No,Unaware of tax obligations,No,No corruption observed,,,3.430238,400.0,301.0,2014-10-01 03:00:00Z,0-25%,75-100%,,,Rainfed,"Mulching, Pruning",5.0,0.0,6.0,2.0,4.0,0.0,,1256.0,,2684.0,,2110.0,Nakaseke,Local Trader,
F-884,,Nakaseke,5,No,8.0,no,,No,,No,100% Agricultural,Other,,No,,Yes,,Yes,,No,,,Yes,No interaction with cultural leaders,Yes,,Yes,,No,No child labor employed,Yes,,Yes,,Yes,Unaware of tax obligations,No,No corruption observed,,,3.03367,1000.0,1214.0,,0-25%,75-100%,"Bananas, Cassava",,Rainfed,"Mulching, Pruning",1.0,2.0,5.0,5.0,1.0,0.0,,1365.0,,745.0,,778.0,Nakaseke,Local Trader,
F-885,1.0,Luwero,1,yes,5.0,no,,no,,yes,Agricultural Use,Agreement/lease,,no,,yes,,yes,,no,,,yes,,yes,,yes,,no,,yes,,yes,,yes,,no,,0.91,1081.102,0.416744,1310.0,1260.0,2015-05-10 03:00:00Z,0-25%,75-100%,['Bananas'],,Rainfed,['Weeding'],2.0,2.0,2.0,2.0,4.0,0.0,1350.0,1260.0,2700.0,2700.0,,1350.0,It's picked from your farm,Supplier,
F-886,1.0,Luwero,1,yes,6.0,no,,no,,yes,Agricultural Use,Agreement/lease,,no,,yes,,yes,,no,,,yes,,yes,,yes,,no,,yes,,yes,,yes,,no,,8.5,1046.0,0.389823,420.0,1200.0,2010-09-12 03:00:00Z,0-25%,75-100%,"['Bananas', 'Beans', 'other']",cassava,Rainfed,"['Pruning', 'Weeding', 'Intercropping']",3.0,2.0,2.0,3.0,5.0,0.0,,1200.0,,2700.0,,1350.0,It's picked from your farm,Supplier,
F-887,,Luwero,1,Yes,2.0,No,,No,,Yes,100% Agricultural,Customary,,No,,Yes,,Yes,,No,,,Yes,,Yes,,Yes,,No,No child labor employed,Yes,,Yes,,Yes,,No,No corruption observed,,,3.022464,1250.0,1224.0,1999-09-12 03:00:00Z,0-25%,75-100%,"Bananas, Cassava",,Rainfed,"Composting, Pest Management",3.0,0.0,10.0,3.0,3.0,0.0,,1988.0,,756.0,,2398.0,Luwero,Local Trader,
F-888,1.0,Luwero,1,yes,5.0,no,,no,,yes,Agricultural Use,Agreement/lease,,no,,yes,,yes,,no,,,yes,,yes,,yes,,no,,yes,,yes,,yes,,no,,4.301,1107.236,2.825149,950.0,900.0,1999-07-12 03:00:00Z,0-25%,75-100%,['Bananas'],,Rainfed,['Intercropping'],1.0,1.0,1.0,2.0,0.0,0.0,600.0,300.0,1200.0,1200.0,,600.0,It's picked from your farm,Supplier,
F-889,,Nakaseke,2,Yes,4.0,No,,No,,Yes,100% Agricultural,Lease,,No,,No,,Yes,Limited knowledge of waste management,No,,,Yes,,Yes,,Yes,,No,No child labor employed,Yes,,Yes,,No,,No,No corruption observed,,,1.155484,430.0,723.0,2000-08-11 03:00:00Z,0-25%,75-100%,"Maize, Beans",,Rainfed,"Intercropping, Soil Testing",1.0,6.0,6.0,0.0,4.0,0.0,,159.0,,953.0,,1787.0,Nakaseke,Local Trader,
F-890,,Nakaseke,2,Yes,4.0,No,,No,,Yes,100% Agricultural,Lease,,No,,No,,Yes,Limited knowledge of waste management,No,,,Yes,,Yes,,Yes,,No,No child labor employed,Yes,,Yes,,No,,No,No corruption observed,,,6.757277,400.0,723.0,2005-08-11 03:00:00Z,0-25%,75-100%,"Maize, Beans",,Rainfed,"Intercropping, Soil Testing",1.0,6.0,6.0,0.0,4.0,0.0,,159.0,,953.0,,1787.0,Nakaseke,Local Trader,
F-891,1.0,Kayunga,1,yes,4.0,no,,no,,yes,Agricultural Use,Agreement/lease,,no,,yes,,yes,,no,,,yes,,yes,,yes,,no,,yes,,yes,,yes,,no,,1.9,1097.4,0.153782,1150.0,1100.0,2011-08-12 03:00:00Z,0-25%,75-100%,"['Bananas', 'Beans']",,Rainfed,"['Intercropping', 'Weeding']",4.0,3.0,4.0,3.0,7.0,0.0,1100.0,950.0,2200.0,2200.0,,1100.0,At a hulling station,Supplier,
F-892,1.0,Kayunga,1,yes,6.0,no,,no,,yes,Agricultural Use,Agreement/lease,,no,,yes,,yes,,no,,,yes,,yes,,yes,,no,,yes,,yes,,yes,,no,,1.2984995,1064.22,0.184674,1200.0,1000.0,2013-06-08 03:00:00Z,0-25%,75-100%,['Bananas'],,Rainfed,"['Using Fertilizers', 'Pruning', 'Weeding', 'Intercropping']",6.0,4.0,4.0,6.0,10.0,0.0,1000.0,900.0,2000.0,2000.0,,1000.0,At a hulling station,Supplier,
F-893,,Luwero,3,Yes,6.0,No,,No,,Yes,100% Agricultural,Customary,,No,,Yes,,Yes,,No,,,Yes,,Yes,,Yes,,No,No child labor employed,Yes,,Yes,,No,Unaware of tax obligations,No,No corruption observed,,,4.541352,50.0,3580.0,2016-04-07 03:00:00Z,0-25%,75-100%,"Matoke, Groundnuts",,Irrigated,"Composting, Pest Management",8.0,3.0,0.0,2.0,9.0,0.0,,1001.0,,2678.0,,1811.0,Luwero,Local Trader,
F-894,1.0,Kayunga,1,yes,10.0,no,,no,,yes,Agricultural Use,Customary,,no,,yes,,yes,,no,,,yes,,yes,,yes,,no,,yes,,yes,,yes,,no,,8.58,1040.19999999999,2.071682,1350.0,1100.0,1989-05-17 03:00:00Z,0-25%,75-100%,"['Bananas', 'Beans']",,Rainfed,"['Pruning', 'Using Fertilizers', 'Weeding', 'Intercropping']",7.0,1.0,0.0,8.0,8.0,0.0,750.0,670.0,1500.0,1500.0,,750.0,It's picked from your farm,Supplier,
F-895,,Nakaseke,2,No,6.0,No,,No,,Yes,100% Agricultural,Deed of Property,,No,,Yes,,Yes,,No,,,Yes,No interaction with cultural leaders,Yes,,Yes,,No,No child labor employed,Yes,,Yes,Lack of training on rights,Yes,,No,No corruption observed,,,3.357077,100.0,468.0,1998-02-26 03:00:00Z,0-25%,75-100%,,,Rainfed,"Mulching, Pruning",5.0,3.0,7.0,1.0,5.0,0.0,,684.0,,4939.0,,2273.0,Nakaseke,Local Trader,
F-896,1.0,Luwero,1,yes,5.0,no,,no,,yes,Agricultural Use,Agreement/lease,,no,,yes,,yes,,no,,,yes,,yes,,yes,,no,,yes,,yes,,yes,,no,,1.934,1127.209,1.64785,1400.0,1350.0,1998-04-14 03:00:00Z,0-25%,75-100%,['Bananas'],,Rainfed,"['Pruning', 'Weeding']",2.0,0.0,2.0,1.0,2.0,0.0,1000.0,450.0,1000.0,1000.0,,1000.0,It's picked from your farm,Supplier,
F-897,1.0,Kayunga,1,yes,2.0,no,,no,,yes,Agricultural Use,Customary,,no,,yes,,yes,,no,,,yes,,yes,,yes,,no,,yes,,yes,,yes,,no,,2.0,1075.1,0.405113,1250.0,1200.0,2020-04-21 03:00:00Z,0-25%,75-100%,['Bananas'],,Rainfed,"['Intercropping', 'Weeding']",2.0,3.0,1.0,2.0,3.0,0.0,1250.0,1200.0,2500.0,2500.0,,1250.0,It's picked from your farm,Supplier,
F-898,1.0,Luwero,2,yes,11.0,no,,no,,yes,Agricultural Use,Agreement/lease,,no,,yes,,yes,,yes,yes,,yes,,yes,,yes,,no,,yes,,yes,,yes,,no,,8.0,1117.0,0.544447,1050.0,1000.0,2010-09-28 03:00:00Z,0-25%,75-100%,['Bananas'],,Rainfed,"['Pruning', 'Weeding', 'Using Fertilizers']",8.0,2.0,0.0,10.0,0.0,0.0,450.0,9000.0,9000.0,9000.0,,450.0,At a hulling station,Hulling Station representative,
F-899,1.0,Kayunga,1,yes,2.0,no,,no,,no,Natural forest,Customary,,no,,yes,,yes,,yes,yes,,yes,,yes,,yes,,no,,yes,,yes,,yes,,no,,1.508,1109.0,0.613685,800.0,600.0,2019-08-08 03:00:00Z,0-25%,75-100%,"['Bananas', 'Sunflower']",,Rainfed,['Using Fertilizers'],1.0,0.0,1.0,1.0,0.0,0.0,600.0,300.0,1200.0,1200.0,,600.0,It's picked from your farm,Supplier,
F-900,1.0,Kayunga,1,yes,3.0,no,,no,,yes,Agricultural Use,Customary,,no,,yes,,yes,,yes,yes,,yes,,yes,,yes,,no,,yes,,yes,,yes,,no,,9.934,1085.8,1.14711,1000.0,900.0,2000-09-12 03:00:00Z,0-25%,75-100%,['Bananas'],,Rainfed,['Weeding'],1.0,1.0,2.0,1.0,2.0,0.0,350.0,315.0,700.0,700.0,,350.0,At a hulling station,Hulling Station representative,
F-901,1.0,Luwero,1,yes,6.0,no,,no,,yes,Agricultural Use,Title,,no,,yes,,yes,,yes,yes,,yes,,yes,,yes,,no,,yes,,yes,,yes,,no,,15.206,1153.421,0.843628,1800.0,1700.0,2003-02-20 03:00:00Z,0-25%,75-100%,['Bananas'],,Rainfed,"['Pruning', 'Weeding', 'Intercropping']",3.0,2.0,2.0,4.0,2.0,0.0,2500.0,1250.0,5000.0,5000.0,,2500.0,At a cooperative,Cooperative representative,
F-902,1.0,Luwero,1,no,3.0,no,,no,,yes,Agricultural Use,Agreement/lease,,no,,yes,,yes,,no,,,yes,,yes,,yes,,no,,yes,,yes,,yes,,no,,1.531,1124.964,1.518392,1400.0,1350.0,2003-04-02 03:00:00Z,0-25%,75-100%,['Bananas'],,Rainfed,"['Weeding', 'Pruning', 'Using Fertilizers']",1.0,1.0,2.0,1.0,2.0,0.0,500.0,450.0,1000.0,1000.0,,500.0,It's picked from your farm,Supplier,
F-903,1.0,Luwero,1,no,8.0,no,,no,,yes,Agricultural Use,Customary,,no,,yes,,yes,,no,,,yes,,yes,,yes,,no,,yes,,yes,,yes,,no,,1.6063242,1039.682,0.105533,300.0,250.0,2013-08-17 03:00:00Z,0-25%,75-100%,['Bananas'],,Rainfed,['Using Fertilizers'],1.0,1.0,0.0,2.0,2.0,0.0,200.0,310.0,400.0,400.0,,200.0,somewhere else,other,
F-904,1.0,Luwero,1,no,6.0,no,,no,,yes,Agricultural Use,Customary,,no,,yes,,yes,,no,,,yes,,yes,,yes,,no,,yes,,yes,,yes,,no,,7.6,1128.9,0.423058,450.0,200.0,2017-09-12 03:00:00Z,0-25%,75-100%,['Bananas'],,Rainfed,['Intercropping'],3.0,3.0,0.0,8.0,0.0,0.0,50.0,50.0,200.0,200.0,,50.0,It's picked from your farm,Supplier,
F-905,,Nakaseke,2,No,4.0,No,,No,,No,100% Agricultural,Customary,,No,,Yes,,No,,No,,,Yes,,Yes,,Yes,,No,No child labor employed,Yes,,Yes,,Yes,Unaware of tax obligations,No,No corruption observed,,,8.613006,138.0,602.0,2011-07-22 03:00:00Z,0-25%,75-100%,"Maize, Beans",,Rainfed,"Composting, Pest Management",3.0,7.0,10.0,3.0,1.0,0.0,,242.0,,372.0,,408.0,Nakaseke,Local Trader,
F-906,1.0,Kayunga,1,yes,6.0,no,,no,,yes,Agricultural Use,Agreement/lease,,no,,yes,,yes,,yes,yes,,yes,,yes,,yes,,no,,yes,,yes,,yes,,no,,9.4,1108.9,0.726727,1000.0,1000.0,2003-08-09 03:00:00Z,0-25%,75-100%,['Bananas'],,Rainfed,"['Using Fertilizers', 'Pruning', 'Weeding']",3.0,1.0,4.0,0.0,4.0,0.0,1000.0,800.0,2000.0,2000.0,,1000.0,It's picked from your farm,Supplier,
F-907,,Nakaseke,4,No,9.0,No,,No,,No,100% Agricultural,Lease,,No,,Yes,,Yes,,No,,,No,,Yes,,Yes,,No,No child labor employed,Yes,,No,,Yes,,No,No corruption observed,,,3.822455,1350.0,426.0,2006-03-09 03:00:00Z,0-25%,75-100%,"Matoke, Groundnuts",,Rainfed,"Composting, Pest Management",14.0,14.0,5.0,2.0,11.0,0.0,,252.0,,3367.0,,1248.0,Nakaseke,Local Trader,
F-908,1.0,Kayunga,1,no,9.0,no,,no,,no,Natural forest,Customary,,no,,yes,,yes,,yes,yes,,yes,,yes,,yes,,no,,yes,,yes,,yes,,no,,9.685,1107.2,1.309533,800.0,600.0,2019-08-08 03:00:00Z,0-25%,75-100%,['Bananas'],,Rainfed,['Using Fertilizers'],1.0,1.0,1.0,3.0,0.0,0.0,600.0,300.0,1200.0,1200.0,,600.0,It's picked from your farm,Supplier,
F-909,1.0,Luwero,2,yes,10.0,no,,no,,yes,Agricultural Use,Agreement/lease,,no,,yes,,yes,,yes,yes,,yes,,yes,,yes,,no,,yes,,yes,,yes,,no,,15.0,1141.0,0.387288,421.0,100.0,2010-06-24 03:00:00Z,0-25%,75-100%,['Bananas'],,Rainfed,"['Pruning', 'Weeding', 'Using Fertilizers']",0.0,2.0,2.0,5.0,0.0,0.0,1000.0,2000.0,2000.0,2000.0,,1000.0,It's picked from your farm,Supplier,
F-910,1.0,Nakaseke,3,Yes,10.0,No,,No,,No,100% Agricultural,Lease,,No,,Yes,Lack of resources for buffer zones,Yes,,No,,,Yes,,Yes,,Yes,,No,No child labor employed,Yes,,Yes,,Yes,,No,No corruption observed,,,3.339643,600.0,648.0,2017-03-12 03:00:00Z,0-25%,75-100%,"Matoke, Groundnuts",,Rainfed,"Composting, Pest Management",13.0,11.0,4.0,0.0,7.0,0.0,,1439.0,,358.0,,392.0,Nakaseke,Local Trader,
F-911,1.0,Luwero,1,yes,6.0,no,,no,,yes,Agricultural Use,Agreement/lease,,no,,yes,,yes,,no,,,yes,,yes,,yes,,no,,yes,,yes,,yes,,no,,9.5,1112.0,1.482975,1250.0,1200.0,2010-12-13 03:00:00Z,0-25%,75-100%,['Bananas'],,Rainfed,"['Pruning', 'Weeding', 'Intercropping']",1.0,2.0,3.0,6.0,3.0,0.0,1250.0,1200.0,2700.0,2700.0,,1250.0,It's picked from your farm,Supplier,
F-912,1.0,Kayunga,1,yes,3.0,no,,no,,no,Agricultural Use,Title,,no,,yes,,yes,,yes,yes,,yes,,yes,,yes,,no,,yes,,yes,,yes,,no,,2.425,1077.5,0.582545,1200.0,800.0,1990-10-02 03:00:00Z,0-25%,75-100%,"['Bananas', 'Tobacco']",,Rainfed,['Using Fertilizers'],0.0,1.0,0.0,1.0,0.0,0.0,300.0,200.0,700.0,600.0,500.0,400.0,At a hulling station,Supplier,
F-913,,Nakaseke,4,Yes,9.0,No,,No,,Yes,100% Agricultural,Other,,No,,Yes,,Yes,,No,,,Yes,,Yes,,Yes,,No,No child labor employed,Yes,,Yes,Lack of training on rights,Yes,,No,No corruption observed,,,3.105427,41.0,906.0,2006-05-10 03:00:00Z,0-25%,75-100%,"Matoke, Groundnuts",,Irrigated,"Mulching, Pruning",8.0,10.0,8.0,5.0,1.0,0.0,,533.0,,2358.0,,982.0,Nakaseke,Local Trader,
F-914,1.0,Luwero,1,yes,5.0,no,,no,,yes,Agricultural Use,Customary,,no,,yes,,yes,,no,,,yes,,yes,,yes,,no,,yes,,yes,,yes,,no,,6.9,1123.7,0.448967,2150.0,2100.0,2017-09-12 03:00:00Z,0-25%,75-100%,"['Bananas', 'Beans']",,Rainfed,['Intercropping'],2.0,3.0,0.0,5.0,0.0,0.0,120.0,800.0,1000.0,1000.0,,120.0,It's picked from your farm,Supplier,
F-915,1.0,Luwero,1,no,4.0,no,,no,,yes,Agricultural Use,Customary,,no,,yes,,yes,,no,,,yes,,yes,,yes,,no,,yes,,yes,,yes,,no,,10.725,1156.6,7.467012,1350.0,1300.0,2019-09-19 03:00:00Z,0-25%,75-100%,['Bananas'],,Rainfed,['Intercropping'],2.0,2.0,2.0,2.0,0.0,0.0,50.0,40.0,2000.0,2000.0,,50.0,It's picked from your farm,Supplier,
F-916,,Luwero,3,Yes,6.0,No,,No,,No,100% Agricultural,Deed of Property,,No,,No,,Yes,,No,,,No,,Yes,,Yes,,No,No child labor employed,Yes,,Yes,Lack of training on rights,No,,No,No corruption observed,,,3.818362,1350.0,454.0,2010-03-10 03:00:00Z,0-25%,75-100%,"Bananas, Cassava",,Rainfed,"Composting, Pest Management",2.0,3.0,0.0,3.0,0.0,0.0,,1645.0,,4029.0,,1207.0,Luwero,Local Trader,
F-917,,Luwero,3,No,6.0,No,,No,,Yes,100% Agricultural,Customary,,No,,Yes,,Yes,,No,,,No,,Yes,,Yes,,No,No child labor employed,Yes,,Yes,,Yes,,No,No corruption observed,,,3.213037,412.0,3181.0,2016-05-07 03:00:00Z,0-25%,75-100%,"Matoke, Groundnuts",,Rainfed,"Composting, Pest Management",8.0,0.0,8.0,3.0,8.0,0.0,,1113.0,,2674.0,,2086.0,Luwero,Local Trader,
F-918,1.0,Luwero,1,yes,4.0,no,,no,,yes,Agricultural Use,Customary,,no,,yes,,yes,,yes,yes,,yes,,yes,,yes,,no,,yes,,yes,,yes,,no,,5.2,1143.4,0.348081,1350.0,1350.0,2009-07-08 03:00:00Z,0-25%,75-100%,"['Bananas', 'Beans']",,Rainfed,"['Using Fertilizers', 'Pruning', 'Weeding', 'Intercropping']",2.0,0.0,1.0,4.0,1.0,0.0,500.0,450.0,1000.0,1000.0,,500.0,It's picked from your farm,Supplier,
F-919,1.0,Luwero,1,yes,2.0,no,,no,,yes,Agricultural Use,Agreement/lease,,no,,yes,,yes,,no,,,yes,,yes,,yes,,no,,yes,,yes,,yes,,no,,0.752,1094.613,2.801932,1050.0,1000.0,2000-12-12 03:00:00Z,0-25%,75-100%,['Bananas'],,Rainfed,['Intercropping'],1.0,1.0,1.0,2.0,0.0,0.0,600.0,300.0,1200.0,1200.0,,600.0,It's picked from your farm,Supplier,
F-920,1.0,Kayunga,2025-05-10 00:00:00,yes,4.0,no,,no,,no,Agricultural Use,Title,,no,,yes,,yes,,yes,yes,,yes,,yes,,yes,,no,,yes,,yes,,yes,,no,,6.432,1062.73718261718,1.554951,200.0,70.0,2007-03-12 03:00:00Z,0-25%,75-100%,['Beans'],,Irrigated,['Using Fertilizers'],15.0,10.0,10.0,40.0,3.0,2.0,150.0,200.0,200.0,200.0,,150.0,It's picked from your farm,Supplier,
F-921,1.0,Kayunga,2025-05-10 00:00:00,yes,4.0,no,,no,,no,Agricultural Use,Title,,no,,yes,,yes,,yes,yes,,yes,,yes,,yes,,no,,yes,,yes,,yes,,no,,3.216,1074.73559570312,1.633387,200.0,80.0,2003-03-07 03:00:00Z,0-25%,75-100%,"['Millet', 'Beans']",,Irrigated,['Using Fertilizers'],15.0,10.0,10.0,40.0,3.0,2.0,100.0,150.0,120.0,120.0,,100.0,It's picked from your farm,Supplier,
F-922,1.0,Kayunga,1,yes,10.0,no,,no,,no,Agricultural Use,Customary,,no,,yes,,yes,,yes,yes,,yes,,yes,,yes,,no,,yes,,yes,,yes,,no,,1.8,1093.1,0.486391,1300.0,1250.0,1998-04-18 03:00:00Z,0-25%,75-100%,"['Bananas', 'other']",Cassava,Rainfed,['Intercropping'],5.0,0.0,5.0,0.0,5.0,0.0,625.0,625.0,2500.0,2500.0,1250.0,1250.0,It's picked from your farm,Supplier,
F-923,,Luwero,2,No,8.0,No,,No,,Yes,100% Agricultural,Customary,,No,,Yes,,Yes,,No,,,Yes,,Yes,,Yes,,No,No child labor employed,Yes,Irregular schedules due to seasonal work,Yes,,Yes,,No,No corruption observed,,,3.481498,900.0,422.0,1990-09-12 03:00:00Z,0-25%,75-100%,"Maize, Beans",,Rainfed,"Composting, Pest Management",0.0,1.0,1.0,4.0,0.0,0.0,,1587.0,,3912.0,,1316.0,Luwero,Local Trader,
F-924,1.0,Kayunga,1,yes,6.0,no,,no,,yes,Agricultural Use,Agreement/lease,,no,,yes,,yes,,no,,,yes,,yes,,yes,,no,,yes,,yes,,yes,,no,,1.6982512,1056.42,0.762097,1200.0,1000.0,2009-03-08 03:00:00Z,0-25%,75-100%,['Bananas'],,Rainfed,"['Using Fertilizers', 'Pruning', 'Weeding', 'Intercropping']",5.0,4.0,4.0,5.0,9.0,0.0,900.0,900.0,2000.0,2000.0,1000.0,1000.0,It's picked from your farm,Supplier,
F-925,1.0,Kayunga,1,yes,7.0,no,,no,,no,Natural forest,Customary,,no,,yes,,yes,,yes,yes,,yes,,yes,,yes,,no,,yes,,yes,,yes,,no,,2.1,1123.9,0.689093,900.0,800.0,2005-08-08 03:00:00Z,0-25%,75-100%,['Bananas'],,Rainfed,['Using Fertilizers'],1.0,1.0,1.0,2.0,0.0,0.0,800.0,400.0,1600.0,1600.0,,800.0,It's picked from your farm,Supplier,
F-926,1.0,Kayunga,1,yes,8.0,no,,no,,no,Natural forest,Customary,,no,,yes,,yes,,yes,yes,,yes,,yes,,yes,,no,,yes,,yes,,yes,,no,,2.1,1077.1,0.260894,900.0,800.0,2000-07-09 03:00:00Z,0-25%,75-100%,['Bananas'],,Rainfed,['Using Fertilizers'],1.0,1.0,1.0,2.0,0.0,0.0,800.0,400.0,1600.0,1600.0,,800.0,It's picked from your farm,Supplier,
F-927,1.0,Kayunga,1,yes,5.0,no,,no,,yes,Agricultural Use,Title,,no,,yes,,yes,,no,,,yes,,yes,,yes,,no,,yes,,yes,,yes,,no,,2.3,1085.5,0.828419,600.0,550.0,2005-04-03 03:00:00Z,0-25%,75-100%,"['Bananas', 'Beans', 'Sorghum']",,Rainfed,"['Using Fertilizers', 'Intercropping']",0.0,1.0,0.0,1.0,0.0,0.0,770.0,770.0,1600.0,1600.0,800.0,800.0,It's picked from your farm,Cooperative representative,
F-928,1.0,Luwero,1,yes,3.0,no,,no,,no,Agricultural Use,Customary,,no,,yes,,yes,,yes,yes,,yes,,yes,,yes,,no,,yes,,yes,,yes,,no,,2.0,1119.7,1.289662,1350.0,1350.0,2007-06-07 03:00:00Z,0-25%,75-100%,"['Bananas', 'Beans']",,Rainfed,"['Using Fertilizers', 'Pruning', 'Weeding', 'Intercropping']",1.0,2.0,1.0,5.0,1.0,0.0,500.0,450.0,1000.0,1000.0,,500.0,It's picked from your farm,Supplier,
F-929,1.0,Kayunga,1,yes,5.0,yes,The Techno serve,no,,yes,Agricultural Use,Agreement/lease,,no,,yes,,yes,,yes,yes,,yes,,yes,,yes,,no,,yes,,yes,,yes,,no,,2.1,1101.0,0.560975,1150.0,1100.0,1988-03-14 03:00:00Z,0-25%,75-100%,['Bananas'],,Rainfed,['Weeding'],2.0,1.0,3.0,0.0,0.0,0.0,700.0,707.0,1200.0,1200.0,,700.0,It's picked from your farm,Supplier,
F-930,1.0,Luwero,1,yes,3.0,no,,no,,yes,Agricultural Use,Agreement/lease,,no,,yes,,yes,,no,,,yes,,yes,,yes,,no,,yes,,yes,,yes,,no,,1.7132257,1137.369,0.49746,400.0,10.0,2011-03-02 03:00:00Z,0-25%,75-100%,['Bananas'],,Rainfed,['Weeding'],2.0,1.0,1.0,2.0,1.0,0.0,45.0,45.0,100.0,100.0,45.0,45.0,It's picked from your farm,Supplier,
F-931,1.0,Kayunga,2025-05-10 00:00:00,yes,6.0,no,,no,,no,Agricultural Use,Title,,no,,yes,,yes,,yes,yes,,yes,,yes,,yes,,no,,yes,,yes,,yes,,no,,3.216,1082.47033691406,0.321088,100.0,70.0,2006-06-12 03:00:00Z,0-25%,75-100%,['Beans'],,Irrigated,['Using Fertilizers'],10.0,5.0,10.0,30.0,3.0,2.0,100.0,70.0,100.0,100.0,,100.0,It's picked from your farm,Supplier,
F-932,,Nakaseke,4,No,2.0,No,,No,,Yes,100% Agricultural,Deed of Property,,No,,Yes,,Yes,,No,,,No,,Yes,,Yes,,No,No child labor employed,Yes,,Yes,Lack of training on rights,Yes,Unaware of tax obligations,No,No corruption observed,,,1.952786,880.0,675.0,2012-03-02 03:00:00Z,0-25%,75-100%,"Matoke, Groundnuts",,Rainfed,"Composting, Pest Management",5.0,3.0,0.0,2.0,1.0,0.0,,694.0,,443.0,,801.0,Nakaseke,Local Trader,
F-933,,Nakaseke,4,No,2.0,No,,No,,Yes,100% Agricultural,Deed of Property,,No,,Yes,,Yes,,No,,,No,,Yes,,Yes,,No,No child labor employed,Yes,,Yes,Lack of training on rights,Yes,Unaware of tax obligations,No,No corruption observed,,,1.11663,120.0,675.0,2011-02-11 03:00:00Z,0-25%,75-100%,"Matoke, Groundnuts",,Rainfed,"Composting, Pest Management",5.0,3.0,0.0,2.0,1.0,0.0,,694.0,,443.0,,801.0,Nakaseke,Local Trader,
F-934,1.0,Luwero,1,yes,8.0,no,,no,,yes,Agricultural Use,Agreement/lease,,no,,yes,,yes,,yes,yes,,yes,,yes,,yes,,no,,yes,,yes,,yes,,no,,10.0,1097.0,0.441818,360.0,100.0,1995-06-12 03:00:00Z,0-25%,75-100%,['Bananas'],,Rainfed,"['Pruning', 'Weeding', 'Using Fertilizers']",0.0,5.0,0.0,5.0,0.0,0.0,500.0,1000.0,1000.0,1000.0,,500.0,It's picked from your farm,Supplier,
F-935,1.0,Kayunga,2,yes,6.0,no,,no,,no,Agricultural Use,Agreement/lease,,no,,yes,,yes,,yes,yes,,yes,,yes,,yes,,no,,yes,,yes,,yes,,no,,9.3,981.6,1.890663,850.0,800.0,2000-04-17 03:00:00Z,0-25%,75-100%,"['Bananas', 'Beans']",,Rainfed,"['Using Fertilizers', 'Weeding', 'Intercropping']",3.0,1.0,4.0,0.0,1.0,0.0,1200.0,1300.0,2400.0,2400.0,,1200.0,It's picked from your farm,Supplier,
F-936,1.0,Kayunga,1,yes,7.0,no,,no,,yes,Agricultural Use,Customary,,no,,yes,,yes,,yes,yes,,yes,,yes,,yes,,no,,yes,,yes,,yes,,no,,2.4,1075.7,1.40511,1200.0,1100.0,1995-07-23 03:00:00Z,0-25%,75-100%,['Bananas'],,Rainfed,['Intercropping'],3.0,0.0,3.0,0.0,3.0,0.0,1650.0,825.0,3300.0,3300.0,,1650.0,It's picked from your farm,Supplier,
F-937,1.0,Kayunga,1,yes,4.0,no,,no,,yes,Agricultural Use,Agreement/lease,,no,,yes,,yes,,yes,yes,,yes,,yes,,Yes,,no,,yes,,yes,,yes,,no,,2.4,1126.6,1.684549,500.0,400.0,2009-05-12 03:00:00Z,0-25%,75-100%,['Bananas'],,Rainfed,['Using Fertilizers'],3.0,0.0,1.0,2.0,0.0,0.0,600.0,400.0,800.0,800.0,,600.0,It's picked from your farm,Cooperative representative,
F-938,1.0,Kayunga,1,yes,4.0,no,,no,,yes,Agricultural Use,Agreement/lease,,no,,yes,,yes,,no,,,yes,,yes,,yes,,no,,yes,,yes,,yes,,no,,4.389,1046.1,0.479636,1050.0,1000.0,2014-06-14 03:00:00Z,0-25%,75-100%,"['Bananas', 'Beans']",,Rainfed,"['Intercropping', 'Weeding']",2.0,2.0,2.0,2.0,4.0,0.0,1000.0,850.0,2000.0,2000.0,,1000.0,It's picked from your farm,Supplier,
F-939,1.0,Kayunga,1,yes,5.0,no,,no,,yes,Agricultural Use,Agreement/lease,,no,,yes,,yes,,yes,yes,,yes,,yes,,Yes,,no,,yes,,yes,,yes,,no,,0.76848155,1054.674,1.178616,850.0,800.0,2009-04-12 03:00:00Z,0-25%,75-100%,['Bananas'],,Rainfed,['Using Fertilizers'],3.0,1.0,2.0,4.0,0.0,0.0,600.0,400.0,800.0,800.0,,600.0,It's picked from your farm,Cooperative representative,
F-940,,Luwero,1,No,9.0,No,,No,,Yes,100% Agricultural,Other,,No,,Yes,,No,,No,,,Yes,No interaction with cultural leaders,Yes,Issues with equal pay reported,Yes,,No,No child labor employed,Yes,Irregular schedules due to seasonal work,Yes,,Yes,,No,No corruption observed,,,4.39794,1000.0,1617.0,2000-05-08 03:00:00Z,0-25%,75-100%,"Maize, Beans",,Rainfed,"Intercropping, Soil Testing",11.0,6.0,6.0,5.0,7.0,0.0,,1942.0,,1776.0,,497.0,Luwero,Local Trader,
F-941,1.0,Luwero,1,no,6.0,no,,no,,yes,Agricultural Use,Agreement/lease,,no,,yes,,yes,,no,,,yes,,yes,,yes,,no,,yes,,yes,,yes,,no,,11.5,1079.0,2.945376,1250.0,1200.0,2011-12-13 03:00:00Z,0-25%,75-100%,['Bananas'],,Rainfed,"['Pruning', 'Weeding', 'Intercropping']",0.0,5.0,0.0,5.0,5.0,0.0,1250.0,1200.0,2700.0,2700.0,,1250.0,It's picked from your farm,Supplier,
F-942,1.0,Luwero,1,yes,3.0,no,,no,,yes,Agricultural Use,Agreement/lease,,no,,yes,,yes,,yes,yes,,yes,,yes,,yes,,no,,yes,,yes,,yes,,no,,1.5,1090.6,2.935152,1050.0,1000.0,1990-12-09 03:00:00Z,0-25%,75-100%,['Bananas'],,Rainfed,['Using Fertilizers'],1.0,2.0,1.0,2.0,2.0,1.0,250.0,250.0,200.0,200.0,,250.0,It's picked from your farm,Supplier,
F-943,,Luwero,5,No,4.0,No,,No,,Yes,100% Agricultural,Customary,,No,,Yes,,Yes,,No,,,Yes,No interaction with cultural leaders,Yes,,Yes,,No,No child labor employed,No,,Yes,,Yes,,No,No corruption observed,,,0.405319,240.0,786.0,1990-04-16 03:00:00Z,0-25%,75-100%,"Maize, Beans",,Rainfed,"Composting, Pest Management",6.0,3.0,9.0,2.0,4.0,0.0,,1080.0,,357.0,,1338.0,Luwero,Local Trader,
F-944,,Luwero,5,No,4.0,No,,No,,Yes,100% Agricultural,Customary,,No,,Yes,,Yes,,No,,,Yes,No interaction with cultural leaders,Yes,,Yes,,No,No child labor employed,No,,Yes,,Yes,,No,No corruption observed,,,6.34804,142.0,786.0,2007-05-15 03:00:00Z,0-25%,75-100%,"Maize, Beans",,Rainfed,"Composting, Pest Management",6.0,3.0,9.0,2.0,4.0,0.0,,1080.0,,357.0,,1338.0,Luwero,Local Trader,
F-945,,Luwero,2,Yes,6.0,No,,No,,Yes,100% Agricultural,Other,,No,,Yes,,Yes,,No,,,Yes,,Yes,,Yes,,No,No child labor employed,Yes,,Yes,Lack of training on rights,Yes,,No,No corruption observed,,,3.032498,80.0,2198.0,1995-04-09 03:00:00Z,0-25%,75-100%,"Maize, Beans",,Rainfed,"Mulching, Pruning",13.0,0.0,5.0,4.0,10.0,0.0,,1296.0,,821.0,,1203.0,Luwero,Local Trader,
F-946,1.0,Kayunga,1,yes,10.0,no,,no,,yes,Agricultural Use,Title,,no,,yes,,yes,,yes,yes,,yes,,yes,,yes,,no,,yes,,yes,,yes,,no,,10.1,1110.9,0.437132,550.0,500.0,2000-03-13 03:00:00Z,0-25%,75-100%,"['Bananas', 'Beans', 'other']",cassava,Rainfed,"['Using Fertilizers', 'Pruning', 'Weeding', 'Intercropping']",3.0,3.0,5.0,1.0,0.0,0.0,500.0,430.0,1000.0,1000.0,,500.0,It's picked from your farm,Cooperative representative,
F-947,1.0,Luwero,1,yes,4.0,no,,no,,yes,Agricultural Use,Agreement/lease,,no,,yes,,yes,,no,,,yes,,yes,,yes,,no,,yes,,yes,,yes,,no,,0.658,1066.152,0.206686,1310.0,1260.0,2000-05-10 03:00:00Z,0-25%,75-100%,['Bananas'],,Rainfed,['Weeding'],1.0,1.0,0.0,2.0,2.0,0.0,1350.0,1260.0,2700.0,2700.0,,1350.0,It's picked from your farm,Supplier,
F-948,,Luwero,1,Yes,4.0,No,,No,,Yes,100% Agricultural,Customary,,No,,Yes,Lack of resources for buffer zones,Yes,,No,,,Yes,,Yes,,Yes,,No,No child labor employed,Yes,,Yes,,Yes,Unaware of tax obligations,No,No corruption observed,,,3.011206,200.0,440.0,2000-12-23 03:00:00Z,0-25%,75-100%,"Bananas, Cassava",,Irrigated,"Mulching, Pruning",4.0,0.0,2.0,3.0,2.0,0.0,,358.0,,1514.0,,549.0,Luwero,Local Trader,
F-949,1.0,Kayunga,1,yes,7.0,no,,no,,yes,Agricultural Use,Agreement/lease,,no,,yes,,yes,,no,,,yes,,yes,,Yes,,no,,yes,,yes,,yes,,no,,6.605,1139.1,0.238576,850.0,800.0,2010-08-12 03:00:00Z,0-25%,75-100%,['Bananas'],,Rainfed,['Using Fertilizers'],0.0,0.0,0.0,0.0,0.0,0.0,700.0,500.0,900.0,900.0,,700.0,It's picked from your farm,Cooperative representative,
F-950,1.0,Luwero,2,yes,5.0,no,,no,,yes,Agricultural Use,Agreement/lease,,no,,yes,,yes,,yes,yes,,yes,,yes,,yes,,no,,yes,,yes,,yes,,no,,11.0,1166.0,1.348976,360.0,100.0,2010-06-23 03:00:00Z,0-25%,75-100%,['Bananas'],,Rainfed,"['Pruning', 'Using Fertilizers', 'Weeding']",0.0,3.0,0.0,3.0,0.0,0.0,1000.0,2000.0,2000.0,2000.0,,1000.0,It's picked from your farm,Supplier,
F-951,1.0,Luwero,1,yes,6.0,no,,no,,yes,Agricultural Use,Customary,,no,,yes,,yes,,no,,,yes,,yes,,yes,,no,,yes,,yes,,yes,,no,,1.3652833,1172.91,0.391097,350.0,300.0,2005-05-02 03:00:00Z,0-25%,75-100%,['Bananas'],,Rainfed,['Weeding'],1.0,1.0,0.0,3.0,3.0,0.0,150.0,90.0,300.0,300.0,,150.0,somewhere else,other,
F-952,1.0,Luwero,2,Yes,3.0,No,,No,,Yes,100% Agricultural,Other,,No,,Yes,,No,,No,,,Yes,,Yes,,Yes,,No,No child labor employed,No,,Yes,,Yes,Unaware of tax obligations,No,No corruption observed,,,3.330775,130.0,804.0,2000-06-12 03:00:00Z,0-25%,75-100%,,,Rainfed,"Mulching, Pruning",2.0,0.0,8.0,0.0,1.0,0.0,,897.0,,3354.0,,1414.0,Luwero,Local Trader,
F-953,1.0,Kayunga,1,yes,3.0,no,,no,,yes,Agricultural Use,Agreement/lease,,no,,yes,,yes,,yes,yes,,yes,,yes,,Yes,,no,,yes,,yes,,yes,,no,,5.584,1115.7,0.376894,850.0,800.0,2005-02-17 03:00:00Z,0-25%,75-100%,['Bananas'],,Rainfed,['Using Fertilizers'],0.0,0.0,2.0,0.0,0.0,0.0,700.0,409.0,900.0,900.0,,700.0,It's picked from your farm,Cooperative representative,
F-954,1.0,Kayunga,2025-05-10 00:00:00,yes,8.0,no,,no,,no,Agricultural Use,Title,,no,,yes,,yes,,yes,yes,,yes,,yes,,yes,,no,,yes,,yes,,yes,,no,,3.216,1068.62426757812,0.374525,200.0,90.0,2008-09-10 03:00:00Z,0-25%,75-100%,['Beans'],,Irrigated,['Using Fertilizers'],15.0,5.0,10.0,40.0,5.0,5.0,150.0,100.0,100.0,100.0,,150.0,It's picked from your farm,Supplier,
F-955,1.0,Luwero,1,yes,9.0,no,,no,,yes,Agricultural Use,Agreement/lease,,no,,yes,,yes,,no,,,yes,,yes,,yes,,no,,yes,,yes,,yes,,no,,12.0,1103.0,1.66605,1250.0,1200.0,2010-09-21 03:00:00Z,0-25%,75-100%,['Bananas'],,Rainfed,"['Pruning', 'Weeding', 'Intercropping']",0.0,4.0,0.0,4.0,4.0,0.0,2250.0,1200.0,2700.0,2700.0,,2250.0,It's picked from your farm,Supplier,
F-956,1.0,Luwero,1,no,5.0,no,,no,,yes,Agricultural Use,Agreement/lease,,no,,yes,,yes,,no,,,yes,,yes,,yes,,no,,yes,,yes,,yes,,no,,11.5,1073.0,0.206529,1250.0,1200.0,2011-08-10 03:00:00Z,0-25%,75-100%,['Bananas'],,Rainfed,"['Pruning', 'Weeding', 'Intercropping']",2.0,3.0,0.0,5.0,5.0,0.0,1350.0,1300.0,2700.0,2700.0,,1350.0,It's picked from your farm,Supplier,
F-957,1.0,Luwero,1,no,5.0,no,,no,,yes,Agricultural Use,Customary,,no,,yes,,yes,,yes,yes,,yes,,yes,,yes,,no,,yes,,yes,,yes,,no,,1.9,1143.0,0.523882,1350.0,1350.0,2008-06-08 03:00:00Z,0-25%,75-100%,"['Bananas', 'Beans']",,Rainfed,"['Using Fertilizers', 'Pruning', 'Weeding', 'Intercropping']",2.0,1.0,0.0,4.0,1.0,0.0,500.0,450.0,1000.0,1000.0,,500.0,It's picked from your farm,Supplier,
F-958,,Nakaseke,4,Yes,8.0,No,,No,,Yes,100% Agricultural,Lease,,No,,Yes,,Yes,,No,,,No,,Yes,,Yes,,No,No child labor employed,Yes,Irregular schedules due to seasonal work,No,Lack of training on rights,Yes,,No,No corruption observed,,,8.892178,450.0,1125.0,2000-10-12 03:00:00Z,0-25%,75-100%,"Bananas, Cassava",,Rainfed,"Intercropping, Soil Testing",4.0,4.0,6.0,2.0,2.0,0.0,,1313.0,,3973.0,,748.0,Nakaseke,Local Trader,
F-959,1.0,Kayunga,1,no,7.0,no,,no,,no,Agricultural Use,Title,,no,,yes,,yes,,no,,,yes,,yes,,yes,,no,,yes,,yes,,yes,,no,,2.4,1087.9,0.366721,650.0,600.0,2000-03-02 03:00:00Z,0-25%,75-100%,"['Bananas', 'Beans']",,Rainfed,"['Using Fertilizers', 'Weeding', 'Intercropping']",1.0,1.0,1.0,1.0,0.0,0.0,600.0,550.0,1250.0,1250.0,,600.0,It's picked from your farm,Supplier,
F-960,1.0,Kayunga,1,yes,8.0,no,,no,,yes,Agricultural Use,Agreement/lease,,no,,yes,,yes,,no,,,yes,,yes,,yes,,no,,yes,,yes,,yes,,no,,1.2773045,1066.029,2.525294,1700.0,1500.0,2000-05-08 03:00:00Z,0-25%,75-100%,"['Bananas', 'Beans']",,Rainfed,"['Using Fertilizers', 'Pruning', 'Weeding', 'Intercropping']",10.0,3.0,3.0,10.0,13.0,0.0,1500.0,1350.0,3000.0,3000.0,,1500.0,It's picked from your farm,Supplier,
F-961,1.0,Kayunga,1,yes,8.0,no,,no,,yes,Natural forest,Customary,,no,,yes,,yes,,yes,yes,,yes,,yes,,yes,,no,,yes,,yes,,yes,,no,,2.044,1108.8,0.170319,800.0,600.0,2011-09-09 03:00:00Z,0-25%,75-100%,['Bananas'],,Rainfed,['Using Fertilizers'],1.0,1.0,2.0,2.0,1.0,0.0,600.0,300.0,1200.0,1200.0,,600.0,It's picked from your farm,Supplier,
F-962,1.0,Kayunga,2025-05-10 00:00:00,yes,3.0,no,,no,,no,Agricultural Use,Title,,no,,yes,,yes,,yes,yes,,yes,,yes,,yes,,no,,yes,,yes,,yes,,no,,3.216,1082.60302734375,1.122575,100.0,70.0,2008-03-12 03:00:00Z,0-25%,75-100%,['Beans'],,Irrigated,['Using Fertilizers'],10.0,5.0,10.0,30.0,3.0,2.0,150.0,100.0,100.0,100.0,,150.0,It's picked from your farm,Supplier,
F-963,,Nakaseke,5,No,5.0,No,,No,,Yes,100% Agricultural,Other,,No,,Yes,,Yes,,No,,,Yes,,Yes,,Yes,,No,No child labor employed,Yes,,Yes,Lack of training on rights,Yes,,No,No corruption observed,,,28.44351,6000.0,1778.0,2019-11-07 03:00:00Z,0-25%,75-100%,"Maize, Beans",,Rainfed,"Mulching, Pruning",8.0,2.0,9.0,0.0,10.0,0.0,,1052.0,,3520.0,,2142.0,Nakaseke,Local Trader,
F-964,1.0,Kayunga,2025-05-10 00:00:00,yes,12.0,no,,no,,no,Agricultural Use,Title,,no,,yes,,yes,,yes,yes,,yes,,yes,,yes,,no,,yes,,yes,,yes,,no,,0.938181,1076.923,0.205113,34.0,12.0,2005-09-11 03:00:00Z,0-25%,75-100%,"['Bananas', 'Tobacco', 'Beans']",,Both(Rainfed+Irrigated),['Using Fertilizers'],14.0,20.0,45.0,67.0,23.0,12.0,78.0,45.0,800.0,800.0,,78.0,It's picked from your farm,Supplier,
F-965,,Luwero,2,No,2.0,No,,No,,Yes,100% Agricultural,Deed of Property,,No,,Yes,,No,,No,,,Yes,,Yes,,Yes,,No,No child labor employed,No,,Yes,Lack of training on rights,Yes,,No,No corruption observed,,,4.168368,1230.0,3700.0,1993-02-04 03:00:00Z,0-25%,75-100%,"Matoke, Groundnuts",,Rainfed,"Mulching, Pruning",3.0,3.0,10.0,4.0,5.0,0.0,,1449.0,,2584.0,,813.0,Luwero,Local Trader,
F-966,1.0,Kayunga,1,no,5.0,no,,no,,no,Agricultural Use,Customary,,no,,yes,,yes,,yes,yes,,yes,,yes,,yes,,no,,yes,,yes,,yes,,no,,2.1,1031.3,0.502771,1000.0,800.0,1990-08-08 03:00:00Z,0-25%,75-100%,['Bananas'],,Rainfed,['Using Fertilizers'],1.0,2.0,1.0,2.0,1.0,0.0,800.0,400.0,1600.0,1600.0,,800.0,It's picked from your farm,Supplier,
F-967,1.0,Kayunga,1,no,3.0,no,,no,,yes,Agricultural Use,Agreement/lease,,no,,yes,,yes,,no,,,yes,,yes,,yes,,no,,yes,,yes,,yes,,no,,10.2,1064.6,0.297454,1250.0,1200.0,2014-06-04 03:00:00Z,0-25%,75-100%,"['Bananas', 'Beans']",,Rainfed,['Weeding'],4.0,3.0,4.0,3.0,7.0,0.0,1000.0,900.0,2000.0,2000.0,,1000.0,At a hulling station,Supplier,
F-968,1.0,Kayunga,1,yes,4.0,no,,no,,yes,Agricultural Use,Title,,no,,yes,,yes,,no,,,yes,,yes,,yes,,no,,yes,,yes,,yes,,no,,2.3,1102.0,0.761795,700.0,500.0,1990-04-03 03:00:00Z,0-25%,75-100%,"['Bananas', 'Sorghum', 'Beans']",,Rainfed,['Using Fertilizers'],0.0,1.0,0.0,1.0,0.0,0.0,600.0,600.0,1600.0,1600.0,800.0,800.0,It's picked from your farm,other,
F-969,1.0,Kayunga,2,yes,14.0,no,,no,,yes,Agricultural Use,Title,,no,,yes,,yes,,yes,yes,,yes,,yes,,yes,,no,,yes,,yes,,yes,,no,,9.776,1076.8,2.757971,15000.0,1000.0,2000-09-11 03:00:00Z,0-25%,75-100%,['Bananas'],,Rainfed,['Using Fertilizers'],7.0,7.0,14.0,14.0,3.0,7.0,245.0,245.0,1000.0,500.0,500.0,250.0,At a hulling station,Hulling Station representative,
F-970,1.0,Kayunga,1,no,4.0,no,,no,,no,Agricultural Use,Agreement/lease,,no,,yes,,yes,,no,,,yes,,yes,,Yes,,no,,yes,,yes,,yes,,no,,0.9678383,1101.626,0.363952,650.0,600.0,2015-05-17 03:00:00Z,0-25%,75-100%,['Bananas'],,Rainfed,['Using Fertilizers'],1.0,0.0,0.0,1.0,0.0,0.0,600.0,450.0,700.0,700.0,,600.0,It's picked from your farm,Cooperative representative,
F-971,1.0,Kayunga,1,yes,7.0,no,,no,,yes,Agricultural Use,Customary,,no,,yes,,yes,,no,,,yes,,yes,,yes,,no,,yes,,yes,,yes,,no,,3.369,1078.1,0.735506,1050.0,1000.0,1999-04-15 03:00:00Z,0-25%,75-100%,"['Bananas', 'Beans']",,Rainfed,"['Intercropping', 'Weeding']",3.0,4.0,3.0,4.0,7.0,0.0,1000.0,850.0,2000.0,2000.0,,1000.0,It's picked from your farm,Supplier,
F-972,1.0,Luwero,2,yes,2.0,no,,no,,yes,Agricultural Use,Title,,no,,yes,,yes,,yes,yes,,yes,,yes,,yes,,no,,yes,,yes,,yes,,no,,0.961,1186.529,0.390762,200.0,100.0,2005-09-10 03:00:00Z,0-25%,75-100%,['Beans'],,Rainfed,['Using Fertilizers'],1.0,1.0,0.0,2.0,0.0,0.0,80.0,80.0,100.0,100.0,,80.0,It's picked from your farm,Cooperative representative,
F-973,1.0,Luwero,1,yes,8.0,no,,no,,no,Agricultural Use,Agreement/lease,,no,,yes,,yes,,no,,,yes,,yes,,yes,,no,,yes,,yes,,yes,,no,,12.5,1111.0,4.902583,2150.0,2100.0,2009-06-12 03:00:00Z,0-25%,75-100%,['Bananas'],,Rainfed,"['Using Fertilizers', 'Pruning', 'Weeding', 'Intercropping']",5.0,0.0,0.0,5.0,5.0,0.0,2250.0,2200.0,4500.0,4500.0,,2250.0,It's picked from your farm,Supplier,
F-974,1.0,Kayunga,1,yes,13.0,no,,no,,yes,Agricultural Use,Agreement/lease,,no,,yes,,yes,,no,,,yes,,yes,,Yes,,no,,yes,,yes,,yes,,no,,2.239,1051.326,0.934308,600.0,600.0,1959-08-16 03:00:00Z,0-25%,75-100%,"['Bananas', 'Beans']",,Rainfed,"['Pruning', 'Weeding']",0.0,0.0,0.0,0.0,3.0,0.0,1500.0,1450.0,3000.0,3000.0,,1500.0,It's picked from your farm,Hulling Station representative,
F-975,1.0,Kayunga,1,no,7.0,no,,no,,no,Natural forest,Customary,,no,,yes,,yes,,yes,yes,,yes,,yes,,yes,,no,,yes,,yes,,yes,,no,,4.0,1078.7,0.82315,800.0,600.0,2008-08-08 03:00:00Z,0-25%,75-100%,['Bananas'],,Rainfed,['Using Fertilizers'],2.0,1.0,1.0,1.0,0.0,0.0,600.0,300.0,1200.0,1200.0,,600.0,It's picked from your farm,Supplier,
F-976,1.0,Luwero,1,yes,3.0,no,,no,,yes,Agricultural Use,Agreement/lease,,no,,yes,,yes,,no,,,yes,,yes,,yes,,no,,yes,,yes,,yes,,no,,0.796,1096.321,1.96976,950.0,900.0,1999-08-23 03:00:00Z,0-25%,75-100%,['Bananas'],,Rainfed,['Intercropping'],1.0,1.0,1.0,2.0,0.0,0.0,600.0,400.0,1200.0,1200.0,,600.0,It's picked from your farm,Supplier,
F-977,1.0,Kayunga,1,yes,6.0,no,,no,,no,Natural forest,Customary,,no,,yes,,yes,,yes,yes,,yes,,yes,,yes,,no,,yes,,yes,,yes,,no,,4.942,1088.9,0.665235,800.0,600.0,2000-09-09 03:00:00Z,0-25%,75-100%,['Bananas'],,Rainfed,['Using Fertilizers'],1.0,2.0,3.0,3.0,0.0,0.0,600.0,300.0,1200.0,1200.0,,600.0,It's picked from your farm,Supplier,
F-978,1.0,Luwero,1,yes,5.0,no,,no,,no,Agricultural Use,Agreement/lease,,no,,yes,,yes,,yes,yes,,yes,,yes,,yes,,no,,yes,,yes,,yes,,no,,0.87,1105.671,0.552074,450.0,440.0,2000-09-15 03:00:00Z,0-25%,75-100%,['Bananas'],,Rainfed,['Weeding'],2.0,3.0,0.0,5.0,5.0,0.0,1500.0,1000.0,1000.0,1000.0,,1500.0,It's picked from your farm,Supplier,
F-979,1.0,Kayunga,1,no,6.0,no,,no,,no,Agricultural Use,Customary,,no,,yes,,yes,,yes,yes,,yes,,yes,,yes,,no,,yes,,yes,,yes,,no,,2.0,1097.4,0.350944,900.0,800.0,2010-09-09 03:00:00Z,0-25%,75-100%,['Bananas'],,Rainfed,['Using Fertilizers'],1.0,1.0,1.0,2.0,0.0,0.0,800.0,400.0,1600.0,1600.0,,800.0,It's picked from your farm,Supplier,
F-980,1.0,Kayunga,1,yes,4.0,no,,no,,no,Natural forest,Customary,,no,,yes,,yes,,yes,yes,,yes,,yes,,yes,,no,,yes,,yes,,yes,,no,,2.075,1096.3,0.652831,800.0,600.0,1999-09-09 03:00:00Z,0-25%,75-100%,['Bananas'],,Rainfed,['Using Fertilizers'],1.0,1.0,1.0,2.0,0.0,0.0,600.0,300.0,1200.0,1200.0,,600.0,It's picked from your farm,Supplier,
F-981,,Luwero,5,No,10.0,No,,No,,Yes,100% Agricultural,Lease,,No,,No,,Yes,,No,,,No,,Yes,,Yes,,No,No child labor employed,Yes,Irregular schedules due to seasonal work,Yes,,Yes,,No,No corruption observed,,,2.609016,1200.0,2823.0,1980-05-07 03:00:00Z,0-25%,75-100%,,,Irrigated,"Intercropping, Soil Testing",2.0,0.0,1.0,0.0,3.0,0.0,,1850.0,,454.0,,2386.0,Luwero,Local Trader,
F-982,,Luwero,5,No,10.0,No,,No,,Yes,100% Agricultural,Lease,,No,,No,,Yes,,No,,,No,,Yes,,Yes,,No,No child labor employed,Yes,Irregular schedules due to seasonal work,Yes,,Yes,,No,No corruption observed,,,2.972512,1200.0,2823.0,2022-09-08 03:00:00Z,0-25%,75-100%,,,Irrigated,"Intercropping, Soil Testing",2.0,0.0,1.0,0.0,3.0,0.0,,1850.0,,454.0,,2386.0,Luwero,Local Trader,
F-983,1.0,Nakaseke,2,No,10.0,No,KAPEEKA COFFEE FARMERS CORPORATIVE SOCIETY LTD,No,,Yes,100% Agricultural,Customary,,No,,No,,Yes,,No,,,Yes,,Yes,,Yes,,No,No child labor employed,Yes,,Yes,,Yes,,No,No corruption observed,,,5.515865,2000.0,984.0,2014-04-19 03:00:00Z,0-25%,75-100%,"Maize, Beans",,Rainfed,"Composting, Pest Management",13.0,11.0,5.0,4.0,11.0,0.0,,1128.0,,3600.0,,1820.0,Nakaseke,Local Trader,
F-984,1.0,Kayunga,1,no,4.0,no,,no,,yes,Agricultural Use,Customary,,no,,yes,,yes,,yes,yes,,yes,,yes,,yes,,no,,yes,,yes,,yes,,no,,9.2,1109.2,0.406186,1300.0,1250.0,1990-08-17 03:00:00Z,0-25%,75-100%,['Bananas'],,Rainfed,['Intercropping'],4.0,0.0,4.0,0.0,4.0,0.0,1250.0,625.0,2500.0,2500.0,,1250.0,It's picked from your farm,Supplier,
F-985,1.0,Kayunga,1,yes,6.0,no,,no,,no,Natural forest,Customary,,no,,yes,,yes,,yes,yes,,yes,,yes,,yes,,no,,yes,,yes,,yes,,no,,2.6,1089.69999999999,1.597445,1200.0,1200.0,2010-07-09 03:00:00Z,0-25%,75-100%,['Bananas'],,Rainfed,['Using Fertilizers'],1.0,2.0,1.0,2.0,1.0,0.0,1200.0,600.0,2400.0,2400.0,,1200.0,It's picked from your farm,Supplier,
F-986,1.0,Kayunga,1,yes,4.0,no,,no,,yes,Agricultural Use,Agreement/lease,,no,,yes,,yes,,no,,,yes,,yes,,yes,,no,,yes,,yes,,yes,,no,,2.657,1059.1,1.384289,1050.0,1000.0,2014-09-13 03:00:00Z,0-25%,75-100%,['Bananas'],,Rainfed,"['Weeding', 'Intercropping']",4.0,3.0,4.0,3.0,7.0,0.0,1200.0,1100.0,2400.0,2400.0,,1200.0,At a hulling station,Supplier,
F-987,1.0,Kayunga,1,yes,10.0,no,,no,,no,Natural forest,Customary,,no,,yes,,yes,,yes,yes,,yes,,yes,,yes,,no,,yes,,yes,,yes,,no,,2.0,1146.4,0.316699,800.0,600.0,2010-09-09 03:00:00Z,0-25%,75-100%,['Bananas'],,Rainfed,['Using Fertilizers'],1.0,1.0,1.0,1.0,0.0,0.0,600.0,300.0,1200.0,1200.0,,600.0,It's picked from your farm,Supplier,
F-988,1.0,Kayunga,1,no,4.0,no,,no,,yes,Agricultural Use,Customary,,no,,yes,,yes,,no,,,yes,,yes,,yes,,no,,yes,,yes,,yes,,no,,2.7,1128.4,1.743076,400.0,300.0,2001-05-12 03:00:00Z,0-25%,75-100%,['Bananas'],,Rainfed,"['Intercropping', 'Weeding']",2.0,1.0,2.0,1.0,3.0,0.0,300.0,250.0,600.0,600.0,,300.0,It's picked from your farm,Supplier,
F-989,1.0,Kayunga,1,yes,6.0,no,,no,,yes,Agricultural Use,Agreement/lease,,no,,yes,,yes,,no,,,yes,,yes,,yes,,no,,yes,,yes,,yes,,no,,1.7696091,1064.042,0.417724,1700.0,1500.0,2012-04-07 03:00:00Z,0-25%,75-100%,['Bananas'],,Rainfed,"['Using Fertilizers', 'Weeding']",6.0,4.0,4.0,6.0,10.0,0.0,1500.0,1350.0,3000.0,3000.0,,1500.0,At a hulling station,Supplier,
F-990,1.0,Kayunga,1,yes,3.0,no,,no,,no,Agricultural Use,Title,,no,,yes,,yes,,yes,yes,,yes,,yes,,yes,,no,,yes,,yes,,yes,,no,,10.2,1101.19999999999,0.250488,950.0,900.0,1980-01-02 03:00:00Z,0-25%,75-100%,"['Bananas', 'Tobacco']",,Rainfed,"['Using Fertilizers', 'Weeding', 'Intercropping']",0.0,1.0,0.0,1.0,0.0,0.0,900.0,400.0,1800.0,1800.0,,900.0,It's picked from your farm,Supplier,
F-991,1.0,Luwero,1,yes,4.0,no,,no,,yes,Agricultural Use,Customary,,no,,yes,,yes,,yes,yes,,yes,,yes,,yes,,no,,yes,,yes,,yes,,no,,1.1840792,1164.231,0.096973,250.0,100.0,2016-02-01 03:00:00Z,0-25%,75-100%,['Bananas'],,Rainfed,['Intercropping'],1.0,1.0,1.0,3.0,1.0,0.0,100.0,50.0,100.0,100.0,,100.0,It's picked from your farm,Supplier,
F-992,1.0,Luwero,More than 10,yes,4.0,no,,no,,yes,Agricultural Use,Agreement/lease,,no,,yes,,yes,,no,,,yes,,yes,,yes,,no,,yes,,yes,,yes,,no,,4.037,1089.9,3.252676,450.0,100.0,2000-10-03 03:00:00Z,0-25%,75-100%,"['Bananas', 'Beans']",,Rainfed,"['Weeding', 'Intercropping']",1.0,1.0,1.0,1.0,1.0,1.0,400.0,360.0,8000.0,8000.0,,400.0,It's picked from your farm,Supplier,
F-993,1.0,Luwero,1,yes,4.0,no,,no,,yes,Agricultural Use,Title,,no,,yes,,yes,,yes,yes,,yes,,yes,,yes,,no,,yes,,yes,,yes,,no,,1.177,1065.169,1.992147,2150.0,2100.0,2018-04-02 03:00:00Z,0-25%,75-100%,"['Bananas', 'Beans']",,Rainfed,"['Pruning', 'Weeding', 'Intercropping']",7.0,13.0,0.0,20.0,0.0,0.0,2650.0,2385.0,5300.0,5300.0,,2650.0,At a hulling station,Supplier,
F-994,,Nakaseke,5,Yes,7.0,No,,No,,Yes,100% Agricultural,Deed of Property,,No,,Yes,,Yes,,No,,,No,,Yes,,Yes,,No,No child labor employed,Yes,,Yes,,Yes,,No,No corruption observed,,,5.780158,95.0,710.0,2013-05-24 03:00:00Z,0-25%,75-100%,"Bananas, Cassava",,Rainfed,"Composting, Pest Management",4.0,0.0,7.0,5.0,1.0,0.0,,729.0,,1558.0,,2262.0,Nakaseke,Local Trader,
F-995,1.0,Luwero,1,yes,3.0,no,,no,,yes,Agricultural Use,Title,,no,,yes,,yes,,no,,,yes,,yes,,yes,,no,,yes,,yes,,yes,,no,,0.971,1115.161,1.926884,1050.0,1000.0,2000-10-12 03:00:00Z,0-25%,75-100%,['Bananas'],,Rainfed,['Intercropping'],1.0,1.0,2.0,3.0,0.0,0.0,400.0,300.0,600.0,600.0,,400.0,It's picked from your farm,Supplier,
F-996,1.0,Kayunga,1,no,9.0,no,,no,,no,Natural forest,Customary,,no,,yes,,yes,,yes,yes,,yes,,yes,,yes,,no,,yes,,yes,,yes,,no,,1.842,1093.9,0.645205,900.0,800.0,2009-08-09 03:00:00Z,0-25%,75-100%,['Bananas'],,Rainfed,['Using Fertilizers'],0.0,1.0,1.0,1.0,0.0,0.0,800.0,400.0,1600.0,1600.0,,800.0,It's picked from your farm,Supplier,
F-997,,Nakaseke,4,No,4.0,No,NALUVULE WOTOYITIDDE COFFEE FARMERS AND CORPORATIVE SOCIETY LTD,No,,Yes,100% Agricultural,Deed of Property,,No,,Yes,,Yes,,No,,,Yes,No interaction with cultural leaders,Yes,,Yes,,No,No child labor employed,Yes,,Yes,Lack of training on rights,Yes,,No,No corruption observed,,,3.220711,220.0,4162.0,1978-03-12 03:00:00Z,0-25%,75-100%,,,Rainfed,"Composting, Pest Management",4.0,4.0,0.0,3.0,3.0,0.0,,1045.0,,4696.0,,2021.0,Nakaseke,Local Trader,
F-998,1.0,Kayunga,1,no,3.0,no,,no,,no,Agricultural Use,Title,,no,,yes,,yes,,no,,,yes,,yes,,yes,,no,,yes,,yes,,yes,,no,,2.2,1100.8,0.181229,650.0,600.0,2003-03-12 03:00:00Z,0-25%,75-100%,"['Bananas', 'Beans']",,Rainfed,"['Using Fertilizers', 'Weeding', 'Intercropping', 'Pruning']",1.0,1.0,1.0,1.0,0.0,0.0,600.0,550.0,1200.0,1200.0,,600.0,It's picked from your farm,Supplier,
F-999,,Nakaseke,4,No,5.0,No,,No,,Yes,100% Agricultural,Lease,,No,,Yes,Lack of resources for buffer zones,Yes,,No,,,Yes,,Yes,,Yes,,No,No child labor employed,Yes,,No,,Yes,,No,No corruption observed,,,3.531074,100.0,553.0,1990-04-12 03:00:00Z,0-25%,75-100%,"Matoke, Groundnuts",,Rainfed,"Mulching, Pruning",2.0,8.0,0.0,1.0,4.0,0.0,,1534.0,,3019.0,,1649.0,Nakaseke,Local Trader,
F-1000,,Nakaseke,3,No,2.0,No,,No,,Yes,100% Agricultural,Customary,,No,,Yes,,Yes,,No,,,Yes,No interaction with cultural leaders,No,,Yes,,No,No child labor employed,Yes,,Yes,Lack of training on rights,Yes,,No,No corruption observed,,,8.558459,678.0,826.0,2005-05-04 03:00:00Z,0-25%,75-100%,"Maize, Beans",,Rainfed,"Intercropping, Soil Testing",9.0,0.0,5.0,4.0,10.0,0.0,,451.0,,2737.0,,345.0,Nakaseke,Local Trader,
F-1001,,Luwero,5,No,4.0,No,,No,,Yes,100% Agricultural,Deed of Property,,No,,Yes,,Yes,,No,,,Yes,,Yes,,Yes,,No,No child labor employed,Yes,,Yes,Lack of training on rights,Yes,,No,No corruption observed,,,2.975789,880.0,1826.0,2012-02-11 03:00:00Z,0-25%,75-100%,,,Rainfed,"Intercropping, Soil Testing",7.0,2.0,7.0,0.0,9.0,0.0,,1652.0,,702.0,,367.0,Luwero,Local Trader,
F-1002,,Luwero,5,No,4.0,No,,No,,Yes,100% Agricultural,Deed of Property,,No,,Yes,,Yes,,No,,,Yes,,Yes,,Yes,,No,No child labor employed,Yes,,Yes,Lack of training on rights,Yes,,No,No corruption observed,,,0.332077,120.0,1826.0,2001-02-11 03:00:00Z,0-25%,75-100%,,,Rainfed,"Intercropping, Soil Testing",7.0,2.0,7.0,0.0,9.0,0.0,,1652.0,,702.0,,367.0,Luwero,Local Trader,
F-1003,1.0,Kayunga,1,yes,4.0,no,,no,,no,Natural forest,Customary,,no,,yes,,yes,,yes,yes,,yes,,yes,,yes,,no,,yes,,yes,,yes,,no,,7.543,1082.5,1.513145,900.0,800.0,2018-09-09 03:00:00Z,0-25%,75-100%,['Bananas'],,Rainfed,['Using Fertilizers'],1.0,1.0,2.0,2.0,1.0,0.0,800.0,400.0,1600.0,1600.0,,800.0,It's picked from your farm,Supplier,
F-1004,1.0,Kayunga,1,no,3.0,no,,no,,no,Agricultural Use,Title,,no,,yes,,yes,,yes,yes,,yes,,yes,,yes,,no,,yes,,yes,,yes,,no,,2.9,1107.8,2.1797,1250.0,1200.0,1989-11-02 03:00:00Z,0-25%,75-100%,"['Bananas', 'Tobacco']",,Rainfed,['Weeding'],0.0,1.0,0.0,1.0,0.0,0.0,600.0,600.0,2000.0,2000.0,1000.0,1000.0,At a hulling station,Supplier,
F-1005,,Luwero,3,Yes,10.0,No,,No,,Yes,100% Agricultural,Other,,No,,Yes,,Yes,,No,,,Yes,No interaction with cultural leaders,Yes,,Yes,,No,No child labor employed,No,,Yes,,Yes,,No,No corruption observed,,,3.387436,459.0,1935.0,2000-12-02 03:00:00Z,0-25%,75-100%,"Matoke, Groundnuts",,Irrigated,"Mulching, Pruning",12.0,2.0,3.0,0.0,12.0,0.0,,1598.0,,2685.0,,2260.0,Luwero,Local Trader,
F-1006,,Luwero,2,Yes,8.0,No,,No,,Yes,100% Agricultural,Customary,,No,,Yes,,Yes,,No,,,Yes,No interaction with cultural leaders,Yes,,Yes,,No,No child labor employed,Yes,,Yes,,Yes,,No,No corruption observed,,,3.504015,200.0,654.0,2015-05-08 03:00:00Z,0-25%,75-100%,"Maize, Beans",,Irrigated,"Mulching, Pruning",8.0,6.0,3.0,0.0,6.0,0.0,,109.0,,4509.0,,1073.0,Luwero,Local Trader,
F-1007,1.0,Kayunga,1,no,6.0,no,,no,,no,Natural forest,Customary,,no,,yes,,yes,,yes,yes,,yes,,yes,,yes,,no,,yes,,yes,,yes,,no,,3.137,1105.8,0.747344,900.0,800.0,2001-06-09 03:00:00Z,0-25%,75-100%,['Bananas'],,Rainfed,['Using Fertilizers'],1.0,1.0,1.0,1.0,0.0,0.0,800.0,400.0,1600.0,1600.0,,800.0,It's picked from your farm,Supplier,
F-1008,1.0,Luwero,3,Yes,2.0,No,,No,,Yes,100% Agricultural,Customary,,No,,Yes,Lack of resources for buffer zones,No,,No,,,No,,Yes,,Yes,,No,No child labor employed,Yes,,Yes,,Yes,Unaware of tax obligations,No,No corruption observed,,,4.798154,1950.0,1552.0,2008-04-11 03:00:00Z,0-25%,75-100%,"Matoke, Groundnuts",,Rainfed,"Composting, Pest Management",7.0,4.0,6.0,2.0,6.0,0.0,,202.0,,3481.0,,1934.0,Luwero,Local Trader,
F-1009,1.0,Kayunga,2025-05-10 00:00:00,yes,7.0,no,,no,,no,Agricultural Use,Title,,no,,yes,,yes,,yes,yes,,yes,,yes,,yes,,no,,yes,,yes,,yes,,no,,3.216,1107.8642578125,2.509853,100.0,70.0,2009-07-15 03:00:00Z,0-25%,75-100%,['Beans'],,Irrigated,['Using Fertilizers'],15.0,10.0,15.0,50.0,5.0,5.0,150.0,200.0,100.0,100.0,,150.0,It's picked from your farm,Supplier,
F-1010,1.0,Kayunga,1,yes,4.0,no,,no,,yes,Agricultural Use,Customary,,no,,yes,,yes,,no,,,yes,,yes,,yes,,no,,yes,,yes,,yes,,no,,4.4,1062.0,0.161441,750.0,700.0,1995-02-12 03:00:00Z,0-25%,75-100%,['Bananas'],,Rainfed,"['Intercropping', 'Weeding']",2.0,2.0,3.0,1.0,4.0,0.0,750.0,700.0,1500.0,1500.0,,750.0,It's picked from your farm,Supplier,
F-1011,1.0,Kayunga,1,yes,13.0,no,,no,,yes,Agricultural Use,Customary,,no,,yes,,yes,,yes,yes,,yes,,yes,,yes,,no,,yes,,yes,,yes,,no,,1.85,1085.5,4.190207,1350.0,1300.0,1998-05-19 03:00:00Z,0-25%,75-100%,['Bananas'],,Rainfed,['Intercropping'],2.0,0.0,2.0,0.0,2.0,0.0,1950.0,975.0,3900.0,3900.0,,1950.0,It's picked from your farm,Supplier,
F-1012,1.0,Kayunga,1,yes,12.0,no,,no,,yes,Agricultural Use,Title,,no,,yes,,yes,,yes,yes,,yes,,yes,,yes,,no,,yes,,yes,,yes,,no,,2.184,1052.4,2.846054,1200.0,1000.0,2000-08-09 03:00:00Z,0-25%,75-100%,"['Bananas', 'Beans']",,Rainfed,"['Using Fertilizers', 'Pruning', 'Weeding', 'Intercropping']",2.0,2.0,2.0,2.0,4.0,0.0,350.0,400.0,800.0,900.0,400.0,450.0,It's picked from your farm,Supplier,
F-1013,1.0,Kayunga,1,yes,3.0,no,,no,,no,Agricultural Use,Title,,no,,yes,,yes,,yes,yes,,yes,,yes,,yes,,no,,yes,,yes,,yes,,no,,1.366,1093.4,0.480585,950.0,900.0,1980-12-11 03:00:00Z,0-25%,75-100%,"['Bananas', 'Sunflower', 'Tobacco']",,Rainfed,"['Using Fertilizers', 'Weeding', 'Intercropping']",0.0,1.0,0.0,1.0,0.0,0.0,1000.0,500.0,1800.0,1800.0,,1000.0,It's picked from your farm,Supplier,
F-1014,1.0,Kayunga,1,yes,5.0,no,,no,,yes,Agricultural Use,Agreement/lease,,no,,yes,,yes,,yes,yes,,yes,,yes,,Yes,,no,,yes,,yes,,yes,,no,,2.5,1095.1,1.957875,1000.0,800.0,2008-02-13 03:00:00Z,0-25%,75-100%,['Bananas'],,Rainfed,['Using Fertilizers'],0.0,2.0,0.0,1.0,0.0,0.0,400.0,700.0,1200.0,1200.0,,400.0,It's picked from your farm,Cooperative representative,
F-1015,,Luwero,3,No,9.0,No,,No,,Yes,100% Agricultural,Customary,,No,,Yes,,Yes,,No,,,Yes,,Yes,,Yes,,No,No child labor employed,Yes,,No,,Yes,Unaware of tax obligations,No,No corruption observed,,,4.167867,400.0,542.0,2019-01-26 03:00:00Z,0-25%,75-100%,"Matoke, Groundnuts",,Rainfed,"Mulching, Pruning",0.0,0.0,7.0,3.0,1.0,0.0,,976.0,,3340.0,,192.0,Luwero,Local Trader,
F-1016,1.0,Luwero,2,yes,2.0,no,,no,,yes,Agricultural Use,Title,,no,,yes,,yes,,yes,yes,,yes,,yes,,yes,,no,,yes,,yes,,yes,,no,,1.546,1171.551,0.102137,150.0,100.0,2020-09-10 03:00:00Z,0-25%,75-100%,['Bananas'],,Rainfed,['Using Fertilizers'],1.0,1.0,0.0,2.0,0.0,0.0,80.0,90.0,45.0,45.0,,80.0,It's picked from your farm,Supplier,
F-1017,1.0,Luwero,More than 10,yes,5.0,no,,no,,yes,Agricultural Use,Customary,,no,,yes,,yes,,no,,,yes,,yes,,yes,,no,,yes,,yes,,yes,,no,,2.0,1122.7,0.179887,450.0,200.0,2015-10-05 03:00:00Z,0-25%,75-100%,['Bananas'],,Both(Rainfed+Irrigated),['Intercropping'],1.0,1.0,1.0,1.0,1.0,1.0,400.0,315.0,8000.0,8000.0,,400.0,It's picked from your farm,Supplier,
F-1018,1.0,Luwero,1,yes,3.0,no,,no,,yes,Agricultural Use,Agreement/lease,,no,,yes,,yes,,no,,,yes,,yes,,yes,,no,,yes,,yes,,yes,,no,,0.748,1077.606,2.754609,850.0,800.0,2009-07-12 03:00:00Z,0-25%,75-100%,['Bananas'],,Rainfed,['Intercropping'],1.0,1.0,1.0,1.0,0.0,0.0,500.0,200.0,1000.0,1000.0,,500.0,It's picked from your farm,Supplier,
F-1019,1.0,Kayunga,1,yes,2.0,no,,no,,yes,Agricultural Use,Agreement/lease,,no,,yes,,yes,,no,,,yes,,yes,,Yes,,no,,yes,,yes,,yes,,no,,2.6,1088.2,0.581795,750.0,700.0,2010-12-08 03:00:00Z,0-25%,75-100%,['Bananas'],,Rainfed,['Using Fertilizers'],2.0,0.0,0.0,2.0,0.0,0.0,650.0,400.0,800.0,800.0,,650.0,It's picked from your farm,Cooperative representative,
F-1020,1.0,Luwero,More than 10,no,2.0,no,,no,,yes,Agricultural Use,Customary,,no,,yes,,yes,,no,,,yes,,yes,,yes,,no,,yes,,yes,,yes,,no,,1.952,1086.1,0.340742,450.0,200.0,2014-10-02 03:00:00Z,0-25%,75-100%,['Bananas'],,Rainfed,['Intercropping'],1.0,1.0,1.0,1.0,1.0,1.0,350.0,315.0,7000.0,7000.0,,350.0,It's picked from your farm,Supplier,
F-1021,,Luwero,3,Yes,3.0,No,,No,,Yes,100% Agricultural,Lease,,No,,Yes,Lack of resources for buffer zones,No,,No,,,Yes,No interaction with cultural leaders,Yes,,Yes,,No,No child labor employed,Yes,,Yes,,Yes,Unaware of tax obligations,No,No corruption observed,,,3.497301,430.0,638.0,2000-09-15 03:00:00Z,0-25%,75-100%,"Maize, Beans",,Rainfed,"Mulching, Pruning",8.0,0.0,7.0,2.0,2.0,0.0,,788.0,,1801.0,,2478.0,Luwero,Local Trader,
F-1022,,Luwero,3,Yes,3.0,No,,No,,Yes,100% Agricultural,Lease,,No,,Yes,Lack of resources for buffer zones,No,,No,,,Yes,No interaction with cultural leaders,Yes,,Yes,,No,No child labor employed,Yes,,Yes,,Yes,Unaware of tax obligations,No,No corruption observed,,,0.607715,150.0,638.0,1999-08-12 03:00:00Z,0-25%,75-100%,"Maize, Beans",,Rainfed,"Mulching, Pruning",8.0,0.0,7.0,2.0,2.0,0.0,,788.0,,1801.0,,2478.0,Luwero,Local Trader,
F-1023,1.0,Kayunga,1,no,2.0,no,,no,,yes,Agricultural Use,Agreement/lease,,no,,yes,,yes,,no,,,yes,,yes,,Yes,,no,,yes,,yes,,yes,,no,,2.7,1103.0,0.917484,750.0,700.0,2004-05-12 03:00:00Z,0-25%,75-100%,['Bananas'],,Rainfed,['Using Fertilizers'],2.0,0.0,0.0,2.0,0.0,0.0,700.0,500.0,900.0,900.0,,700.0,It's picked from your farm,Cooperative representative,
F-1024,,Luwero,2,Yes,10.0,No,,No,,Yes,100% Agricultural,Other,,No,,Yes,,No,,No,,,Yes,No interaction with cultural leaders,No,,Yes,,No,No child labor employed,Yes,,Yes,,Yes,,No,No corruption observed,,,5.404549,300.0,647.0,2019-08-14 03:00:00Z,0-25%,75-100%,"Maize, Beans",,Irrigated,"Composting, Pest Management",2.0,6.0,1.0,0.0,3.0,0.0,,1153.0,,4282.0,,2428.0,Luwero,Local Trader,
F-1025,1.0,Mukono,1,yes,2.0,No,,,,yes,,,,,,,,,,,,,,,,,,,,,,,,,,,,,1.049,1121.22,0.105496,,,,,,,,,,,,,,,,,,,,,,,,
F-1026,1.0,Kayunga,1,yes,3.0,no,,no,,yes,Agricultural Use,Customary,,no,,yes,,yes,,no,,,yes,,yes,,yes,,no,,yes,,yes,,yes,,no,,2.7,1050.19999999999,0.714574,1050.0,1000.0,2010-04-12 03:00:00Z,0-25%,75-100%,"['Bananas', 'Beans']",,Rainfed,"['Intercropping', 'Weeding']",2.0,3.0,2.0,3.0,5.0,0.0,1000.0,850.0,2000.0,2000.0,,1000.0,It's picked from your farm,Supplier,
F-1027,1.0,Kayunga,2025-05-10 00:00:00,yes,4.0,no,,no,,no,Agricultural Use,Title,,no,,yes,,yes,,yes,yes,,yes,,yes,,yes,,no,,yes,,yes,,yes,,no,,8.576,1097.67687988281,0.453297,200.0,100.0,2003-04-10 03:00:00Z,0-25%,75-100%,['Beans'],,Irrigated,['Using Fertilizers'],15.0,10.0,10.0,40.0,3.0,2.0,160.0,200.0,100.0,100.0,,160.0,It's picked from your farm,Supplier,
F-1028,1.0,Luwero,1,yes,2.0,yes,buyuki bukeeka cooperative,no,,yes,Agricultural Use,Agreement/lease,,no,,yes,,yes,,yes,yes,,yes,,yes,,yes,,no,,yes,,yes,,yes,,no,,10.4,1135.0,0.472624,412.0,100.0,2000-05-05 03:00:00Z,0-25%,75-100%,['Bananas'],,Rainfed,"['Pruning', 'Weeding', 'Using Fertilizers']",0.0,5.0,5.0,1.0,0.0,0.0,500.0,1000.0,1000.0,1000.0,,500.0,It's picked from your farm,Cooperative representative,
F-1029,,Luwero,1,No,7.0,No,,No,,Yes,100% Agricultural,Other,,No,,Yes,Lack of resources for buffer zones,Yes,,No,,,No,No interaction with cultural leaders,Yes,,Yes,,No,No child labor employed,Yes,,Yes,,Yes,Unaware of tax obligations,No,No corruption observed,,,2.133108,500.0,2055.0,,0-25%,75-100%,"Bananas, Cassava",,Rainfed,"Mulching, Pruning",2.0,0.0,10.0,3.0,1.0,0.0,,1909.0,,2006.0,,251.0,Luwero,Local Trader,
F-1030,,Luwero,1,No,7.0,No,,No,,Yes,100% Agricultural,Other,,No,,Yes,Lack of resources for buffer zones,Yes,,No,,,No,No interaction with cultural leaders,Yes,,Yes,,No,No child labor employed,Yes,,Yes,,Yes,Unaware of tax obligations,No,No corruption observed,,,1.54277,234.0,2055.0,1990-06-06 03:00:00Z,0-25%,75-100%,"Bananas, Cassava",,Rainfed,"Mulching, Pruning",2.0,0.0,10.0,3.0,1.0,0.0,,1909.0,,2006.0,,251.0,Luwero,Local Trader,
F-1031,1.0,Luwero,More than 10,no,14.0,no,,no,,yes,Agricultural Use,Agreement/lease,,no,,yes,,yes,,no,,,yes,,yes,,yes,,no,,yes,,yes,,yes,,no,,7.3,1063.2,5.654962,450.0,100.0,2000-03-07 03:00:00Z,0-25%,75-100%,['Bananas'],,Both(Rainfed+Irrigated),['Intercropping'],2.0,1.0,1.0,1.0,1.0,1.0,450.0,405.0,9000.0,9000.0,,450.0,It's picked from your farm,Supplier,
F-1032,1.0,Kayunga,1,no,6.0,no,,no,,no,Natural forest,Customary,,no,,yes,,yes,,yes,yes,,yes,,yes,,yes,,no,,yes,,yes,,yes,,no,,9.813,1096.4,0.297014,900.0,800.0,2011-09-09 03:00:00Z,0-25%,75-100%,['Bananas'],,Rainfed,['Using Fertilizers'],1.0,1.0,2.0,1.0,0.0,0.0,400.0,400.0,1600.0,1600.0,800.0,800.0,It's picked from your farm,Supplier,
F-1033,,Luwero,2,Yes,4.0,no,,No,,Yes,100% Agricultural,Lease,,No,,Yes,,Yes,,No,,,Yes,,Yes,,Yes,,No,No child labor employed,Yes,,Yes,,No,,No,No corruption observed,,,4.143108,100.0,1295.0,,0-25%,75-100%,"Matoke, Groundnuts",,Irrigated,"Intercropping, Soil Testing",2.0,1.0,8.0,1.0,0.0,0.0,,1717.0,,4108.0,,2048.0,Luwero,Local Trader,
F-1034,,Luwero,4,Yes,7.0,No,,No,,No,100% Agricultural,Deed of Property,,No,,Yes,Lack of resources for buffer zones,Yes,,No,,,No,,Yes,,Yes,,No,No child labor employed,Yes,Irregular schedules due to seasonal work,Yes,,Yes,,No,No corruption observed,,,1.746975,200.0,691.0,,0-25%,75-100%,,,Rainfed,"Mulching, Pruning",4.0,0.0,2.0,5.0,7.0,0.0,,1792.0,,1046.0,,1520.0,Luwero,Local Trader,
F-1035,,Luwero,4,Yes,7.0,No,,No,,No,100% Agricultural,Deed of Property,,No,,Yes,Lack of resources for buffer zones,Yes,,No,,,No,,Yes,,Yes,,No,No child labor employed,Yes,Irregular schedules due to seasonal work,Yes,,Yes,,No,No corruption observed,,,1.480779,250.0,691.0,2005-01-20 03:00:00Z,0-25%,75-100%,,,Rainfed,"Mulching, Pruning",4.0,0.0,2.0,5.0,7.0,0.0,,1792.0,,1046.0,,1520.0,Luwero,Local Trader,
F-1036,1.0,Kayunga,1,yes,5.0,no,,no,,yes,Agricultural Use,Agreement/lease,,no,,yes,,yes,,no,,,yes,,yes,,yes,,no,,yes,,yes,,yes,,no,,5.7,1071.4,0.772155,1050.0,1000.0,2000-08-13 03:00:00Z,0-25%,75-100%,"['Bananas', 'Beans']",,Rainfed,"['Intercropping', 'Weeding']",3.0,2.0,3.0,2.0,5.0,0.0,1000.0,850.0,2000.0,2000.0,,1000.0,It's picked from your farm,Supplier,
F-1037,1.0,Kayunga,2,yes,1.0,no,,no,,no,Agricultural Use,Title,,no,,yes,,yes,,yes,yes,,yes,,yes,,yes,,no,,yes,,yes,,yes,,no,,9.648001,1106.23657226562,2.586564,650.0,600.0,2018-12-12 03:00:00Z,0-25%,75-100%,['Bananas'],,Rainfed,['Using Fertilizers'],0.0,0.0,0.0,0.0,0.0,0.0,50.0,45.0,100.0,100.0,,50.0,It's picked from your farm,Supplier,
F-1038,1.0,Kayunga,2,no,2.0,no,,no,,no,Natural forest,Title,,no,,yes,,yes,,yes,yes,,yes,,yes,,yes,,no,,yes,,yes,,yes,,no,,3.216,1090.052734375,2.732872,450.0,100.0,2018-12-13 03:00:00Z,0-25%,75-100%,['Bananas'],,Rainfed,['Using Fertilizers'],0.0,0.0,0.0,0.0,0.0,0.0,50.0,45.0,100.0,100.0,,50.0,It's picked from your farm,Supplier,
F-1039,,Luwero,3,No,7.0,No,,No,,Yes,100% Agricultural,Other,,No,,Yes,,Yes,Limited knowledge of waste management,No,,,Yes,No interaction with cultural leaders,Yes,,Yes,,No,No child labor employed,No,,No,,Yes,,No,No corruption observed,,,4.86551,100.0,1077.0,1990-09-12 03:00:00Z,0-25%,75-100%,"Matoke, Groundnuts",,Irrigated,"Mulching, Pruning",5.0,3.0,9.0,1.0,6.0,0.0,,834.0,,417.0,,216.0,Luwero,Local Trader,
F-1040,1.0,Mukono,1,yes,4.0,No,,,,yes,,,,,,,,,,,,,,,,,,,,,,,,,,,,,14.5,1044.0,2.371339,,,,,,,,,,,,,,,,,,,,,,,,
F-1041,1.0,Kayunga,1,yes,5.0,no,,no,,yes,Natural forest,Customary,,no,,yes,,yes,,yes,yes,,yes,,yes,,yes,,no,,yes,,yes,,yes,,no,,2.323,1122.8,0.298518,900.0,800.0,2015-09-09 03:00:00Z,0-25%,75-100%,['Bananas'],,Rainfed,['Using Fertilizers'],1.0,1.0,2.0,1.0,0.0,0.0,800.0,400.0,1600.0,1600.0,,800.0,It's picked from your farm,Supplier,
F-1042,1.0,Kayunga,1,yes,6.0,no,,no,,yes,Agricultural Use,Customary,,no,,yes,,yes,,yes,yes,,yes,,yes,,yes,,no,,yes,,yes,,yes,,no,,2.3,1076.3,2.193558,1350.0,1300.0,1999-06-11 03:00:00Z,0-25%,75-100%,['Bananas'],,Rainfed,['Intercropping'],2.0,0.0,2.0,0.0,2.0,0.0,1950.0,975.0,3900.0,3900.0,,1950.0,It's picked from your farm,Supplier,
F-1043,,Nakaseke,5,No,10.0,no,,No,,Yes,100% Agricultural,Lease,,No,,Yes,,Yes,,No,,,Yes,No interaction with cultural leaders,Yes,,Yes,,No,No child labor employed,Yes,Irregular schedules due to seasonal work,Yes,,No,,No,No corruption observed,,,1.314026,380.0,927.0,,0-25%,75-100%,"Maize, Beans",,Rainfed,"Composting, Pest Management",4.0,8.0,6.0,4.0,8.0,0.0,,1855.0,,3565.0,,1045.0,Nakaseke,Local Trader,
F-1044,,Nakaseke,5,No,10.0,no,,No,,Yes,100% Agricultural,Lease,,No,,Yes,,Yes,,No,,,Yes,No interaction with cultural leaders,Yes,,Yes,,No,No child labor employed,Yes,Irregular schedules due to seasonal work,Yes,,No,,No,No corruption observed,,,2.71653,880.0,927.0,2018-05-20 03:00:00Z,0-25%,75-100%,"Maize, Beans",,Rainfed,"Composting, Pest Management",4.0,8.0,6.0,4.0,8.0,0.0,,1855.0,,3565.0,,1045.0,Nakaseke,Local Trader,
F-1045,1.0,Kayunga,1,yes,6.0,no,,no,,yes,Agricultural Use,Customary,,no,,yes,,yes,,no,,,yes,,yes,,yes,,no,,yes,,yes,,yes,,no,,3.6,1106.4,0.300838,1150.0,1100.0,1999-08-12 03:00:00Z,0-25%,75-100%,['Bananas'],,Rainfed,"['Intercropping', 'Weeding']",6.0,4.0,5.0,5.0,10.0,0.0,1100.0,1000.0,2200.0,2200.0,,1100.0,It's picked from your farm,Supplier,
F-1046,1.0,Kayunga,2025-05-10 00:00:00,yes,4.0,no,,no,,no,Agricultural Use,Title,,no,,yes,,yes,,yes,yes,,yes,,yes,,yes,,no,,yes,,yes,,yes,,no,,3.216,1064.44836425781,0.349614,100.0,70.0,2006-01-12 03:00:00Z,0-25%,75-100%,['Beans'],,Irrigated,['Using Fertilizers'],10.0,5.0,10.0,30.0,3.0,2.0,150.0,200.0,100.0,100.0,,150.0,It's picked from your farm,Supplier,
F-1047,,Luwero,4,Yes,10.0,no,,No,,Yes,100% Agricultural,Deed of Property,,No,,Yes,,Yes,,No,,,Yes,,Yes,,Yes,,No,No child labor employed,Yes,,Yes,,Yes,,No,No corruption observed,,,3.113753,1000.0,402.0,,0-25%,75-100%,,,Rainfed,"Composting, Pest Management",5.0,0.0,7.0,5.0,2.0,0.0,,1373.0,,3154.0,,1624.0,Luwero,Local Trader,
F-1048,1.0,Luwero,More than 10,no,6.0,no,,no,,yes,Agricultural Use,Agreement/lease,,no,,yes,,yes,,no,,,yes,,yes,,yes,,no,,yes,,yes,,yes,,no,,10.15,1071.7,0.237186,450.0,100.0,1976-10-08 03:00:00Z,0-25%,75-100%,['Bananas'],,Both(Rainfed+Irrigated),['Pruning'],2.0,1.0,1.0,1.0,1.0,1.0,4500.0,4050.0,9000.0,9000.0,,4500.0,It's picked from your farm,Supplier,
F-1049,1.0,Kayunga,1,yes,10.0,no,,no,,yes,Agricultural Use,Agreement/lease,,no,,yes,,yes,,no,,,yes,,yes,,yes,,no,,yes,,yes,,yes,,no,,2.1,1111.0,0.753155,1350.0,1300.0,2003-09-12 03:00:00Z,0-25%,75-100%,['Bananas'],,Rainfed,['Weeding'],3.0,3.0,0.0,6.0,0.0,0.0,700.0,1000.0,1200.0,1200.0,,700.0,It's picked from your farm,Supplier,
F-1050,1.0,Mukono,1,yes,4.0,Yes,LDC,,,yes,,,,,,,,,,,,,,,,,,,,,,,,,,,,,17.548,1132.9,0.507215,,,,,,,,,,,,,,,,,,,,,,,,
F-1051,1.0,Kayunga,1,yes,3.0,no,,no,,no,Agricultural Use,Agreement/lease,,no,,yes,,yes,,yes,yes,,yes,,yes,,Yes,,no,,yes,,yes,,yes,,no,,6.507,1076.7,2.488616,850.0,800.0,2009-05-12 03:00:00Z,0-25%,75-100%,['Bananas'],,Rainfed,['Using Fertilizers'],2.0,0.0,0.0,2.0,0.0,0.0,560.0,400.0,700.0,700.0,,560.0,It's picked from your farm,Cooperative representative,
F-1052,1.0,Kayunga,2,yes,14.0,no,,no,,yes,Agricultural Use,Customary,,no,,yes,,yes,,no,,,yes,,yes,,yes,,no,,yes,,yes,,yes,,no,,15.302,1038.3,0.719093,1000.0,800.0,1998-04-12 03:00:00Z,0-25%,75-100%,"['Bananas', 'Beans']",,Rainfed,"['Using Fertilizers', 'Weeding', 'Intercropping']",2.0,1.0,0.0,3.0,3.0,0.0,600.0,500.0,1200.0,1200.0,,600.0,It's picked from your farm,Cooperative representative,
F-1053,1.0,Luwero,4,Yes,9.0,No,,No,,Yes,100% Agricultural,Customary,,No,,Yes,,Yes,,No,,,Yes,,Yes,,Yes,,No,No child labor employed,Yes,,Yes,,No,,No,No corruption observed,,,3.883404,1500.0,360.0,1988-04-06 03:00:00Z,0-25%,75-100%,,,Rainfed,"Composting, Pest Management",7.0,3.0,3.0,2.0,0.0,0.0,,286.0,,4571.0,,2152.0,Luwero,Local Trader,
F-1054,1.0,Luwero,1,yes,5.0,no,,no,,yes,Agricultural Use,Title,,no,,yes,,yes,,yes,yes,,yes,,yes,,yes,,no,,yes,,yes,,yes,,no,,0.914,1148.113,2.385233,2850.0,2800.0,2017-04-10 03:00:00Z,0-25%,75-100%,"['Bananas', 'Beans']",,Rainfed,"['Intercropping', 'Weeding', 'Pruning']",10.0,15.0,0.0,25.0,17.0,0.0,3500.0,3150.0,7000.0,7000.0,,3500.0,It's picked from your farm,Supplier,
F-1055,,Nakaseke,2,Yes,8.0,No,,No,,Yes,100% Agricultural,Customary,,No,,No,,Yes,,No,,,No,,Yes,,Yes,,No,No child labor employed,Yes,,Yes,,Yes,,No,No corruption observed,,,3.665036,450.0,449.0,2012-02-10 03:00:00Z,0-25%,75-100%,"Matoke, Groundnuts",,Rainfed,"Mulching, Pruning",7.0,8.0,3.0,0.0,11.0,0.0,,1585.0,,3405.0,,495.0,Nakaseke,Local Trader,
F-1056,,Nakaseke,3,Yes,8.0,No,,No,,No,100% Agricultural,Other,,No,,Yes,,Yes,Limited knowledge of waste management,No,,,No,,Yes,,Yes,,No,No child labor employed,Yes,,Yes,,Yes,,No,No corruption observed,,,3.804265,81.0,814.0,2013-05-08 03:00:00Z,0-25%,75-100%,,,Rainfed,"Intercropping, Soil Testing",6.0,1.0,7.0,1.0,11.0,0.0,,926.0,,673.0,,1024.0,Nakaseke,Local Trader,
F-1057,,Nakaseke,3,Yes,10.0,No,,No,,Yes,100% Agricultural,Customary,,No,,Yes,,Yes,,No,,,No,No interaction with cultural leaders,Yes,,Yes,,No,No child labor employed,No,,Yes,,Yes,,No,No corruption observed,,,3.492628,360.0,915.0,2009-03-12 03:00:00Z,0-25%,75-100%,"Bananas, Cassava",,Irrigated,"Mulching, Pruning",8.0,6.0,9.0,1.0,7.0,0.0,,275.0,,4840.0,,2302.0,Nakaseke,Local Trader,
F-1058,,Nakaseke,5,Yes,9.0,No,,No,,No,100% Agricultural,Customary,,No,,Yes,,Yes,,No,,,Yes,,Yes,,Yes,,No,No child labor employed,Yes,,Yes,,Yes,,No,No corruption observed,,,4.579838,2500.0,1803.0,2021-05-08 03:00:00Z,0-25%,75-100%,"Matoke, Groundnuts",,Rainfed,"Mulching, Pruning",8.0,0.0,3.0,3.0,7.0,0.0,,991.0,,2534.0,,430.0,Nakaseke,Local Trader,
F-1059,,Nakaseke,2,No,10.0,No,,No,,Yes,100% Agricultural,Deed of Property,,No,,Yes,,Yes,Limited knowledge of waste management,No,,,No,,Yes,Issues with equal pay reported,Yes,,No,No child labor employed,Yes,,Yes,,Yes,,No,No corruption observed,,,6.686843,3800.0,2084.0,2012-05-04 03:00:00Z,0-25%,75-100%,"Bananas, Cassava",,Rainfed,"Mulching, Pruning",5.0,1.0,9.0,3.0,0.0,0.0,,880.0,,2395.0,,1749.0,Nakaseke,Local Trader,
F-1060,,Nakaseke,2,No,10.0,,,No,,Yes,100% Agricultural,Deed of Property,,No,,Yes,,Yes,Limited knowledge of waste management,No,,,No,,Yes,Issues with equal pay reported,Yes,,No,No child labor employed,Yes,,Yes,,Yes,,No,No corruption observed,,,4.858407,897.0,2084.0,1990-04-19 03:00:00Z,0-25%,75-100%,"Bananas, Cassava",,Rainfed,"Mulching, Pruning",5.0,1.0,9.0,3.0,0.0,0.0,,880.0,,2395.0,,1749.0,Nakaseke,Local Trader,
F-1061,1.0,Kayunga,1,yes,6.0,no,,no,,no,Agricultural Use,Agreement/lease,,no,,yes,,yes,,yes,yes,,yes,,yes,,Yes,,no,,yes,,yes,,yes,,no,,3.4,1142.6,0.461052,750.0,700.0,2011-03-25 03:00:00Z,0-25%,75-100%,['Bananas'],,Rainfed,['Using Fertilizers'],0.0,2.0,0.0,2.0,0.0,0.0,700.0,500.0,900.0,900.0,,700.0,It's picked from your farm,Cooperative representative,
F-1062,1.0,Kayunga,2025-05-10 00:00:00,yes,2.0,no,,no,,no,Agricultural Use,Title,,no,,yes,,yes,,yes,yes,,yes,,yes,,yes,,no,,yes,,yes,,yes,,no,,4.288,1077.412109375,0.742617,100.0,60.0,2006-05-04 03:00:00Z,0-25%,75-100%,['Beans'],,Irrigated,['Using Fertilizers'],10.0,5.0,10.0,30.0,3.0,2.0,100.0,90.0,100.0,100.0,,100.0,It's picked from your farm,Supplier,
F-1063,1.0,Luwero,1,yes,6.0,no,,no,,no,Agricultural Use,Agreement/lease,,no,,yes,,yes,,yes,yes,,yes,,yes,,yes,,no,,yes,,yes,,yes,,no,,19.524,1127.99,0.866375,750.0,700.0,1990-03-15 03:00:00Z,0-25%,75-100%,['Bananas'],,Rainfed,"['Pruning', 'Weeding', 'Intercropping']",1.0,3.0,0.0,4.0,0.0,0.0,700.0,800.0,600.0,600.0,,700.0,It's picked from your farm,Supplier,
F-1064,1.0,Kayunga,2,yes,9.0,no,,no,,yes,Agricultural Use,Agreement/lease,,no,,yes,,yes,,yes,yes,,yes,,yes,,yes,,no,,yes,,yes,,yes,,no,,19.75,1080.1,0.345802,1000.0,1000.0,2007-08-09 03:00:00Z,0-25%,75-100%,['Bananas'],,Rainfed,"['Using Fertilizers', 'Pruning', 'Weeding']",4.0,1.0,4.0,1.0,5.0,0.0,1000.0,800.0,2000.0,2000.0,,1000.0,It's picked from your farm,Supplier,
F-1065,1.0,Kayunga,1,no,5.0,no,,no,,no,Natural forest,Customary,,no,,yes,,yes,,yes,yes,,yes,,yes,,yes,,no,,yes,,yes,,yes,,no,,8.7,999.7,0.466276,800.0,600.0,2017-09-09 03:00:00Z,0-25%,75-100%,['Bananas'],,Rainfed,['Using Fertilizers'],1.0,1.0,1.0,1.0,0.0,0.0,800.0,400.0,1600.0,1600.0,,800.0,It's picked from your farm,Supplier,
F-1066,1.0,Luwero,More than 10,yes,6.0,no,,no,,yes,Agricultural Use,Agreement/lease,,no,,yes,,yes,,no,,,yes,,yes,,yes,,no,,yes,,yes,,yes,,no,,2.9,1093.5,4.369049,450.0,100.0,1996-09-20 03:00:00Z,0-25%,75-100%,"['Bananas', 'Beans']",,Rainfed,"['Weeding', 'Intercropping']",1.0,1.0,1.0,1.0,1.0,1.0,300.0,270.0,6000.0,6000.0,,300.0,It's picked from your farm,Supplier,
F-1067,1.0,Kayunga,1,yes,6.0,no,,no,,yes,Agricultural Use,Agreement/lease,,no,,yes,,yes,,no,,,yes,,yes,,yes,,no,,yes,,yes,,yes,,no,,1.813322,1043.093,0.429333,1200.0,1000.0,2017-07-13 03:00:00Z,0-25%,75-100%,['Bananas'],,Rainfed,"['Using Fertilizers', 'Pruning', 'Weeding', 'Intercropping']",5.0,5.0,3.0,7.0,10.0,0.0,900.0,900.0,2000.0,2000.0,1000.0,1000.0,It's picked from your farm,Supplier,
F-1068,1.0,Luwero,1,no,4.0,no,,no,,yes,Agricultural Use,Customary,,no,,yes,,yes,,no,,,yes,,yes,,yes,,no,,yes,,yes,,yes,,no,,0.7218308,1147.445,1.582773,100.0,90.0,2008-02-15 03:00:00Z,0-25%,75-100%,['Bananas'],,Rainfed,['Weeding'],1.0,1.0,0.0,2.0,0.0,0.0,30.0,50.0,60.0,60.0,,30.0,somewhere else,other,
F-1069,,Luwero,2,Yes,10.0,No,,No,,Yes,100% Agricultural,Lease,,No,,Yes,,Yes,,No,,,Yes,,Yes,,Yes,,No,No child labor employed,Yes,Irregular schedules due to seasonal work,No,,Yes,,No,No corruption observed,,,4.466681,200.0,2141.0,2009-12-19 03:00:00Z,0-25%,75-100%,"Bananas, Cassava",,Rainfed,"Mulching, Pruning",3.0,3.0,5.0,5.0,8.0,0.0,,1201.0,,2365.0,,2428.0,Luwero,Local Trader,
F-1070,1.0,Kayunga,1,yes,3.0,no,,no,,yes,Agricultural Use,Title,,no,,yes,,yes,,yes,yes,,yes,,yes,,yes,,no,,yes,,yes,,yes,,no,,9.648001,1097.61901855468,0.659649,450.0,100.0,2009-12-12 03:00:00Z,0-25%,75-100%,"['Bananas', 'Beans']",,Rainfed,['Using Fertilizers'],1.0,1.0,0.0,2.0,2.0,0.0,100.0,90.0,100.0,100.0,,100.0,It's picked from your farm,Supplier,
F-1071,1.0,Luwero,1,yes,5.0,no,,no,,yes,Agricultural Use,Agreement/lease,,no,,yes,,yes,,no,,,yes,,yes,,yes,,no,,yes,,yes,,yes,,no,,10.282,1066.8,1.351802,2570.0,2520.0,2008-11-10 03:00:00Z,0-25%,75-100%,['Bananas'],,Rainfed,['Weeding'],3.0,2.0,0.0,5.0,5.0,0.0,2700.0,2520.0,5400.0,5400.0,,2700.0,It's picked from your farm,Supplier,
F-1072,1.0,Luwero,1,yes,4.0,no,,no,,yes,Agricultural Use,Agreement/lease,,no,,yes,,yes,,yes,yes,,yes,,yes,,yes,,no,,yes,,yes,,yes,,no,,1.825,1069.2,2.222417,1050.0,1000.0,1990-12-20 03:00:00Z,0-25%,75-100%,['Bananas'],,Rainfed,['Using Fertilizers'],2.0,2.0,0.0,4.0,4.0,0.0,200.0,250.0,200.0,200.0,,200.0,It's picked from your farm,Supplier,
F-1073,1.0,Kayunga,1,no,7.0,no,,no,,yes,Agricultural Use,Title,,no,,yes,,yes,,yes,yes,,yes,,yes,,yes,,no,,yes,,yes,,yes,,no,,2.6,1105.5,0.197321,500.0,450.0,2000-09-10 03:00:00Z,0-25%,75-100%,"['Bananas', 'Beans']",,Rainfed,"['Using Fertilizers', 'Pruning', 'Intercropping']",1.0,4.0,1.0,2.0,0.0,0.0,3500.0,1700.0,7000.0,7000.0,,3500.0,It's picked from your farm,Supplier,
F-1074,,Nakaseke,1,Yes,2.0,No,,No,,Yes,100% Agricultural,Customary,,No,,Yes,,Yes,Limited knowledge of waste management,No,,,Yes,,Yes,,Yes,,No,No child labor employed,Yes,Irregular schedules due to seasonal work,No,,Yes,,No,No corruption observed,,,3.142192,100.0,304.0,1999-03-09 03:00:00Z,0-25%,75-100%,"Maize, Beans",,Rainfed,"Intercropping, Soil Testing",11.0,3.0,6.0,5.0,8.0,0.0,,1398.0,,4721.0,,2102.0,Nakaseke,Local Trader,
F-1075,,Luwero,2,No,9.0,No,Emwanyi Terimba Development  Group,No,,Yes,100% Agricultural,Lease,,No,,Yes,,Yes,,No,,,No,,Yes,,Yes,,No,No child labor employed,No,,Yes,,Yes,Unaware of tax obligations,No,No corruption observed,,,3.029671,1000.0,1738.0,,0-25%,75-100%,,,Irrigated,"Composting, Pest Management",3.0,1.0,4.0,3.0,0.0,0.0,,1394.0,,2354.0,,929.0,Luwero,Local Trader,
F-1076,1.0,Kayunga,1,yes,3.0,no,,no,,no,Agricultural Use,Title,,no,,yes,,yes,,yes,yes,,yes,,yes,,yes,,no,,yes,,yes,,yes,,no,,2.3,1109.5,0.308428,950.0,900.0,1980-01-02 03:00:00Z,0-25%,75-100%,"['Bananas', 'Tobacco']",,Rainfed,"['Using Fertilizers', 'Weeding', 'Intercropping']",0.0,1.0,0.0,1.0,0.0,0.0,900.0,400.0,1800.0,1800.0,,900.0,It's picked from your farm,Supplier,
F-1077,,Luwero,3,No,4.0,No,,No,,Yes,100% Agricultural,Deed of Property,,No,,No,,Yes,,No,,,Yes,,Yes,,Yes,,No,No child labor employed,Yes,,Yes,,No,,No,No corruption observed,,,5.875885,400.0,2638.0,1970-04-08 03:00:00Z,0-25%,75-100%,"Maize, Beans",,Rainfed,"Intercropping, Soil Testing",7.0,2.0,10.0,5.0,1.0,0.0,,699.0,,2777.0,,712.0,Luwero,Local Trader,
F-1078,1.0,Kayunga,1,yes,6.0,no,,no,,yes,Agricultural Use,Customary,,no,,yes,,yes,,no,,,yes,,yes,,yes,,no,,yes,,yes,,yes,,no,,4.1,1032.4,3.05994,1300.0,1200.0,2000-04-20 03:00:00Z,0-25%,75-100%,['Bananas'],,Rainfed,"['Intercropping', 'Weeding', 'Pruning', 'Using Fertilizers']",2.0,4.0,0.0,6.0,6.0,0.0,,650.0,,1500.0,,750.0,It's picked from your farm,Supplier,
F-1079,1.0,Kayunga,1,yes,6.0,no,,no,,yes,Agricultural Use,Customary,,no,,yes,,yes,,no,,,yes,,yes,,yes,,no,,yes,,yes,,yes,,no,,7.3,1108.1,0.490221,1050.0,1000.0,2011-08-12 03:00:00Z,0-25%,75-100%,"['Beans', 'Bananas']",,Rainfed,"['Intercropping', 'Weeding']",3.0,3.0,1.0,5.0,10.0,0.0,1050.0,1000.0,2100.0,2100.0,,1050.0,It's picked from your farm,Supplier,
F-1080,,Luwero,2,Yes,6.0,no,,No,,Yes,100% Agricultural,Lease,,No,,No,,Yes,,No,,,No,No interaction with cultural leaders,Yes,,Yes,,No,No child labor employed,Yes,,Yes,,Yes,,No,No corruption observed,,,4.295394,1800.0,2975.0,,0-25%,75-100%,"Bananas, Cassava",,Irrigated,"Intercropping, Soil Testing",7.0,5.0,9.0,0.0,0.0,0.0,,1803.0,,1170.0,,2056.0,Luwero,Local Trader,
F-1081,1.0,Luwero,1,no,7.0,no,,no,,yes,Agricultural Use,Customary,,no,,yes,,yes,,yes,yes,,yes,,yes,,yes,,no,,yes,,yes,,yes,,no,,6.2,1145.7,0.268675,1350.0,1300.0,2008-04-06 03:00:00Z,0-25%,75-100%,"['Bananas', 'Beans']",,Rainfed,"['Using Fertilizers', 'Pruning', 'Weeding', 'Intercropping']",1.0,0.0,1.0,3.0,1.0,0.0,500.0,450.0,1000.0,1000.0,,500.0,It's picked from your farm,Supplier,
F-1082,1.0,Luwero,More than 10,no,2.0,no,,no,,yes,Agricultural Use,Agreement/lease,,no,,yes,,yes,,no,,,yes,,yes,,yes,,no,,yes,,yes,,yes,,no,,10.734,1074.6,0.4913,450.0,100.0,2014-10-03 03:00:00Z,0-25%,75-100%,"['Bananas', 'Beans']",,Rainfed,['Weeding'],1.0,1.0,1.0,1.0,1.0,1.0,450.0,405.0,9000.0,9000.0,,450.0,It's picked from your farm,Supplier,
F-1083,1.0,Kayunga,2,yes,10.0,no,,no,,yes,Agricultural Use,Agreement/lease,,no,,yes,,yes,,no,,,yes,,yes,,Yes,,no,,yes,,yes,,yes,,no,,9.657,1059.511,0.346211,2500.0,2100.0,1984-02-10 03:00:00Z,0-25%,75-100%,"['Bananas', 'Beans']",,Rainfed,"['Pruning', 'Weeding']",0.0,0.0,0.0,0.0,5.0,0.0,2000.0,1950.0,4000.0,4000.0,,2000.0,It's picked from your farm,Hulling Station representative,
F-1084,1.0,Luwero,1,No,3.0,No,,No,,Yes,100% Agricultural,Other,,No,,No,Lack of resources for buffer zones,No,Limited knowledge of waste management,No,,,Yes,,Yes,,Yes,,No,No child labor employed,No,Irregular schedules due to seasonal work,No,Lack of training on rights,No,Unaware of tax obligations,No,No corruption observed,,,3.782928,1000.0,647.0,,0-25%,75-100%,,,Rainfed,"Intercropping, Soil Testing",1.0,1.0,2.0,0.0,2.0,0.0,,178.0,,3181.0,,2336.0,Luwero,Local Trader,
F-1085,1.0,Kayunga,1,no,5.0,no,,no,,no,Agricultural Use,Agreement/lease,,no,,yes,,yes,,yes,yes,,yes,,yes,,Yes,,no,,yes,,yes,,yes,,no,,0.73186177,1043.76,0.284779,1250.0,1200.0,2008-03-20 03:00:00Z,0-25%,75-100%,['Bananas'],,Rainfed,['Using Fertilizers'],3.0,1.0,2.0,3.0,0.0,0.0,800.0,600.0,1000.0,1000.0,,800.0,It's picked from your farm,Cooperative representative,
F-1086,1.0,Luwero,1,yes,4.0,no,,no,,no,Agricultural Use,Agreement/lease,,no,,yes,,yes,,no,,,yes,,yes,,yes,,no,,yes,,yes,,yes,,no,,13.394,1103.658,0.605019,1310.0,1260.0,2005-05-08 03:00:00Z,0-25%,75-100%,['Bananas'],,Rainfed,['Weeding'],2.0,1.0,0.0,3.0,3.0,0.0,1350.0,1260.0,2700.0,2700.0,,1350.0,It's picked from your farm,Supplier,
F-1087,1.0,Kayunga,2025-05-10 00:00:00,yes,9.0,no,,no,,no,Agricultural Use,Title,,no,,yes,,yes,,yes,yes,,yes,,yes,,yes,,no,,yes,,yes,,yes,,no,,0.59741807,1105.152,1.647489,1000.0,11.0,2003-06-21 03:00:00Z,0-25%,75-100%,['Beans'],,Irrigated,['Using Fertilizers'],10.0,9.0,10.0,34.0,5.0,4.0,78.0,56.0,105.0,105.0,,78.0,It's picked from your farm,Supplier,
F-1088,1.0,Kayunga,1,no,9.0,no,,no,,no,Agricultural Use,Agreement/lease,,no,,yes,,yes,,yes,yes,,yes,,yes,,yes,,no,,yes,,yes,,yes,,no,,10.2,1054.0,1.386354,1400.0,1350.0,2000-08-19 03:00:00Z,0-25%,75-100%,"['Bananas', 'Beans']",,Rainfed,"['Pruning', 'Weeding', 'Intercropping']",2.0,2.0,2.0,0.0,1.0,0.0,2000.0,1900.0,4000.0,4000.0,,2000.0,It's picked from your farm,Supplier,
F-1089,1.0,Luwero,1,no,7.0,no,,no,,yes,Agricultural Use,Customary,,no,,yes,,yes,,yes,yes,,yes,,yes,,yes,,no,,yes,,yes,,yes,,no,,2.0,1108.0,1.399791,1350.0,1350.0,2008-07-08 03:00:00Z,0-25%,75-100%,"['Bananas', 'Beans']",,Rainfed,"['Using Fertilizers', 'Pruning', 'Weeding', 'Intercropping']",2.0,1.0,1.0,5.0,1.0,0.0,500.0,405.0,1000.0,1000.0,,500.0,It's picked from your farm,Supplier,
F-1090,1.0,Luwero,1,yes,6.0,no,,no,,yes,Agricultural Use,Agreement/lease,,no,,yes,,yes,,yes,yes,,yes,,yes,,yes,,no,,yes,,yes,,yes,,no,,10.333,1153.0,0.529636,415.0,100.0,2010-06-25 03:00:00Z,0-25%,75-100%,['Bananas'],,Rainfed,"['Pruning', 'Weeding']",1.0,1.0,2.0,3.0,0.0,0.0,500.0,1000.0,1000.0,1000.0,,500.0,It's picked from your farm,Supplier,
F-1091,1.0,Kayunga,1,yes,5.0,no,,no,,yes,Agricultural Use,Customary,,no,,yes,,yes,,no,,,yes,,yes,,yes,,no,,yes,,yes,,yes,,no,,3.1,1071.8,1.209213,1059.0,1009.0,2013-09-12 03:00:00Z,0-25%,75-100%,['Bananas'],,Rainfed,"['Weeding', 'Intercropping']",4.0,4.0,5.0,3.0,8.0,0.0,1100.0,1000.0,2200.0,2200.0,,1100.0,It's picked from your farm,Supplier,
F-1092,1.0,Kayunga,1,yes,3.0,no,,no,,no,Agricultural Use,Title,,no,,yes,,yes,,yes,yes,,yes,,yes,,yes,,no,,yes,,yes,,yes,,no,,7.81,1100.4,0.21709,950.0,900.0,1980-10-02 03:00:00Z,0-25%,75-100%,"['Bananas', 'Tobacco']",,Rainfed,"['Using Fertilizers', 'Weeding', 'Intercropping']",0.0,1.0,0.0,1.0,0.0,0.0,900.0,400.0,1800.0,1800.0,,900.0,At a hulling station,Supplier,
F-1093,,Nakaseke,2,No,4.0,No,,No,,Yes,100% Agricultural,Customary,,No,,Yes,,Yes,,No,,,Yes,No interaction with cultural leaders,Yes,,Yes,,No,No child labor employed,Yes,,Yes,Lack of training on rights,Yes,,No,No corruption observed,,,4.498606,596.0,2160.0,2022-02-02 03:00:00Z,0-25%,75-100%,"Maize, Beans",,Rainfed,"Composting, Pest Management",0.0,3.0,7.0,3.0,2.0,0.0,,1617.0,,4673.0,,2132.0,Nakaseke,Local Trader,
F-1094,1.0,Kayunga,1,yes,3.0,no,,no,,yes,Agricultural Use,Customary,,no,,yes,,yes,,yes,yes,,yes,,yes,,yes,,no,,yes,,yes,,yes,,no,,2.3,1095.2,0.449112,1810.0,1800.0,1995-06-13 03:00:00Z,0-25%,75-100%,"['Bananas', 'Beans']",,Rainfed,['Intercropping'],1.0,0.0,1.0,0.0,1.0,0.0,3600.0,1800.0,7200.0,7200.0,,3600.0,It's picked from your farm,Supplier,
F-1095,1.0,Kayunga,1,no,3.0,no,,no,,yes,Agricultural Use,Title,,no,,yes,,yes,,no,,,yes,,yes,,yes,,no,,yes,,yes,,yes,,no,,8.5,1082.19999999999,1.142126,850.0,800.0,2000-04-01 03:00:00Z,0-25%,75-100%,"['Bananas', 'Beans', 'other']",cassava and soybeans,Rainfed,"['Using Fertilizers', 'Pruning', 'Weeding', 'Intercropping']",1.0,1.0,1.0,1.0,0.0,0.0,820.0,790.0,1600.0,1600.0,,820.0,It's picked from your farm,Supplier,
F-1096,,Nakaseke,4,No,4.0,No,,No,,Yes,100% Agricultural,Customary,,No,,Yes,,Yes,,No,,,Yes,No interaction with cultural leaders,Yes,,Yes,,No,No child labor employed,Yes,,No,Lack of training on rights,Yes,,No,No corruption observed,,,3.312218,102.0,988.0,2014-08-10 03:00:00Z,0-25%,75-100%,"Matoke, Groundnuts",,Rainfed,"Mulching, Pruning",5.0,1.0,9.0,5.0,5.0,0.0,,425.0,,4164.0,,1604.0,Nakaseke,Local Trader,
F-1097,1.0,Kayunga,2025-05-10 00:00:00,yes,5.0,no,,no,,no,Agricultural Use,Title,,no,,yes,,yes,,yes,yes,,yes,,yes,,yes,,no,,yes,,yes,,yes,,no,,1.3095269,1094.564,2.153505,100.0,70.0,2007-08-15 03:00:00Z,0-25%,75-100%,['Beans'],,Irrigated,['Using Fertilizers'],15.0,10.0,10.0,40.0,3.0,2.0,100.0,50.0,200.0,200.0,,100.0,It's picked from your farm,Supplier,
F-1098,1.0,Kayunga,1,yes,3.0,no,,no,,yes,Agricultural Use,Title,,no,,yes,,yes,,yes,yes,,yes,,yes,,yes,,no,,yes,,yes,,yes,,no,,2.2,1100.3,1.458149,1050.0,1000.0,1998-10-03 03:00:00Z,0-25%,75-100%,['Bananas'],,Rainfed,"['Using Fertilizers', 'Weeding']",1.0,0.0,0.0,1.0,0.0,0.0,600.0,600.0,1000.0,1000.0,800.0,800.0,It's picked from your farm,Supplier,
F-1099,1.0,Luwero,1,yes,6.0,no,,no,,yes,Agricultural Use,Agreement/lease,,no,,yes,,yes,,no,,,yes,,yes,,yes,,no,,yes,,yes,,yes,,no,,19.7,1078.0,2.588906,1250.0,1200.0,2006-09-12 03:00:00Z,0-25%,75-100%,['Bananas'],,Rainfed,"['Pruning', 'Weeding', 'Intercropping']",1.0,3.0,0.0,4.0,4.0,0.0,1250.0,1200.0,2700.0,2700.0,,1250.0,It's picked from your farm,Supplier,
F-1100,1.0,Kayunga,1,no,8.0,no,,no,,no,Natural forest,Customary,,no,,yes,,yes,,yes,yes,,yes,,yes,,yes,,no,,yes,,yes,,yes,,no,,9.8,1103.1,0.905767,900.0,800.0,2008-09-09 03:00:00Z,0-25%,75-100%,['Bananas'],,Rainfed,['Using Fertilizers'],1.0,1.0,1.0,1.0,0.0,0.0,800.0,400.0,1600.0,1600.0,,800.0,It's picked from your farm,Supplier,
F-1101,1.0,Luwero,1,yes,4.0,no,,no,,yes,Agricultural Use,Customary,,no,,yes,,yes,,yes,yes,,yes,,yes,,yes,,no,,yes,,yes,,yes,,no,,5.58217,1291.336,0.472448,300.0,150.0,2019-03-02 03:00:00Z,0-25%,75-100%,['Bananas'],,Rainfed,['Intercropping'],1.0,2.0,2.0,4.0,1.0,0.0,200.0,100.0,200.0,200.0,,200.0,It's picked from your farm,Supplier,
F-1102,,Nakaseke,3,No,2.0,No,,No,,No,100% Agricultural,Lease,,No,,Yes,,Yes,,No,,,No,No interaction with cultural leaders,Yes,,Yes,,No,No child labor employed,Yes,,Yes,Lack of training on rights,Yes,Unaware of tax obligations,No,No corruption observed,,,3.512673,45.0,4305.0,2017-02-02 03:00:00Z,0-25%,75-100%,"Matoke, Groundnuts",,Rainfed,"Intercropping, Soil Testing",6.0,2.0,0.0,3.0,6.0,0.0,,1922.0,,4672.0,,353.0,Nakaseke,Local Trader,
F-1103,1.0,Luwero,1,yes,4.0,no,,no,,yes,Agricultural Use,Agreement/lease,,no,,yes,,yes,,yes,yes,,yes,,yes,,yes,,no,,yes,,yes,,yes,,no,,1.675,1087.9,6.250961,1050.0,1000.0,1998-10-10 03:00:00Z,0-25%,75-100%,['Bananas'],,Rainfed,['Using Fertilizers'],1.0,3.0,1.0,3.0,3.0,1.0,80.0,200.0,200.0,200.0,,80.0,It's picked from your farm,Supplier,
F-1104,1.0,Kayunga,2025-05-10 00:00:00,yes,7.0,no,,no,,no,Agricultural Use,Title,,no,,yes,,yes,,yes,yes,,yes,,yes,,yes,,no,,yes,,yes,,yes,,no,,0.9177336,1106.476,0.518234,56.0,15.0,2001-02-12 03:00:00Z,0-25%,75-100%,"['Bananas', 'Tobacco', 'Beans']",,Both(Rainfed+Irrigated),['Using Fertilizers'],24.0,21.0,75.0,80.0,12.0,19.0,78.0,45.0,900.0,900.0,,78.0,At a hulling station,Supplier,
F-1105,1.0,Luwero,More than 10,yes,10.0,no,,no,,yes,Agricultural Use,Agreement/lease,,no,,yes,,yes,,no,,,yes,,yes,,yes,,no,,yes,,yes,,yes,,no,,4.1,1078.4,0.735597,450.0,100.0,1980-11-04 03:00:00Z,0-25%,75-100%,['Bananas'],,Rainfed,['Intercropping'],1.0,1.0,1.0,1.0,1.0,1.0,500.0,450.0,9000.0,9000.0,,500.0,It's picked from your farm,Supplier,
F-1106,1.0,Luwero,1,no,9.0,no,,no,,yes,Agricultural Use,Agreement/lease,,no,,yes,,yes,,no,,,yes,,yes,,yes,,no,,yes,,yes,,yes,,no,,11.5,1114.0,6.703735,2150.0,2100.0,2009-09-21 03:00:00Z,0-25%,75-100%,['Bananas'],,Rainfed,"['Using Fertilizers', 'Pruning', 'Weeding', 'Intercropping']",6.0,0.0,2.0,4.0,6.0,0.0,2250.0,2200.0,4500.0,4500.0,,2250.0,It's picked from your farm,Supplier,
F-1107,1.0,Luwero,1,yes,4.0,no,,no,,yes,Agricultural Use,Agreement/lease,,no,,yes,,yes,,yes,yes,,yes,,yes,,yes,,no,,yes,,yes,,yes,,no,,0.01,0.0,0.999853,1050.0,1000.0,1998-01-02 03:00:00Z,0-25%,75-100%,['Bananas'],,Rainfed,['Using Fertilizers'],2.0,2.0,1.0,3.0,4.0,0.0,200.0,250.0,250.0,250.0,,200.0,It's picked from your farm,Supplier,
F-1108,1.0,Luwero,1,Yes,7.0,No,,No,,Yes,100% Agricultural,Customary,,No,,Yes,,Yes,Limited knowledge of waste management,No,,,No,,Yes,,Yes,,No,No child labor employed,Yes,,Yes,,Yes,Unaware of tax obligations,No,No corruption observed,,,3.316114,150.0,917.0,2002-04-03 03:00:00Z,0-25%,75-100%,"Matoke, Groundnuts",,Rainfed,"Mulching, Pruning",4.0,2.0,0.0,5.0,4.0,0.0,,634.0,,1391.0,,2425.0,Luwero,Local Trader,
F-1109,1.0,Luwero,1,yes,4.0,no,,no,,no,Agricultural Use,Agreement/lease,,no,,yes,,yes,,no,,,yes,,yes,,yes,,no,,yes,,yes,,yes,,no,,0.631,1110.634,0.150954,1310.0,1260.0,2000-05-02 03:00:00Z,0-25%,75-100%,['Bananas'],,Rainfed,['Weeding'],1.0,1.0,0.0,2.0,2.0,0.0,1350.0,1260.0,2700.0,2700.0,,1350.0,It's picked from your farm,Supplier,
F-1110,1.0,Kayunga,2,yes,2.0,no,,no,,no,Agricultural Use,Title,,no,,yes,,yes,,yes,yes,,yes,,yes,,yes,,no,,yes,,yes,,yes,,no,,9.648001,1106.26416015625,0.106954,550.0,500.0,2008-12-12 03:00:00Z,0-25%,75-100%,['Bananas'],,Rainfed,['Using Fertilizers'],0.0,0.0,0.0,0.0,0.0,0.0,50.0,45.0,100.0,100.0,,50.0,It's picked from your farm,Supplier,
F-1111,,Nakaseke,5,No,8.0,No,,No,,Yes,100% Agricultural,Customary,,No,,Yes,,No,,No,,,Yes,,Yes,,Yes,,No,No child labor employed,Yes,,Yes,Lack of training on rights,Yes,,No,No corruption observed,,,4.234628,1050.0,1297.0,2000-05-11 03:00:00Z,0-25%,75-100%,"Bananas, Cassava",,Rainfed,"Intercropping, Soil Testing",5.0,6.0,9.0,1.0,0.0,0.0,,1318.0,,3121.0,,1171.0,Nakaseke,Local Trader,
F-1112,,Luwero,2,No,2.0,No,,No,,Yes,100% Agricultural,Customary,,No,,Yes,,No,,No,,,No,No interaction with cultural leaders,Yes,,Yes,,No,No child labor employed,Yes,,No,,Yes,,No,No corruption observed,,,3.605912,430.0,4450.0,1980-05-25 03:00:00Z,0-25%,75-100%,"Matoke, Groundnuts",,Rainfed,"Mulching, Pruning",3.0,0.0,8.0,2.0,0.0,0.0,,1957.0,,1426.0,,1058.0,Luwero,Local Trader,
F-1113,1.0,Luwero,2,no,3.0,no,,no,,yes,Agricultural Use,Title,,no,,yes,,yes,,yes,yes,,yes,,yes,,yes,,no,,yes,,yes,,yes,,no,,1.231,1144.252,3.474211,200.0,100.0,2006-03-12 03:00:00Z,0-25%,75-100%,['Bananas'],,Rainfed,['Using Fertilizers'],1.0,2.0,1.0,1.0,1.0,1.0,45.0,90.0,90.0,90.0,,45.0,At a hulling station,Supplier,
F-1114,1.0,Kayunga,1,yes,5.0,no,,no,,no,Agricultural Use,Agreement/lease,,no,,yes,,yes,,no,,,yes,,yes,,Yes,,no,,yes,,yes,,yes,,no,,2.3,1116.0,0.430588,950.0,900.0,2008-03-12 03:00:00Z,0-25%,75-100%,['Bananas'],,Rainfed,['Using Fertilizers'],3.0,0.0,0.0,3.0,0.0,0.0,1100.0,800.0,1500.0,1500.0,,1100.0,It's picked from your farm,Cooperative representative,
F-1115,1.0,Kayunga,2025-05-10 00:00:00,yes,6.0,no,,no,,no,Agricultural Use,Title,,no,,yes,,yes,,yes,yes,,yes,,yes,,yes,,no,,yes,,yes,,yes,,no,,3.216,1073.31872558593,0.630699,1000.0,80.0,2006-08-02 03:00:00Z,0-25%,75-100%,['Beans'],,Irrigated,['Using Fertilizers'],15.0,10.0,10.0,40.0,3.0,2.0,150.0,100.0,100.0,100.0,,150.0,It's picked from your farm,Supplier,
F-1116,,Luwero,4,Yes,5.0,No,,No,,Yes,100% Agricultural,Lease,,No,,Yes,,Yes,,No,,,No,No interaction with cultural leaders,Yes,,Yes,,No,No child labor employed,Yes,Irregular schedules due to seasonal work,Yes,,Yes,,No,No corruption observed,,,5.870219,2500.0,1125.0,1998-09-12 03:00:00Z,0-25%,75-100%,"Matoke, Groundnuts",,Rainfed,"Composting, Pest Management",6.0,3.0,0.0,3.0,5.0,0.0,,1097.0,,1295.0,,2204.0,Luwero,Local Trader,
F-1117,,Luwero,4,Yes,5.0,No,,No,,Yes,100% Agricultural,Lease,,No,,Yes,,Yes,,No,,,No,No interaction with cultural leaders,Yes,,Yes,,No,No child labor employed,Yes,Irregular schedules due to seasonal work,Yes,,Yes,,No,No corruption observed,,,5.870219,400.0,1125.0,1999-09-13 03:00:00Z,0-25%,75-100%,"Matoke, Groundnuts",,Rainfed,"Composting, Pest Management",6.0,3.0,0.0,3.0,5.0,0.0,,1097.0,,1295.0,,2204.0,Luwero,Local Trader,
F-1118,,Luwero,4,Yes,5.0,No,,No,,Yes,100% Agricultural,Lease,,No,,Yes,,Yes,,No,,,No,No interaction with cultural leaders,Yes,,Yes,,No,No child labor employed,Yes,Irregular schedules due to seasonal work,Yes,,Yes,,No,No corruption observed,,,1.554578,250.0,1125.0,2013-07-12 03:00:00Z,0-25%,75-100%,"Matoke, Groundnuts",,Rainfed,"Composting, Pest Management",6.0,3.0,0.0,3.0,5.0,0.0,,1097.0,,1295.0,,2204.0,Luwero,Local Trader,
F-1119,,Luwero,4,Yes,5.0,No,,No,,Yes,100% Agricultural,Lease,,No,,Yes,,Yes,,No,,,No,No interaction with cultural leaders,Yes,,Yes,,No,No child labor employed,Yes,Irregular schedules due to seasonal work,Yes,,Yes,,No,No corruption observed,,,3.294533,1200.0,1125.0,2008-10-12 03:00:00Z,0-25%,75-100%,"Matoke, Groundnuts",,Rainfed,"Composting, Pest Management",6.0,3.0,0.0,3.0,5.0,0.0,,1097.0,,1295.0,,2204.0,Luwero,Local Trader,
F-1120,,Luwero,3,No,3.0,No,,No,,No,100% Agricultural,Deed of Property,,No,,Yes,,Yes,,No,,,No,,Yes,,Yes,,No,No child labor employed,Yes,,Yes,,Yes,Unaware of tax obligations,No,No corruption observed,,,3.143016,300.0,2268.0,2003-05-08 03:00:00Z,0-25%,75-100%,"Bananas, Cassava",,Rainfed,"Mulching, Pruning",0.0,0.0,9.0,3.0,0.0,0.0,,215.0,,3497.0,,2161.0,Luwero,Local Trader,
F-1121,1.0,Luwero,1,no,8.0,no,,no,,yes,Agricultural Use,Customary,,no,,yes,,yes,,yes,yes,,yes,,yes,,yes,,no,,yes,,yes,,yes,,no,,1.9,1107.9,0.544728,1350.0,1350.0,2007-05-07 03:00:00Z,0-25%,75-100%,"['Bananas', 'Beans']",,Rainfed,"['Using Fertilizers', 'Pruning', 'Weeding', 'Intercropping']",1.0,1.0,1.0,4.0,1.0,0.0,500.0,450.0,1000.0,1000.0,,500.0,It's picked from your farm,Supplier,
F-1122,1.0,Luwero,2,yes,2.0,no,,no,,yes,Agricultural Use,Title,,no,,yes,,yes,,yes,yes,,yes,,yes,,yes,,no,,yes,,yes,,yes,,no,,1.072,1206.504,0.891966,100.0,100.0,2006-03-19 03:00:00Z,0-25%,75-100%,['Bananas'],,Rainfed,['Using Fertilizers'],1.0,1.0,0.0,2.0,0.0,0.0,80.0,90.0,90.0,90.0,,80.0,It's picked from your farm,Supplier,
F-1123,1.0,Luwero,1,yes,3.0,no,,no,,yes,Agricultural Use,Agreement/lease,,no,,yes,,yes,,yes,yes,,yes,,yes,,yes,,no,,yes,,yes,,yes,,no,,0.01,0.0,4.53191,1050.0,1000.0,2000-12-09 03:00:00Z,0-25%,75-100%,['Bananas'],,Rainfed,['Using Fertilizers'],1.0,2.0,0.0,3.0,3.0,0.0,100.0,200.0,250.0,250.0,,100.0,It's picked from your farm,Supplier,
F-1124,1.0,Kayunga,2,yes,3.0,no,,no,,no,Agricultural Use,Title,,no,,yes,,yes,,yes,yes,,yes,,yes,,yes,,no,,yes,,yes,,yes,,no,,7.504,1093.658203125,3.455005,550.0,500.0,2009-12-12 03:00:00Z,0-25%,75-100%,['Bananas'],,Rainfed,['Using Fertilizers'],0.0,0.0,0.0,0.0,0.0,0.0,50.0,45.0,100.0,100.0,,50.0,It's picked from your farm,Supplier,
F-1125,1.0,Kayunga,1,no,5.0,no,,no,,yes,Agricultural Use,Agreement/lease,,no,,yes,,yes,,yes,yes,,yes,,yes,,yes,,no,,yes,,yes,,yes,,no,,4.508,1035.5,0.64526,450.0,400.0,2000-04-13 03:00:00Z,0-25%,75-100%,['Bananas'],,Rainfed,['Weeding'],1.0,1.0,0.0,2.0,0.0,0.0,1500.0,600.0,1000.0,1000.0,,1500.0,It's picked from your farm,Supplier,
F-1126,1.0,Kayunga,1,yes,6.0,no,,no,,no,Natural forest,Customary,,no,,yes,,yes,,yes,yes,,yes,,yes,,yes,,no,,yes,,yes,,yes,,no,,2.369,1098.5,1.146759,1200.0,1000.0,1997-05-09 03:00:00Z,0-25%,75-100%,['Bananas'],,Rainfed,['Using Fertilizers'],1.0,1.0,1.0,3.0,0.0,0.0,1000.0,500.0,2000.0,2000.0,,1000.0,It's picked from your farm,Supplier,
F-1127,1.0,Kayunga,2,yes,1.0,no,,no,,no,Agricultural Use,Title,,no,,yes,,yes,,yes,yes,,yes,,yes,,yes,,no,,yes,,yes,,yes,,no,,9.648001,1099.63269042968,1.914461,450.0,100.0,2000-12-12 03:00:00Z,0-25%,75-100%,['Bananas'],,Rainfed,['Using Fertilizers'],0.0,0.0,0.0,0.0,0.0,0.0,50.0,45.0,100.0,100.0,,50.0,It's picked from your farm,Supplier,
F-1128,1.0,Kayunga,1,yes,5.0,no,,no,,no,Natural forest,Customary,,no,,yes,,yes,,yes,yes,,yes,,yes,,yes,,no,,yes,,yes,,yes,,no,,2.4,1089.9,1.8785,900.0,800.0,2014-09-09 03:00:00Z,0-25%,75-100%,['Bananas'],,Rainfed,['Using Fertilizers'],4.0,2.0,1.0,2.0,1.0,0.0,800.0,400.0,1600.0,1600.0,,800.0,It's picked from your farm,Supplier,
F-1129,1.0,Kayunga,1,yes,5.0,no,,no,,yes,Agricultural Use,Title,,no,,yes,,yes,,yes,yes,,yes,,yes,,yes,,no,,yes,,yes,,yes,,no,,10.407,1118.4,0.387961,400.0,200.0,1980-09-12 03:00:00Z,0-25%,75-100%,"['Bananas', 'Beans']",,Rainfed,"['Using Fertilizers', 'Pruning', 'Weeding', 'Intercropping']",1.0,2.0,1.0,2.0,0.0,0.0,2000.0,1000.0,4000.0,4000.0,,2000.0,It's picked from your farm,Supplier,
F-1130,1.0,Luwero,1,yes,3.0,no,,no,,yes,Agricultural Use,Agreement/lease,,no,,yes,,yes,,no,,,yes,,yes,,yes,,no,,yes,,yes,,yes,,no,,14.5,1108.0,1.953834,1250.0,1200.0,2010-09-21 03:00:00Z,0-25%,75-100%,['Bananas'],,Rainfed,"['Pruning', 'Weeding', 'Intercropping']",0.0,3.0,0.0,3.0,3.0,0.0,1250.0,1200.0,2700.0,2700.0,,1250.0,It's picked from your farm,Supplier,
F-1131,,Luwero,2,No,7.0,No,,No,,Yes,100% Agricultural,Customary,,No,,Yes,,Yes,,No,,,Yes,No interaction with cultural leaders,Yes,,Yes,,No,No child labor employed,Yes,,Yes,,Yes,,No,No corruption observed,,,4.130223,550.0,962.0,2008-03-20 03:00:00Z,0-25%,75-100%,,,Rainfed,"Intercropping, Soil Testing",9.0,8.0,8.0,4.0,9.0,0.0,,257.0,,2895.0,,1933.0,Luwero,Local Trader,
F-1132,,Luwero,2,No,7.0,No,,No,,Yes,100% Agricultural,Customary,,No,,Yes,,Yes,,No,,,Yes,No interaction with cultural leaders,Yes,,Yes,,No,No child labor employed,Yes,,Yes,,Yes,,No,No corruption observed,,,1.7594,700.0,962.0,2010-08-05 03:00:00Z,0-25%,75-100%,,,Rainfed,"Intercropping, Soil Testing",9.0,8.0,8.0,4.0,9.0,0.0,,257.0,,2895.0,,1933.0,Luwero,Local Trader,
F-1133,,Luwero,2,No,7.0,No,,No,,Yes,100% Agricultural,Customary,,No,,Yes,,Yes,,No,,,Yes,No interaction with cultural leaders,Yes,,Yes,,No,No child labor employed,Yes,,Yes,,Yes,,No,No corruption observed,,,4.130223,1500.0,962.0,2018-05-02 03:00:00Z,0-25%,75-100%,,,Rainfed,"Intercropping, Soil Testing",9.0,8.0,8.0,4.0,9.0,0.0,,257.0,,2895.0,,1933.0,Luwero,Local Trader,
F-1134,1.0,Luwero,1,yes,3.0,no,,no,,no,Agricultural Use,Agreement/lease,,no,,yes,,yes,,yes,yes,,yes,,yes,,yes,,no,,yes,,yes,,yes,,no,,0.905,1128.13,0.763453,750.0,700.0,1995-06-13 03:00:00Z,0-25%,75-100%,['Bananas'],,Rainfed,"['Pruning', 'Weeding', 'Intercropping']",0.0,2.0,0.0,2.0,2.0,0.0,600.0,800.0,900.0,900.0,,600.0,It's picked from your farm,Supplier,
F-1135,1.0,Luwero,1,yes,2.0,no,,no,,yes,Agricultural Use,Customary,,no,,yes,,yes,,yes,yes,,yes,,yes,,yes,,no,,yes,,yes,,yes,,no,,1.886,1217.741,0.540309,250.0,200.0,2016-03-02 03:00:00Z,0-25%,75-100%,['Bananas'],,Rainfed,['Intercropping'],1.0,2.0,1.0,3.0,2.0,0.0,100.0,100.0,100.0,100.0,,100.0,It's picked from your farm,Supplier,
F-1136,1.0,Luwero,1,yes,11.0,no,,no,,yes,Agricultural Use,Title,,no,,yes,,yes,,yes,yes,,yes,,yes,,yes,,no,,yes,,yes,,yes,,no,,4.626,1103.849,0.629383,3490.0,3440.0,1989-05-12 03:00:00Z,0-25%,75-100%,['Bananas'],,Rainfed,"['Weeding', 'Pruning']",4.0,0.0,4.0,4.0,0.0,0.0,1300.0,1600.0,2000.0,2100.0,2300.0,2500.0,It's picked from your farm,Supplier,
F-1137,1.0,Kayunga,2025-05-10 00:00:00,yes,10.0,no,,no,,no,Agricultural Use,Title,,no,,yes,,yes,,yes,yes,,yes,,yes,,yes,,no,,yes,,yes,,yes,,no,,0.6815705,1076.23,3.887928,9000.0,500.0,2009-09-12 03:00:00Z,0-25%,75-100%,['Beans'],,Irrigated,['Using Fertilizers'],4.0,5.0,9.0,14.0,3.0,3.0,19.0,50.0,100.0,100.0,,19.0,It's picked from your farm,other,
F-1138,1.0,Luwero,1,yes,5.0,no,,no,,yes,Agricultural Use,Agreement/lease,,no,,yes,,yes,,yes,yes,,yes,,yes,,yes,,no,,yes,,yes,,yes,,no,,4.316,1098.3,7.313517,1050.0,1000.0,2000-03-30 03:00:00Z,0-25%,75-100%,['Bananas'],,Rainfed,['Using Fertilizers'],3.0,2.0,3.0,2.0,5.0,0.0,200.0,250.0,200.0,250.0,60.0,60.0,It's picked from your farm,Supplier,
F-1139,1.0,Luwero,1,yes,2.0,no,,no,,yes,Agricultural Use,Agreement/lease,,no,,yes,,yes,,yes,yes,,yes,,yes,,yes,,no,,yes,,yes,,yes,,no,,1.925,1093.1,2.33798,1050.0,1000.0,1996-02-10 03:00:00Z,0-25%,75-100%,['Bananas'],,Rainfed,['Using Fertilizers'],0.0,2.0,0.0,2.0,2.0,0.0,200.0,250.0,200.0,200.0,,200.0,It's picked from your farm,Supplier,
F-1140,1.0,Luwero,1,yes,4.0,no,,no,,yes,Agricultural Use,Title,,no,,yes,,yes,,no,,,yes,,yes,,yes,,no,,yes,,yes,,yes,,no,,16.564,1135.649,0.563001,625.0,600.0,2009-02-22 03:00:00Z,0-25%,75-100%,['Bananas'],,Rainfed,"['Pruning', 'Weeding']",1.0,1.0,0.0,2.0,0.0,0.0,500.0,250.0,1000.0,1000.0,,500.0,somewhere else,other,
F-1141,1.0,Luwero,More than 10,no,6.0,no,,no,,yes,Agricultural Use,Agreement/lease,,no,,yes,,yes,,no,,,yes,,yes,,yes,,no,,yes,,yes,,yes,,no,,9.8,1087.3,0.392007,450.0,100.0,1988-10-02 03:00:00Z,0-25%,75-100%,"['Bananas', 'Beans']",,Both(Rainfed+Irrigated),['Pruning'],2.0,1.0,1.0,1.0,1.0,1.0,3500.0,3150.0,7000.0,7000.0,,3500.0,It's picked from your farm,Supplier,
F-1142,1.0,Kayunga,2025-05-10 00:00:00,yes,3.0,no,,no,,no,Agricultural Use,Agreement/lease,,no,,yes,,yes,,yes,yes,,yes,,yes,,yes,,no,,yes,,yes,,yes,,no,,3.216,1060.80639648437,0.818982,100.0,80.0,2007-01-15 03:00:00Z,0-25%,75-100%,['Beans'],,Irrigated,['Using Fertilizers'],15.0,10.0,10.0,40.0,3.0,2.0,150.0,150.0,100.0,100.0,,150.0,It's picked from your farm,Supplier,
F-1143,,Luwero,2,No,4.0,No,,No,,Yes,100% Agricultural,Lease,,No,,Yes,,Yes,,No,,,No,No interaction with cultural leaders,Yes,,Yes,,No,No child labor employed,Yes,,Yes,,Yes,,No,No corruption observed,,,4.005423,300.0,1192.0,2013-01-13 03:00:00Z,0-25%,75-100%,"Matoke, Groundnuts",,Rainfed,"Mulching, Pruning",0.0,3.0,5.0,0.0,2.0,0.0,,1395.0,,4677.0,,467.0,Luwero,Local Trader,
F-1144,1.0,Luwero,1,yes,7.0,no,,no,,yes,Agricultural Use,Agreement/lease,,no,,yes,,yes,,yes,yes,,yes,,yes,,yes,,no,,yes,,yes,,yes,,no,,17.0,1153.0,0.868329,360.0,100.0,2010-02-16 03:00:00Z,0-25%,75-100%,['Bananas'],,Rainfed,"['Pruning', 'Using Fertilizers', 'Weeding']",0.0,5.0,0.0,5.0,0.0,0.0,500.0,1000.0,1000.0,1000.0,,500.0,It's picked from your farm,Supplier,
F-1145,1.0,Luwero,1,yes,3.0,no,,no,,yes,Agricultural Use,Agreement/lease,,no,,yes,,yes,,no,,,yes,,yes,,yes,,no,,yes,,yes,,yes,,no,,19.286,1086.121,2.688136,650.0,600.0,2000-04-14 03:00:00Z,0-25%,75-100%,['Bananas'],,Rainfed,['Intercropping'],1.0,1.0,2.0,3.0,0.0,0.0,500.0,300.0,1000.0,1000.0,,500.0,It's picked from your farm,Supplier,
F-1146,1.0,Luwero,1,no,5.0,no,,no,,yes,Agricultural Use,Customary,,no,,yes,,yes,,yes,yes,,yes,,yes,,yes,,no,,yes,,yes,,yes,,no,,1.3278948,1136.032,0.760977,300.0,150.0,2018-03-02 03:00:00Z,0-25%,75-100%,['Bananas'],,Rainfed,['Intercropping'],2.0,2.0,1.0,4.0,1.0,0.0,100.0,50.0,200.0,200.0,,100.0,It's picked from your farm,Supplier,
F-1147,1.0,Kayunga,1,yes,8.0,no,,no,,no,Agricultural Use,Customary,,no,,yes,,yes,,no,,,yes,,yes,,yes,,no,,yes,,yes,,yes,,no,,0.9868589,1049.252,0.700256,1700.0,1500.0,2012-05-08 03:00:00Z,0-25%,75-100%,['Bananas'],,Rainfed,"['Using Fertilizers', 'Pruning', 'Weeding', 'Intercropping']",8.0,4.0,4.0,8.0,12.0,0.0,3000.0,1350.0,3000.0,3000.0,,3000.0,It's picked from your farm,Supplier,
F-1148,1.0,Luwero,2,yes,6.0,no,,no,,yes,Agricultural Use,Agreement/lease,,no,,yes,,yes,,yes,yes,,yes,,yes,,yes,,no,,yes,,yes,,yes,,no,,15.0,1125.0,1.599752,360.0,100.0,2010-07-14 03:00:00Z,0-25%,75-100%,['Bananas'],,Rainfed,"['Using Fertilizers', 'Pruning', 'Weeding']",3.0,1.0,4.0,4.0,0.0,0.0,750.0,1300.0,1800.0,1800.0,,750.0,At a hulling station,Hulling Station representative,
F-1149,1.0,Kayunga,2,yes,1.0,no,,no,,no,Natural forest,Title,,no,,yes,,yes,,yes,yes,,yes,,yes,,yes,,no,,yes,,yes,,yes,,no,,16.08,1094.89086914062,0.106974,550.0,500.0,2010-12-12 03:00:00Z,0-25%,75-100%,"['Bananas', 'Beans']",,Rainfed,['Using Fertilizers'],0.0,0.0,0.0,0.0,0.0,0.0,50.0,45.0,100.0,100.0,,50.0,It's picked from your farm,Supplier,
F-1150,1.0,Kayunga,1,no,6.0,no,,no,,no,Natural forest,Customary,,no,,yes,,yes,,yes,yes,,yes,,yes,,yes,,no,,yes,,yes,,yes,,no,,1.54,1096.4,0.561572,800.0,600.0,1996-03-05 03:00:00Z,0-25%,75-100%,['Bananas'],,Rainfed,['Using Fertilizers'],1.0,1.0,3.0,2.0,0.0,0.0,800.0,400.0,1600.0,1600.0,,800.0,It's picked from your farm,Supplier,
F-1151,1.0,Kayunga,1,yes,1.0,no,,no,,no,Agricultural Use,Title,,no,,yes,,yes,,yes,yes,,yes,,yes,,yes,,no,,yes,,yes,,yes,,no,,3.454,1081.1,0.775392,950.0,900.0,2011-11-02 03:00:00Z,0-25%,75-100%,"['Bananas', 'Tobacco']",,Rainfed,"['Using Fertilizers', 'Weeding', 'Intercropping']",0.0,1.0,0.0,1.0,0.0,0.0,900.0,500.0,1800.0,1800.0,,900.0,It's picked from your farm,Supplier,
F-1152,,Nakaseke,1,Yes,7.0,No,,No,,Yes,100% Agricultural,Customary,,No,,Yes,,Yes,,No,,,No,,Yes,,Yes,,No,No child labor employed,Yes,,Yes,Lack of training on rights,Yes,Unaware of tax obligations,No,No corruption observed,,,3.220042,80.0,2269.0,2000-02-02 03:00:00Z,0-25%,75-100%,"Matoke, Groundnuts",,Rainfed,"Composting, Pest Management",1.0,2.0,7.0,1.0,7.0,0.0,,844.0,,529.0,,1274.0,Nakaseke,Local Trader,
F-1153,1.0,Kayunga,1,no,10.0,no,,no,,yes,Agricultural Use,Agreement/lease,,no,,yes,,yes,,yes,yes,,yes,,yes,,yes,,no,,yes,,yes,,yes,,no,,1.525,1052.8,2.080825,1200.0,1000.0,2000-08-09 03:00:00Z,0-25%,75-100%,"['Bananas', 'Beans']",,Rainfed,"['Pruning', 'Weeding', 'Intercropping', 'Using Fertilizers']",2.0,2.0,3.0,1.0,5.0,0.0,450.0,500.0,2000.0,2200.0,500.0,600.0,It's picked from your farm,Supplier,
F-1154,1.0,Kayunga,1,yes,5.0,no,,no,,no,Natural forest,Customary,,no,,yes,,yes,,yes,yes,,yes,,yes,,yes,,no,,yes,,yes,,yes,,no,,2.65,1098.8,0.672177,900.0,800.0,2001-09-09 03:00:00Z,0-25%,75-100%,['Bananas'],,Rainfed,['Using Fertilizers'],1.0,1.0,2.0,2.0,1.0,2.0,800.0,400.0,1600.0,1600.0,,800.0,It's picked from your farm,Supplier,
F-1155,1.0,Kayunga,1,yes,12.0,no,,no,,yes,Agricultural Use,Agreement/lease,,no,,yes,,yes,,yes,yes,,yes,,yes,,yes,,no,,yes,,yes,,yes,,no,,1.975,1047.7,1.297633,2400.0,2200.0,1999-08-09 03:00:00Z,0-25%,75-100%,['Bananas'],,Rainfed,"['Using Fertilizers', 'Weeding', 'Pruning']",7.0,2.0,10.0,3.0,11.0,0.0,1500.0,1800.0,4000.0,4500.0,2000.0,2200.0,It's picked from your farm,Supplier,
F-1156,1.0,Luwero,1,no,6.0,no,,no,,yes,Agricultural Use,Agreement/lease,,no,,yes,,yes,,no,,,yes,,yes,,yes,,no,,yes,,yes,,yes,,no,,9.5,1088.0,0.283801,1250.0,1200.0,2010-02-11 03:00:00Z,0-25%,75-100%,['Bananas'],,Rainfed,"['Pruning', 'Weeding', 'Intercropping']",2.0,2.0,0.0,4.0,4.0,0.0,1250.0,1200.0,2700.0,2700.0,,1250.0,At a hulling station,Supplier,
F-1157,1.0,Luwero,1,yes,4.0,no,,no,,yes,Agricultural Use,Customary,,no,,yes,,yes,,no,,,yes,,yes,,yes,,no,,yes,,yes,,yes,,no,,9.845,1099.0,0.328843,450.0,200.0,2019-09-12 03:00:00Z,0-25%,75-100%,['Bananas'],,Rainfed,['Intercropping'],2.0,2.0,0.0,4.0,0.0,0.0,40.0,500.0,200.0,200.0,,40.0,It's picked from your farm,Supplier,
F-1158,1.0,Luwero,1,no,3.0,no,,no,,yes,Agricultural Use,Customary,,no,,yes,,yes,,no,,,yes,,yes,,yes,,no,,yes,,yes,,yes,,no,,12.608,1122.222,1.425261,1400.0,1350.0,1996-08-20 03:00:00Z,0-25%,75-100%,"['Beans', 'Bananas']",,Rainfed,"['Pruning', 'Weeding', 'Intercropping']",1.0,1.0,2.0,1.0,2.0,0.0,750.0,675.0,1500.0,1500.0,,750.0,It's picked from your farm,Supplier,
F-1159,1.0,Luwero,1,yes,3.0,no,,no,,yes,Agricultural Use,Agreement/lease,,no,,yes,,yes,,no,,,yes,,yes,,yes,,no,,yes,,yes,,yes,,no,,10.5,1078.0,2.08202,1290.0,1240.0,2009-10-13 03:00:00Z,0-25%,75-100%,['Bananas'],,Rainfed,"['Pruning', 'Weeding', 'Intercropping']",1.0,2.0,0.0,3.0,3.0,0.0,1400.0,1300.0,2800.0,2800.0,,1400.0,It's picked from your farm,Supplier,
F-1160,,Luwero,1,Yes,10.0,no,,No,,Yes,100% Agricultural,Other,,No,,No,,Yes,,No,,,No,No interaction with cultural leaders,Yes,,Yes,,No,No child labor employed,Yes,,Yes,,No,,No,No corruption observed,,,3.521618,1000.0,636.0,,0-25%,75-100%,"Bananas, Cassava",,Rainfed,"Composting, Pest Management",13.0,1.0,10.0,2.0,8.0,0.0,,1605.0,,4503.0,,1172.0,Luwero,Local Trader,
F-1161,,Nakaseke,1,No,3.0,No,,No,,Yes,100% Agricultural,Lease,,No,,No,,Yes,,No,,,Yes,,Yes,Issues with equal pay reported,Yes,,No,No child labor employed,Yes,,Yes,Lack of training on rights,Yes,,No,No corruption observed,,,3.074585,142.0,1466.0,1995-09-13 03:00:00Z,0-25%,75-100%,,,Rainfed,"Mulching, Pruning",11.0,6.0,5.0,5.0,8.0,0.0,,836.0,,4792.0,,106.0,Nakaseke,Local Trader,
F-1162,,Luwero,3,Yes,6.0,No,,No,,Yes,100% Agricultural,Lease,,No,,No,,Yes,,No,,,Yes,No interaction with cultural leaders,Yes,,Yes,,No,No child labor employed,Yes,Irregular schedules due to seasonal work,No,,Yes,Unaware of tax obligations,No,No corruption observed,,,4.729155,800.0,272.0,,0-25%,75-100%,,,Rainfed,"Mulching, Pruning",3.0,0.0,5.0,1.0,3.0,0.0,,1495.0,,3733.0,,710.0,Luwero,Local Trader,
F-1163,1.0,Kayunga,1,no,7.0,no,,no,,yes,Agricultural Use,Title,,no,,yes,,yes,,yes,yes,,yes,,yes,,yes,,no,,yes,,yes,,yes,,no,,3.181,1097.5,1.36213,850.0,800.0,2004-07-16 03:00:00Z,0-25%,75-100%,"['Bananas', 'Beans', 'other']",cassava,Rainfed,"['Using Fertilizers', 'Pruning', 'Weeding', 'Intercropping']",1.0,3.0,2.0,2.0,0.0,0.0,800.0,760.0,1600.0,1600.0,,800.0,It's picked from your farm,Supplier,
F-1164,1.0,Kayunga,1,yes,6.0,no,,no,,no,Natural forest,Customary,,no,,yes,,yes,,yes,yes,,yes,,yes,,yes,,no,,yes,,yes,,yes,,no,,9.03,1093.4,0.724306,1200.0,1000.0,2001-08-08 03:00:00Z,0-25%,75-100%,['Bananas'],,Rainfed,['Using Fertilizers'],1.0,1.0,1.0,2.0,0.0,0.0,1000.0,500.0,2000.0,2000.0,,1000.0,It's picked from your farm,Supplier,
F-1165,1.0,Kayunga,1,yes,2.0,no,,no,,yes,Agricultural Use,Agreement/lease,,no,,yes,,yes,,no,,,yes,,yes,,Yes,,no,,yes,,yes,,yes,,no,,9.156,1116.8,0.80816,850.0,800.0,2010-05-12 03:00:00Z,0-25%,75-100%,['Bananas'],,Rainfed,['Using Fertilizers'],0.0,0.0,0.0,1.0,0.0,0.0,500.0,300.0,700.0,700.0,,500.0,It's picked from your farm,Cooperative representative,
F-1166,1.0,Kayunga,1,no,2.0,no,,no,,yes,Agricultural Use,Agreement/lease,,no,,yes,,yes,,yes,yes,,yes,,yes,,yes,,no,,yes,,yes,,yes,,no,,1.75,1032.0,1.082491,900.0,500.0,2020-04-21 03:00:00Z,0-25%,75-100%,['Bananas'],,Rainfed,['Weeding'],1.0,1.0,0.0,2.0,0.0,0.0,1300.0,800.0,1000.0,1000.0,,1300.0,It's picked from your farm,Supplier,
F-1167,1.0,Kayunga,1,yes,4.0,no,,no,,yes,Agricultural Use,Customary,,no,,yes,,yes,,no,,,yes,,yes,,yes,,no,,yes,,yes,,yes,,no,,3.3,1204.7,0.458792,1250.0,1200.0,2001-08-12 03:00:00Z,0-25%,75-100%,['Beans'],,Rainfed,"['Intercropping', 'Weeding']",5.0,4.0,1.0,5.0,9.0,0.0,1300.0,1250.0,2600.0,2600.0,,1300.0,It's picked from your farm,Supplier,
F-1168,1.0,Kayunga,1,yes,2.0,no,,no,,yes,Agricultural Use,Customary,,no,,yes,,yes,,no,,,yes,,yes,,yes,,no,,yes,,yes,,yes,,no,,2.6,1064.3,0.308773,1050.0,1000.0,2001-05-12 03:00:00Z,0-25%,75-100%,"['Bananas', 'Sorghum', 'Beans']",,Rainfed,"['Intercropping', 'Weeding']",3.0,2.0,1.0,4.0,5.0,0.0,1000.0,850.0,2000.0,2000.0,,1000.0,It's picked from your farm,Supplier,
F-1169,1.0,Kayunga,1,yes,4.0,no,,no,,yes,Agricultural Use,Agreement/lease,,no,,yes,,yes,,no,,,yes,,yes,,yes,,no,,yes,,yes,,yes,,no,,2.5,1098.8,0.288359,1150.0,1100.0,2011-05-12 03:00:00Z,0-25%,75-100%,['Bananas'],,Rainfed,"['Intercropping', 'Weeding', 'Pruning', 'Using Fertilizers']",3.0,2.0,1.0,4.0,5.0,0.0,1250.0,1100.0,2500.0,2500.0,,1250.0,At a hulling station,Supplier,
F-1170,1.0,Kayunga,1,no,5.0,no,,no,,no,Natural forest,Customary,,no,,yes,,yes,,yes,yes,,yes,,yes,,yes,,no,,yes,,yes,,yes,,no,,7.553,1081.8,1.791743,900.0,800.0,2015-09-09 03:00:00Z,0-25%,75-100%,['Bananas'],,Rainfed,['Using Fertilizers'],1.0,2.0,1.0,2.0,1.0,1.0,800.0,400.0,1600.0,1600.0,,800.0,It's picked from your farm,Supplier,
F-1171,1.0,Luwero,More than 10,yes,7.0,no,,no,,yes,Agricultural Use,Agreement/lease,,no,,yes,,yes,,no,,,yes,,yes,,yes,,no,,yes,,yes,,yes,,no,,4.4,1110.6,0.941398,450.0,100.0,2011-10-07 03:00:00Z,0-25%,75-100%,['Bananas'],,Rainfed,['Intercropping'],1.0,1.0,1.0,1.0,1.0,1.0,500.0,450.0,9000.0,9000.0,,500.0,It's picked from your farm,Supplier,
F-1172,1.0,Luwero,1,yes,4.0,no,,no,,yes,Agricultural Use,Agreement/lease,,no,,yes,,yes,,yes,yes,,yes,,yes,,yes,,no,,yes,,yes,,yes,,no,,1.54,1095.4,0.9426,1050.0,1000.0,2000-05-11 03:00:00Z,0-25%,75-100%,['Bananas'],,Rainfed,['Using Fertilizers'],2.0,2.0,2.0,2.0,4.0,0.0,200.0,250.0,200.0,200.0,,200.0,It's picked from your farm,Supplier,
F-1173,1.0,Kayunga,1,yes,7.0,no,,no,,no,Agricultural Use,Agreement/lease,,no,,yes,,yes,,no,,,yes,,yes,,Yes,,no,,yes,,yes,,yes,,no,,2.7,1119.0,0.4214,850.0,800.0,2012-05-12 03:00:00Z,0-25%,75-100%,['Bananas'],,Rainfed,['Using Fertilizers'],2.0,0.0,0.0,2.0,0.0,0.0,800.0,500.0,900.0,900.0,,800.0,It's picked from your farm,Cooperative representative,
F-1174,,Luwero,,,,no,,no,,,Agricultural Use,Title,,no,,yes,,yes,,no,,,yes,,,,Yes,,no,,yes,,yes,,yes,,no,,1.504,1111.417,4.184666,450.0,450.0,2004-08-28 03:00:00Z,0-25%,75-100%,[''],,Rainfed,[''],1.0,1.0,2.0,1.0,2.0,,150.0,135.0,300.0,300.0,,150.0,It's picked from your farm,other,
F-1175,1.0,Luwero,2,no,8.0,no,,no,,yes,Agricultural Use,Customary,,no,,yes,,yes,,no,,,yes,,yes,,yes,,no,,yes,,yes,,yes,,no,,2.707,1129.976,4.184666,950.0,900.0,2001-08-20 03:00:00Z,0-25%,75-100%,['Bananas'],,Rainfed,"['Pruning', 'Weeding', 'Intercropping']",1.0,1.0,2.0,1.0,2.0,0.0,350.0,315.0,700.0,700.0,,350.0,It's picked from your farm,Supplier,
F-1176,1.0,Luwero,1,yes,5.0,no,,no,,yes,Agricultural Use,Agreement/lease,,no,,yes,,yes,,no,,,yes,,yes,,yes,,no,,yes,,yes,,yes,,no,,10.7,1141.0,1.097377,360.0,100.0,2018-01-24 03:00:00Z,0-25%,75-100%,['Bananas'],,Rainfed,"['Pruning', 'Weeding']",2.0,3.0,0.0,5.0,0.0,0.0,500.0,1500.0,2000.0,2000.0,,500.0,At a hulling station,Hulling Station representative,
F-1177,1.0,Luwero,1,yes,5.0,no,,no,,yes,Agricultural Use,Title,,no,,yes,,yes,,yes,yes,,yes,,yes,,yes,,no,,yes,,yes,,yes,,no,,2.41,1182.37,0.640361,1150.0,1000.0,2016-02-20 03:00:00Z,0-25%,50-75%,['Bananas'],,Rainfed,"['Pruning', 'Weeding', 'Intercropping']",2.0,2.0,0.0,4.0,0.0,0.0,,500.0,,2000.0,,1000.0,At a hulling station,Hulling Station representative,
F-1178,1.0,Luwero,1,no,2.0,no,,no,,yes,Agricultural Use,Customary,,no,,yes,,yes,,yes,yes,,yes,,yes,,yes,,no,,yes,,yes,,yes,,no,,3.485,1144.7,0.759117,1350.0,1350.0,2007-07-08 03:00:00Z,0-25%,75-100%,"['Bananas', 'Beans']",,Rainfed,"['Using Fertilizers', 'Pruning', 'Weeding', 'Intercropping']",2.0,0.0,1.0,4.0,1.0,0.0,500.0,450.0,1000.0,1000.0,,500.0,It's picked from your farm,Supplier,
F-1179,1.0,Kayunga,1,yes,6.0,no,,no,,yes,Agricultural Use,Title,,no,,yes,,yes,,yes,yes,,yes,,yes,,yes,,no,,yes,,yes,,yes,,no,,5.2,1139.5,0.419422,500.0,450.0,1950-10-08 03:00:00Z,0-25%,75-100%,"['Bananas', 'Beans']",,Rainfed,"['Using Fertilizers', 'Pruning', 'Weeding', 'Intercropping']",1.0,2.0,2.0,5.0,0.0,0.0,2000.0,1000.0,4000.0,4000.0,,2000.0,It's picked from your farm,Supplier,
F-1180,1.0,Luwero,1,no,4.0,no,,no,,yes,Agricultural Use,Customary,,no,,yes,,yes,,yes,yes,,yes,,yes,,yes,,no,,yes,,yes,,yes,,no,,7.8,1144.2,1.930648,1350.0,1350.0,2008-06-07 03:00:00Z,0-25%,75-100%,"['Bananas', 'Beans']",,Rainfed,"['Using Fertilizers', 'Pruning', 'Weeding', 'Intercropping']",2.0,0.0,1.0,5.0,2.0,0.0,500.0,450.0,1000.0,1000.0,,500.0,It's picked from your farm,Supplier,
F-1181,1.0,Kayunga,1,yes,6.0,no,,no,,yes,Agricultural Use,Customary,,no,,yes,,yes,,yes,yes,,yes,,yes,,yes,,no,,yes,,yes,,yes,,no,,13.2,1068.4,0.361802,1000.0,1000.0,2008-07-09 03:00:00Z,0-25%,75-100%,['Bananas'],,Rainfed,"['Using Fertilizers', 'Pruning', 'Weeding', 'Intercropping']",4.0,1.0,4.0,1.0,5.0,0.0,1000.0,800.0,2000.0,2000.0,,1000.0,It's picked from your farm,Supplier,
F-1182,1.0,Luwero,1,yes,3.0,no,,no,,yes,Agricultural Use,Title,,no,,yes,,yes,,no,,,yes,,yes,,yes,,no,,yes,,yes,,yes,,no,,1.04,1124.059,0.949687,1730.0,1680.0,2000-05-08 03:00:00Z,0-25%,75-100%,['Bananas'],,Rainfed,['Weeding'],0.0,1.0,0.0,1.0,1.0,0.0,1800.0,1680.0,3600.0,3600.0,,1800.0,It's picked from your farm,Supplier,
F-1183,1.0,Kayunga,2025-05-10 00:00:00,yes,5.0,no,,no,,no,Agricultural Use,Title,,no,,yes,,yes,,yes,yes,,yes,,yes,,yes,,no,,yes,,yes,,yes,,no,,3.216,1074.77209472656,0.592808,200.0,70.0,2004-05-10 03:00:00Z,0-25%,75-100%,['Beans'],,Irrigated,['Using Fertilizers'],15.0,10.0,10.0,40.0,3.0,2.0,200.0,200.0,150.0,150.0,,200.0,It's picked from your farm,Supplier,
F-1184,1.0,Luwero,1,yes,2.0,no,,no,,yes,Agricultural Use,Customary,,no,,yes,,yes,,yes,yes,,yes,,yes,,yes,,no,,yes,,yes,,yes,,no,,6.717853,1113.247,0.655015,400.0,100.0,2018-03-02 03:00:00Z,0-25%,75-100%,['Bananas'],,Rainfed,['Intercropping'],1.0,1.0,1.0,2.0,1.0,0.0,50.0,50.0,100.0,100.0,,50.0,It's picked from your farm,Supplier,
F-1185,1.0,Kayunga,1,yes,8.0,no,,no,,yes,Agricultural Use,Agreement/lease,,no,,yes,,yes,,no,,,yes,,yes,,yes,,no,,yes,,yes,,yes,,no,,1.0596043,1059.235,0.85417,1200.0,1000.0,2000-05-08 03:00:00Z,0-25%,75-100%,['Bananas'],,Rainfed,"['Using Fertilizers', 'Weeding', 'Intercropping']",6.0,4.0,4.0,6.0,10.0,0.0,900.0,900.0,2000.0,2000.0,1000.0,1000.0,It's picked from your farm,Supplier,
F-1186,1.0,Kayunga,2,no,2.0,no,,no,,no,Agricultural Use,Title,,no,,yes,,yes,,yes,yes,,yes,,yes,,yes,,no,,yes,,yes,,yes,,no,,3.216,1098.955078125,0.345385,150.0,100.0,2009-12-12 03:00:00Z,0-25%,75-100%,['Bananas'],,Rainfed,['Using Fertilizers'],0.0,0.0,0.0,0.0,0.0,0.0,50.0,45.0,100.0,100.0,,50.0,It's picked from your farm,Supplier,
F-1187,1.0,Luwero,1,yes,4.0,no,,no,,yes,Agricultural Use,Agreement/lease,,no,,yes,,yes,,yes,yes,,yes,,yes,,yes,,no,,yes,,yes,,yes,,no,,1.807,1089.3,2.715226,1050.0,1000.0,2000-09-09 03:00:00Z,0-25%,75-100%,['Bananas'],,Rainfed,['Using Fertilizers'],3.0,1.0,2.0,2.0,1.0,3.0,200.0,200.0,300.0,300.0,50.0,50.0,It's picked from your farm,Supplier,
F-1188,1.0,Luwero,1,yes,6.0,no,,no,,yes,Agricultural Use,Agreement/lease,,no,,yes,,yes,,no,,,yes,,yes,,yes,,no,,yes,,yes,,yes,,no,,19.5,1082.0,1.081851,1250.0,1200.0,2009-09-12 03:00:00Z,0-25%,75-100%,['Bananas'],,Rainfed,"['Using Fertilizers', 'Pruning', 'Weeding', 'Intercropping']",0.0,3.0,0.0,3.0,3.0,0.0,1250.0,1200.0,2700.0,2700.0,,1250.0,It's picked from your farm,Supplier,
F-1189,1.0,Luwero,1,yes,3.0,no,,no,,yes,Agricultural Use,Customary,,no,,yes,,yes,,yes,yes,,yes,,yes,,yes,,no,,yes,,yes,,yes,,no,,1.6398025,1227.75,0.111818,250.0,200.0,2014-03-02 03:00:00Z,0-25%,75-100%,['Bananas'],,Rainfed,['Intercropping'],1.0,2.0,1.0,3.0,1.0,0.0,100.0,200.0,200.0,200.0,,100.0,It's picked from your farm,Supplier,
F-1190,,Nakaseke,5,No,6.0,No,,No,,No,100% Agricultural,Customary,,No,,Yes,,Yes,,No,,,No,No interaction with cultural leaders,Yes,,Yes,,No,No child labor employed,No,,Yes,,Yes,,No,No corruption observed,,,3.514441,100.0,4240.0,2018-09-12 03:00:00Z,0-25%,75-100%,"Maize, Beans",,Irrigated,"Intercropping, Soil Testing",0.0,6.0,7.0,3.0,0.0,0.0,,1738.0,,379.0,,2271.0,Nakaseke,Local Trader,
F-1191,1.0,Kayunga,1,yes,5.0,no,,no,,yes,Natural forest,Customary,,no,,yes,,yes,,yes,yes,,yes,,yes,,yes,,no,,yes,,yes,,yes,,no,,2.114,1094.1,0.132688,800.0,600.0,2008-09-09 03:00:00Z,0-25%,75-100%,['Bananas'],,Rainfed,['Using Fertilizers'],1.0,1.0,1.0,2.0,1.0,0.0,600.0,300.0,1200.0,1200.0,,600.0,It's picked from your farm,Supplier,
F-1192,1.0,Kayunga,1,yes,6.0,no,,no,,yes,Agricultural Use,Customary,,no,,yes,,yes,,no,,,yes,,yes,,yes,,no,,yes,,yes,,yes,,no,,17.409,1050.8,0.972879,1050.0,1000.0,2006-09-13 03:00:00Z,0-25%,75-100%,"['Bananas', 'Beans']",,Rainfed,"['Intercropping', 'Weeding']",4.0,2.0,4.0,2.0,6.0,0.0,1000.0,850.0,2000.0,2000.0,,1000.0,It's picked from your farm,Supplier,
F-1193,1.0,Kayunga,1,no,10.0,no,,no,,no,Agricultural Use,Title,,no,,yes,,yes,,no,,,yes,,yes,,yes,,no,,yes,,yes,,yes,,no,,8.812,1065.9,0.184184,730.0,680.0,2000-03-11 03:00:00Z,0-25%,75-100%,"['Bananas', 'Beans', 'other']",cassava,Rainfed,"['Using Fertilizers', 'Weeding', 'Intercropping']",2.0,2.0,2.0,2.0,0.0,0.0,650.0,600.0,1300.0,1300.0,,650.0,It's picked from your farm,Supplier,
F-1194,1.0,Luwero,1,no,5.0,no,,no,,yes,Agricultural Use,Customary,,no,,yes,,yes,,no,,,yes,,yes,,yes,,no,,yes,,yes,,yes,,no,,2.359,1128.253,0.883527,1400.0,1350.0,1998-04-14 03:00:00Z,0-25%,75-100%,['Bananas'],,Rainfed,"['Pruning', 'Weeding', 'Intercropping']",1.0,0.0,1.0,1.0,1.0,0.0,1000.0,450.0,1000.0,1000.0,,1000.0,It's picked from your farm,Supplier,
F-1195,1.0,Kayunga,1,yes,5.0,no,,no,,no,Agricultural Use,Agreement/lease,,no,,yes,,yes,,no,,,yes,,yes,,Yes,,no,,yes,,yes,,yes,,no,,2.7,1109.5,0.51298,750.0,700.0,2011-05-02 03:00:00Z,0-25%,75-100%,['Bananas'],,Rainfed,['Using Fertilizers'],0.0,0.0,0.0,0.0,0.0,0.0,750.0,500.0,900.0,900.0,,750.0,It's picked from your farm,Cooperative representative,
F-1196,,Luwero,5,No,3.0,No,,No,,Yes,100% Agricultural,Customary,,No,,Yes,,Yes,Limited knowledge of waste management,No,,,Yes,,Yes,Issues with equal pay reported,Yes,,No,No child labor employed,Yes,,Yes,,Yes,,No,No corruption observed,,,3.530087,19.0,1469.0,2005-02-01 03:00:00Z,0-25%,75-100%,"Maize, Beans",,Irrigated,"Mulching, Pruning",0.0,2.0,8.0,0.0,4.0,0.0,,503.0,,2498.0,,692.0,Luwero,Local Trader,
F-1197,1.0,Kayunga,1,yes,5.0,no,,no,,no,Agricultural Use,Customary,,no,,yes,,yes,,no,,,yes,,yes,,yes,,no,,yes,,yes,,yes,,no,,2.6,1065.9,0.650091,1050.0,1000.0,2005-08-13 03:00:00Z,0-25%,75-100%,"['Bananas', 'Beans']",,Rainfed,"['Intercropping', 'Weeding']",4.0,4.0,3.0,5.0,8.0,0.0,1000.0,850.0,2000.0,2000.0,,1000.0,At a hulling station,Supplier,
F-1198,,Nakaseke,5,No,10.0,No,,No,,Yes,100% Agricultural,Other,,No,,Yes,,Yes,Limited knowledge of waste management,No,,,No,,Yes,,Yes,,No,No child labor employed,Yes,Irregular schedules due to seasonal work,Yes,Lack of training on rights,No,,No,No corruption observed,,,5.815563,80.0,683.0,2000-03-02 03:00:00Z,0-25%,75-100%,"Bananas, Cassava",,Irrigated,"Intercropping, Soil Testing",6.0,4.0,7.0,5.0,3.0,0.0,,607.0,,4699.0,,1342.0,Nakaseke,Local Trader,
F-1199,1.0,Kayunga,1,no,4.0,no,,no,,no,Agricultural Use,Agreement/lease,,no,,yes,,yes,,yes,yes,,yes,,yes,,Yes,,no,,yes,,yes,,yes,,no,,17.576,1014.6,1.66496,950.0,900.0,2012-03-12 03:00:00Z,0-25%,75-100%,['Bananas'],,Rainfed,['Using Fertilizers'],3.0,0.0,0.0,3.0,0.0,0.0,800.0,600.0,1000.0,1000.0,,800.0,It's picked from your farm,Cooperative representative,
F-1200,1.0,Kayunga,2025-05-10 00:00:00,yes,4.0,no,,no,,no,Agricultural Use,Title,,no,,yes,,yes,,yes,yes,,yes,,yes,,yes,,no,,yes,,yes,,yes,,no,,3.216,1070.07531738281,1.604629,1000.0,90.0,2009-06-17 03:00:00Z,0-25%,75-100%,['Beans'],,Irrigated,['Using Fertilizers'],15.0,10.0,10.0,40.0,3.0,2.0,100.0,200.0,150.0,150.0,,100.0,It's picked from your farm,Supplier,
F-1201,1.0,Kayunga,1,yes,7.0,no,,no,,no,Natural forest,Customary,,no,,yes,,yes,,yes,yes,,yes,,yes,,yes,,no,,yes,,yes,,yes,,no,,7.933,1088.1,1.614258,900.0,800.0,2019-07-07 03:00:00Z,0-25%,75-100%,"['Bananas', 'Cocoa']",,Rainfed,['Using Fertilizers'],1.0,1.0,2.0,2.0,0.0,0.0,800.0,400.0,1600.0,1600.0,,800.0,It's picked from your farm,Supplier,
F-1202,1.0,Kayunga,1,yes,6.0,no,,no,,yes,Agricultural Use,Customary,,no,,yes,,yes,,no,,,yes,,yes,,yes,,no,,yes,,yes,,yes,,no,,2.1,1084.7,1.100186,850.0,800.0,2018-08-12 03:00:00Z,0-25%,75-100%,['Bananas'],,Rainfed,"['Intercropping', 'Using Fertilizers']",5.0,5.0,6.0,4.0,10.0,0.0,850.0,850.0,2000.0,2000.0,1000.0,1000.0,At a hulling station,Supplier,
F-1203,1.0,Kayunga,1,yes,8.0,no,,no,,yes,Agricultural Use,Agreement/lease,,no,,yes,,yes,,no,,,yes,,yes,,yes,,no,,yes,,yes,,yes,,no,,0.80433404,1041.365,1.635999,1300.0,1000.0,2007-07-08 03:00:00Z,0-25%,75-100%,['Bananas'],,Rainfed,"['Using Fertilizers', 'Pruning', 'Weeding', 'Intercropping']",6.0,4.0,6.0,6.0,12.0,0.0,1000.0,900.0,2000.0,2000.0,,1000.0,It's picked from your farm,Supplier,
F-1204,1.0,Kayunga,2025-05-10 00:00:00,yes,5.0,no,,no,,no,Agricultural Use,Title,,no,,yes,,yes,,yes,yes,,yes,,yes,,yes,,no,,yes,,yes,,yes,,no,,5.36,1072.69360351562,0.260564,100.0,80.0,2006-02-12 03:00:00Z,0-25%,75-100%,['Beans'],,Irrigated,['Using Fertilizers'],10.0,5.0,10.0,30.0,3.0,2.0,150.0,100.0,100.0,100.0,,150.0,It's picked from your farm,Supplier,
F-1205,1.0,Kayunga,1,no,9.0,no,,no,,yes,Natural forest,Customary,,no,,yes,,yes,,yes,yes,,yes,,yes,,yes,,no,,yes,,yes,,yes,,no,,9.83,1115.19999999999,0.361781,800.0,600.0,2010-08-07 03:00:00Z,0-25%,75-100%,['Bananas'],,Rainfed,['Using Fertilizers'],1.0,1.0,1.0,1.0,0.0,0.0,600.0,300.0,1200.0,1200.0,,600.0,It's picked from your farm,Supplier,
F-1206,1.0,Kayunga,2,yes,5.0,no,,no,,no,Natural forest,Customary,,no,,yes,,yes,,yes,yes,,yes,,yes,,yes,,no,,yes,,yes,,yes,,no,,2.0,1106.4,3.224388,800.0,600.0,2011-09-09 03:00:00Z,0-25%,75-100%,['Bananas'],,Rainfed,['Using Fertilizers'],1.0,1.0,1.0,1.0,0.0,0.0,600.0,300.0,1200.0,1200.0,,600.0,It's picked from your farm,Supplier,
F-1207,1.0,Luwero,1,no,6.0,no,,no,,yes,Agricultural Use,Customary,,no,,yes,,yes,,yes,yes,,yes,,yes,,yes,,no,,yes,,yes,,yes,,no,,1.9,1138.2,0.197539,1020.0,1020.0,2008-07-09 03:00:00Z,0-25%,75-100%,"['Bananas', 'Beans']",,Rainfed,"['Using Fertilizers', 'Pruning', 'Weeding', 'Intercropping']",2.0,0.0,1.0,4.0,1.0,0.0,500.0,450.0,1000.0,1000.0,,500.0,It's picked from your farm,Supplier,
F-1208,,Nakaseke,4,Yes,7.0,No,,No,,No,100% Agricultural,Lease,,No,,Yes,Lack of resources for buffer zones,Yes,,No,,,No,No interaction with cultural leaders,Yes,,Yes,,No,No child labor employed,Yes,,Yes,Lack of training on rights,Yes,,No,No corruption observed,,,4.85021,500.0,695.0,1968-05-05 03:00:00Z,0-25%,75-100%,"Maize, Beans",,Rainfed,"Composting, Pest Management",8.0,11.0,9.0,5.0,11.0,0.0,,673.0,,2273.0,,577.0,Nakaseke,Local Trader,
F-1209,1.0,Kayunga,1,yes,6.0,no,,no,,yes,Agricultural Use,Customary,,no,,yes,,yes,,no,,,yes,,yes,,yes,,no,,yes,,yes,,yes,,no,,1.0225748,1074.87,0.685948,1200.0,1000.0,2008-05-08 03:00:00Z,0-25%,75-100%,['Bananas'],,Rainfed,"['Using Fertilizers', 'Pruning', 'Weeding', 'Intercropping']",7.0,3.0,3.0,7.0,10.0,0.0,900.0,900.0,2000.0,2000.0,1000.0,1000.0,It's picked from your farm,Supplier,
F-1210,1.0,Kayunga,1,no,5.0,no,,no,,yes,Agricultural Use,Agreement/lease,,no,,yes,,yes,,yes,yes,,yes,,yes,,yes,,no,,yes,,yes,,yes,,no,,8.8,1127.3,0.360983,1000.0,1000.0,2000-07-09 03:00:00Z,0-25%,75-100%,['Bananas'],,Rainfed,"['Using Fertilizers', 'Weeding']",3.0,1.0,3.0,1.0,4.0,0.0,1000.0,800.0,2000.0,2000.0,,1000.0,It's picked from your farm,Supplier,
F-1211,1.0,Luwero,1,yes,1.0,no,,no,,yes,Agricultural Use,Customary,,no,,yes,,yes,,yes,yes,,yes,,yes,,yes,,no,,yes,,yes,,yes,,no,,1.223946,1160.09,7.848619,200.0,150.0,2001-02-20 03:00:00Z,0-25%,75-100%,['Bananas'],,Rainfed,['Intercropping'],1.0,1.0,1.0,1.0,1.0,0.0,100.0,50.0,200.0,200.0,,100.0,It's picked from your farm,Supplier,
F-1212,1.0,Kayunga,1,yes,6.0,no,,no,,no,Natural forest,Title,,no,,yes,,yes,,yes,yes,,yes,,yes,,yes,,no,,yes,,yes,,yes,,no,,2.3,1087.69999999999,0.179655,1200.0,1000.0,2000-09-09 03:00:00Z,0-25%,75-100%,['Bananas'],,Rainfed,['Using Fertilizers'],1.0,2.0,2.0,3.0,0.0,0.0,1000.0,500.0,2000.0,2000.0,,1000.0,It's picked from your farm,Supplier,
F-1213,1.0,Kayunga,1,yes,4.0,no,,no,,yes,Agricultural Use,Customary,,no,,yes,,yes,,no,,,yes,,yes,,yes,,no,,yes,,yes,,yes,,no,,0.711686,1039.881,0.495207,1700.0,1500.0,2017-04-07 03:00:00Z,0-25%,75-100%,"['Bananas', 'Beans']",,Rainfed,"['Using Fertilizers', 'Pruning', 'Weeding', 'Intercropping']",8.0,2.0,2.0,8.0,10.0,0.0,1500.0,1350.0,3000.0,3000.0,,1500.0,It's picked from your farm,Supplier,
F-1214,1.0,Kayunga,1,no,3.0,no,,no,,no,Agricultural Use,Title,,no,,yes,,yes,,no,,,yes,,yes,,yes,,no,,yes,,yes,,yes,,no,,2.1,1100.4,0.286989,840.0,790.0,2010-02-10 03:00:00Z,0-25%,75-100%,"['Bananas', 'Beans', 'Sorghum', 'other']",cassava,Rainfed,"['Using Fertilizers', 'Weeding', 'Intercropping']",1.0,1.0,1.0,1.0,0.0,0.0,750.0,600.0,1580.0,1580.0,,750.0,It's picked from your farm,Supplier,
F-1215,1.0,Kayunga,1,yes,4.0,no,,no,,yes,Agricultural Use,Customary,,no,,yes,,yes,,no,,,yes,,yes,,yes,,no,,yes,,yes,,yes,,no,,1.625,1034.7,0.410066,1000.0,800.0,1980-04-14 03:00:00Z,0-25%,75-100%,"['Bananas', 'Beans']",,Rainfed,"['Using Fertilizers', 'Pruning', 'Weeding', 'Intercropping']",1.0,1.0,0.0,2.0,2.0,0.0,450.0,380.0,900.0,900.0,,450.0,It's picked from your farm,Supplier,
F-1216,1.0,Kayunga,1,yes,6.0,no,,no,,yes,Agricultural Use,Agreement/lease,,no,,yes,,yes,,no,,,yes,,yes,,Yes,,no,,yes,,yes,,yes,,no,,0.851,1052.543,0.242405,500.0,500.0,1997-12-15 03:00:00Z,0-25%,75-100%,"['Bananas', 'Beans']",,Rainfed,"['Pruning', 'Weeding']",0.0,0.0,0.0,0.0,2.0,0.0,500.0,450.0,1000.0,1000.0,,500.0,It's picked from your farm,Hulling Station representative,
F-1217,1.0,Kayunga,1,no,5.0,no,,no,,yes,Agricultural Use,Title,,no,,yes,,yes,,yes,yes,,yes,,yes,,yes,,no,,yes,,yes,,yes,,no,,15.9,1143.9,0.886075,850.0,800.0,1979-04-02 03:00:00Z,0-25%,75-100%,"['Bananas', 'Beans', 'other']",cassava,Rainfed,"['Using Fertilizers', 'Pruning', 'Weeding', 'Intercropping']",1.0,3.0,2.0,2.0,0.0,0.0,800.0,780.0,1600.0,1600.0,,800.0,It's picked from your farm,Supplier,
F-1218,1.0,Kayunga,1,yes,9.0,no,,no,,yes,Agricultural Use,Title,,no,,yes,,yes,,no,,,yes,,yes,,yes,,no,,yes,,yes,,yes,,no,,2.2,1077.7,1.08841,950.0,900.0,2007-10-11 03:00:00Z,0-25%,75-100%,"['Bananas', 'Sorghum', 'Beans']",,Rainfed,"['Using Fertilizers', 'Intercropping', 'Weeding']",0.0,3.0,2.0,1.0,0.0,0.0,900.0,900.0,2000.0,2000.0,1000.0,1000.0,It's picked from your farm,Cooperative representative,
F-1219,1.0,Kayunga,2025-05-10 00:00:00,yes,20.0,no,,no,,no,Agricultural Use,Title,,no,,yes,,yes,,yes,yes,,yes,,yes,,yes,,no,,yes,,yes,,yes,,no,,0.6935036,1089.388,3.178115,1000.0,60.0,1998-03-15 03:00:00Z,0-25%,75-100%,['Bananas'],,Both(Rainfed+Irrigated),"['Using Fertilizers', 'Intercropping']",10.0,15.0,10.0,50.0,5.0,4.0,90.0,50.0,1000.0,1000.0,,90.0,It's picked from your farm,Supplier,
F-1220,1.0,Luwero,5,Yes,6.0,No,,No,,Yes,100% Agricultural,Lease,,No,,No,Lack of resources for buffer zones,Yes,Limited knowledge of waste management,No,,,Yes,,Yes,,Yes,,No,No child labor employed,Yes,Irregular schedules due to seasonal work,Yes,Lack of training on rights,Yes,Unaware of tax obligations,No,No corruption observed,,,1.94415,570.0,1798.0,2006-05-11 03:00:00Z,0-25%,75-100%,"Matoke, Groundnuts",,Rainfed,"Composting, Pest Management",1.0,0.0,9.0,4.0,2.0,0.0,,788.0,,4589.0,,1037.0,Luwero,Local Trader,
F-1221,1.0,Luwero,5,Yes,6.0,No,,No,,Yes,100% Agricultural,Lease,,No,,No,Lack of resources for buffer zones,Yes,Limited knowledge of waste management,No,,,Yes,,Yes,,Yes,,No,No child labor employed,Yes,Irregular schedules due to seasonal work,Yes,Lack of training on rights,Yes,Unaware of tax obligations,No,No corruption observed,,,2.022556,350.0,1798.0,2010-02-05 03:00:00Z,0-25%,75-100%,"Matoke, Groundnuts",,Rainfed,"Composting, Pest Management",1.0,0.0,9.0,4.0,2.0,0.0,,788.0,,4589.0,,1037.0,Luwero,Local Trader,
F-1222,1.0,Luwero,1,no,6.0,no,,no,,yes,Agricultural Use,Agreement/lease,,no,,yes,,yes,,no,,,yes,,yes,,yes,,no,,yes,,yes,,yes,,no,,1.108,1114.623,1.619299,1400.0,1350.0,2003-08-25 03:00:00Z,0-25%,75-100%,['Bananas'],,Rainfed,"['Pruning', 'Weeding', 'Intercropping']",1.0,1.0,2.0,1.0,2.0,0.0,600.0,540.0,1200.0,1200.0,,600.0,It's picked from your farm,Supplier,
F-1223,1.0,Luwero,More than 10,yes,8.0,no,,no,,no,Agricultural Use,Agreement/lease,,no,,yes,,yes,,no,,,yes,,yes,,yes,,no,,yes,,yes,,yes,,no,,5.033,1086.4,0.533561,450.0,100.0,1980-02-01 03:00:00Z,0-25%,75-100%,['Bananas'],,Rainfed,['Intercropping'],1.0,1.0,1.0,1.0,1.0,1.0,400.0,360.0,8000.0,8000.0,,400.0,It's picked from your farm,Supplier,
F-1224,1.0,Kayunga,1,yes,6.0,no,,no,,yes,Agricultural Use,Customary,,no,,yes,,yes,,no,,,yes,,yes,,yes,,no,,yes,,yes,,yes,,no,,1.8,1095.9,0.387001,1700.0,1500.0,2000-06-09 03:00:00Z,0-25%,75-100%,['Bananas'],,Rainfed,"['Using Fertilizers', 'Pruning', 'Weeding', 'Intercropping']",6.0,4.0,4.0,6.0,10.0,0.0,1500.0,1350.0,3000.0,3000.0,,1500.0,It's picked from your farm,Supplier,
F-1225,1.0,Luwero,1,yes,10.0,no,,no,,yes,Agricultural Use,Title,,no,,yes,,yes,,yes,yes,,yes,,yes,,yes,,no,,yes,,yes,,yes,,no,,1.392,1107.356,2.496931,470.0,120.0,1989-05-03 03:00:00Z,0-25%,75-100%,['Bananas'],,Rainfed,"['Using Fertilizers', 'Pruning', 'Weeding']",1.0,1.0,2.0,0.0,0.0,0.0,650.0,200.0,360.0,360.0,,650.0,It's picked from your farm,Supplier,
F-1226,,Nakaseke,3,Yes,2.0,No,,No,,Yes,100% Agricultural,Lease,,No,,Yes,,Yes,,No,,,Yes,No interaction with cultural leaders,Yes,Issues with equal pay reported,Yes,,No,No child labor employed,Yes,,Yes,,Yes,,No,No corruption observed,,,3.107297,220.0,1208.0,2014-02-02 03:00:00Z,0-25%,75-100%,"Matoke, Groundnuts",,Rainfed,"Composting, Pest Management",5.0,0.0,10.0,2.0,3.0,0.0,,1198.0,,1236.0,,2451.0,Nakaseke,Local Trader,
F-1227,1.0,Kayunga,1,yes,1.0,no,,no,,yes,Agricultural Use,Agreement/lease,,no,,yes,,yes,,yes,yes,,yes,,yes,,Yes,,no,,yes,,yes,,yes,,no,,1.7023598,1110.121,1.634102,900.0,900.0,2004-03-12 03:00:00Z,0-25%,75-100%,['Bananas'],,Rainfed,['Using Fertilizers'],3.0,1.0,0.0,4.0,0.0,0.0,3200.0,2000.0,9000.0,9000.0,,3200.0,It's picked from your farm,Cooperative representative,
F-1228,1.0,Luwero,1,yes,5.0,no,,no,,yes,Agricultural Use,Customary,,no,,yes,,yes,,yes,yes,,yes,,yes,,yes,,no,,yes,,yes,,yes,,no,,1.9096763,1154.833,0.246376,310.0,260.0,2018-02-02 03:00:00Z,0-25%,75-100%,['Bananas'],,Rainfed,['Intercropping'],4.0,1.0,2.0,2.0,1.0,0.0,90.0,80.0,80.0,80.0,,90.0,It's picked from your farm,Supplier,
F-1229,1.0,Kayunga,2025-05-10 00:00:00,yes,10.0,no,,no,,no,Agricultural Use,Title,,no,,yes,,yes,,yes,yes,,yes,,yes,,yes,,no,,yes,,yes,,yes,,no,,3.216,1064.14233398437,0.793574,100.0,90.0,2006-11-10 03:00:00Z,0-25%,75-100%,['Beans'],,Irrigated,['Using Fertilizers'],15.0,5.0,10.0,40.0,5.0,5.0,150.0,100.0,100.0,100.0,,150.0,It's picked from your farm,Supplier,
F-1230,1.0,Kayunga,1,yes,4.0,no,,no,,yes,Agricultural Use,Title,,no,,yes,,yes,,no,,,yes,,yes,,yes,,no,,yes,,yes,,yes,,no,,3.65,1073.19999999999,0.638905,200.0,190.0,1998-09-10 03:00:00Z,0-25%,75-100%,"['Bananas', 'Beans', 'Sorghum']",,Rainfed,"['Using Fertilizers', 'Pruning', 'Weeding', 'Intercropping']",0.0,2.0,0.0,1.0,0.0,0.0,500.0,250.0,500.0,500.0,,500.0,It's picked from your farm,Supplier,
F-1231,,Nakaseke,4,Yes,10.0,No,,No,,Yes,100% Agricultural,Customary,,No,,Yes,,Yes,,No,,,No,No interaction with cultural leaders,Yes,,Yes,,No,No child labor employed,Yes,,Yes,,Yes,,No,No corruption observed,,,3.946171,2200.0,1421.0,2001-06-12 03:00:00Z,0-25%,75-100%,"Bananas, Cassava",,Irrigated,"Intercropping, Soil Testing",1.0,3.0,6.0,0.0,1.0,0.0,,1717.0,,3179.0,,2334.0,Nakaseke,Local Trader,
F-1232,,Nakaseke,4,Yes,10.0,No,,No,,Yes,100% Agricultural,Customary,,No,,Yes,,Yes,,No,,,No,No interaction with cultural leaders,Yes,,Yes,,No,No child labor employed,Yes,,Yes,,Yes,,No,No corruption observed,,,6.435934,2940.0,1421.0,2005-11-04 03:00:00Z,0-25%,75-100%,"Bananas, Cassava",,Irrigated,"Intercropping, Soil Testing",1.0,3.0,6.0,0.0,1.0,0.0,,1717.0,,3179.0,,2334.0,Nakaseke,Local Trader,
F-1233,,Nakaseke,4,Yes,10.0,No,,No,,Yes,100% Agricultural,Customary,,No,,Yes,,Yes,,No,,,No,No interaction with cultural leaders,Yes,,Yes,,No,No child labor employed,Yes,,Yes,,Yes,,No,No corruption observed,,,2.841437,950.0,1421.0,1993-03-07 03:00:00Z,0-25%,75-100%,"Bananas, Cassava",,Irrigated,"Intercropping, Soil Testing",1.0,3.0,6.0,0.0,1.0,0.0,,1717.0,,3179.0,,2334.0,Nakaseke,Local Trader,
F-1234,,Nakaseke,4,Yes,10.0,Yes,KIMIKA NAKASEKE,No,,Yes,100% Agricultural,Customary,,No,,Yes,,Yes,,No,,,No,No interaction with cultural leaders,Yes,,Yes,,No,No child labor employed,Yes,,Yes,,Yes,,No,No corruption observed,,,7.868917,900.0,1421.0,2012-10-10 03:00:00Z,0-25%,75-100%,"Bananas, Cassava",,Irrigated,"Intercropping, Soil Testing",1.0,3.0,6.0,0.0,1.0,0.0,,1717.0,,3179.0,,2334.0,Nakaseke,Local Trader,
F-1235,1.0,Kayunga,1,yes,8.0,no,,no,,no,Natural forest,Customary,,no,,yes,,yes,,yes,yes,,yes,,yes,,yes,,no,,yes,,yes,,yes,,no,,2.673,1108.0,2.375107,900.0,800.0,2018-09-09 03:00:00Z,0-25%,75-100%,['Bananas'],,Rainfed,['Using Fertilizers'],1.0,1.0,1.0,2.0,1.0,0.0,800.0,400.0,1600.0,1600.0,,800.0,It's picked from your farm,Supplier,
F-1236,1.0,Kayunga,2,yes,7.0,no,,no,,yes,Agricultural Use,Customary,,no,,yes,,yes,,yes,yes,,yes,,yes,,yes,,no,,yes,,yes,,yes,,no,,19.749,1056.6,1.52051,2000.0,1200.0,1999-08-09 03:00:00Z,0-25%,75-100%,"['Bananas', 'Beans']",,Rainfed,"['Using Fertilizers', 'Pruning', 'Weeding', 'Intercropping']",3.0,3.0,3.0,2.0,6.0,0.0,1000.0,800.0,2000.0,2000.0,,1000.0,At a hulling station,Supplier,
F-1237,1.0,Kayunga,2025-05-10 00:00:00,yes,7.0,no,,no,,no,Agricultural Use,Title,,no,,yes,,yes,,yes,yes,,yes,,yes,,yes,,no,,yes,,yes,,yes,,no,,3.216,1063.61437988281,0.376234,1000.0,90.0,2007-07-10 03:00:00Z,0-25%,75-100%,['Beans'],,Irrigated,['Using Fertilizers'],15.0,10.0,10.0,40.0,3.0,2.0,150.0,100.0,100.0,100.0,,150.0,It's picked from your farm,Supplier,
F-1238,,Nakaseke,4,No,2.0,No,,No,,Yes,100% Agricultural,Lease,,No,,Yes,,Yes,,No,,,No,No interaction with cultural leaders,Yes,,Yes,,No,No child labor employed,Yes,,Yes,,No,Unaware of tax obligations,No,No corruption observed,,,3.132103,80.0,1011.0,2019-03-19 03:00:00Z,0-25%,75-100%,"Matoke, Groundnuts",,Rainfed,"Intercropping, Soil Testing",2.0,8.0,2.0,0.0,9.0,0.0,,1701.0,,725.0,,819.0,Nakaseke,Local Trader,
F-1239,1.0,Luwero,2,no,6.0,no,,no,,yes,Agricultural Use,Agreement/lease,,no,,yes,,yes,,no,,,yes,,yes,,yes,,no,,yes,,yes,,yes,,no,,16.5,1081.0,1.409099,1250.0,1200.0,2011-09-12 03:00:00Z,0-25%,75-100%,['Bananas'],,Rainfed,"['Pruning', 'Weeding', 'Intercropping']",3.0,3.0,0.0,5.0,6.0,0.0,1250.0,1200.0,2700.0,2700.0,,1250.0,It's picked from your farm,Supplier,
F-1240,1.0,Luwero,1,yes,10.0,no,,no,,yes,Natural forest,Customary,,no,,yes,,yes,,no,,,yes,,yes,,yes,,no,,yes,,yes,,yes,,no,,2.1658912,1088.159,1.278703,450.0,400.0,2008-06-16 03:00:00Z,0-25%,75-100%,['Bananas'],,Rainfed,['Weeding'],1.0,2.0,0.0,6.0,4.0,0.0,200.0,100.0,400.0,400.0,,200.0,somewhere else,other,
F-1241,1.0,Kayunga,1,yes,6.0,no,,no,,no,Agricultural Use,Title,,no,,yes,,yes,,yes,yes,,yes,,yes,,yes,,no,,yes,,yes,,yes,,no,,2.2,1066.1,0.201369,1050.0,1000.0,1980-04-04 03:00:00Z,0-25%,75-100%,"['Bananas', 'Beans', 'other']",maize,Rainfed,"['Using Fertilizers', 'Weeding', 'Intercropping', 'Pruning']",2.0,2.0,4.0,0.0,1.0,0.0,1400.0,1400.0,3000.0,3000.0,1500.0,1500.0,At a hulling station,Supplier,
F-1242,1.0,Kayunga,1,yes,8.0,no,,no,,yes,Agricultural Use,Agreement/lease,,no,,yes,,yes,,yes,yes,,yes,,yes,,Yes,,no,,yes,,yes,,yes,,no,,1.2154434,1077.922,0.639109,1050.0,1000.0,2011-02-15 03:00:00Z,0-25%,75-100%,['Bananas'],,Rainfed,['Using Fertilizers'],3.0,0.0,0.0,3.0,0.0,0.0,700.0,509.0,1000.0,1000.0,,700.0,It's picked from your farm,Cooperative representative,
F-1243,1.0,Kayunga,1,yes,4.0,no,,no,,yes,Agricultural Use,Customary,,no,,yes,,yes,,no,,,yes,,yes,,yes,,no,,yes,,yes,,yes,,no,,2.3,1043.3,1.067025,1250.0,1200.0,2000-09-13 03:00:00Z,0-25%,75-100%,['Bananas'],,Rainfed,"['Intercropping', 'Weeding', 'Pruning', 'Using Fertilizers']",6.0,5.0,6.0,5.0,11.0,0.0,1250.0,1150.0,2500.0,2500.0,,1250.0,At a hulling station,Supplier,
F-1244,,Nakaseke,3,Yes,3.0,No,,No,,Yes,100% Agricultural,Customary,,No,,Yes,,Yes,,No,,,Yes,No interaction with cultural leaders,Yes,,Yes,,No,No child labor employed,Yes,,Yes,,Yes,,No,No corruption observed,,,3.81109,360.0,670.0,2011-09-17 03:00:00Z,0-25%,75-100%,,,Rainfed,"Mulching, Pruning",11.0,2.0,8.0,2.0,3.0,0.0,,1711.0,,3987.0,,391.0,Nakaseke,Local Trader,
F-1245,,Luwero,4,No,2.0,No,,No,,Yes,100% Agricultural,Customary,,No,,Yes,,Yes,,No,,,No,,Yes,,Yes,,No,No child labor employed,Yes,,Yes,,Yes,,No,No corruption observed,,,3.626791,1850.0,1119.0,1998-05-19 03:00:00Z,0-25%,75-100%,"Maize, Beans",,Rainfed,"Mulching, Pruning",7.0,4.0,10.0,4.0,9.0,0.0,,1568.0,,3415.0,,75.0,Luwero,Local Trader,
F-1246,,Luwero,1,Yes,9.0,No,,No,,Yes,100% Agricultural,Lease,,No,,Yes,,Yes,,No,,,Yes,,Yes,,Yes,,No,No child labor employed,Yes,,Yes,,Yes,,No,No corruption observed,,,0.561695,400.0,305.0,2010-05-08 03:00:00Z,0-25%,75-100%,,,Rainfed,"Intercropping, Soil Testing",4.0,0.0,6.0,0.0,4.0,0.0,,845.0,,4293.0,,1053.0,Luwero,Local Trader,
F-1247,,Luwero,1,Yes,9.0,No,,No,,Yes,100% Agricultural,Lease,,No,,Yes,,Yes,,No,,,Yes,,Yes,,Yes,,No,No child labor employed,Yes,,Yes,,Yes,,No,No corruption observed,,,3.413043,2900.0,305.0,1983-08-12 03:00:00Z,0-25%,75-100%,,,Rainfed,"Intercropping, Soil Testing",4.0,0.0,6.0,0.0,4.0,0.0,,845.0,,4293.0,,1053.0,Luwero,Local Trader,
F-1248,1.0,Kayunga,1,yes,4.0,no,,no,,yes,Agricultural Use,Customary,,no,,yes,,yes,,no,,,yes,,yes,,yes,,no,,yes,,yes,,yes,,no,,4.7,1086.1,0.767157,1050.0,1000.0,2010-07-12 03:00:00Z,0-25%,75-100%,"['Bananas', 'Beans']",,Rainfed,"['Intercropping', 'Weeding']",2.0,2.0,2.0,2.0,4.0,0.0,1000.0,850.0,2000.0,2000.0,,1000.0,It's picked from your farm,Supplier,
F-1249,1.0,Kayunga,1,yes,7.0,no,,no,,yes,Agricultural Use,Title,,no,,yes,,yes,,no,,,yes,,yes,,yes,,no,,yes,,yes,,yes,,no,,4.3,1143.9,1.080056,850.0,800.0,2003-04-13 03:00:00Z,0-25%,75-100%,"['Bananas', 'Beans', 'other']",cassava,Rainfed,"['Using Fertilizers', 'Pruning', 'Weeding', 'Intercropping']",4.0,2.0,5.0,1.0,0.0,0.0,800.0,740.0,1600.0,1600.0,,800.0,It's picked from your farm,Supplier,
F-1250,1.0,Kayunga,1,yes,3.0,no,,no,,yes,Agricultural Use,Customary,,no,,yes,,yes,,yes,yes,,yes,,yes,,yes,,no,,yes,,yes,,yes,,no,,1.8,1087.2,0.169127,950.0,900.0,2018-05-12 03:00:00Z,0-25%,75-100%,['Bananas'],,Rainfed,"['Weeding', 'Intercropping']",4.0,3.0,6.0,2.0,7.0,0.0,1000.0,850.0,2000.0,2000.0,,1000.0,At a hulling station,Supplier,
F-1251,1.0,Kayunga,1,yes,2.0,no,,no,,yes,Agricultural Use,Customary,,no,,yes,,yes,,yes,yes,,yes,,yes,,yes,,no,,yes,,yes,,yes,,no,,1.966,1076.6,1.344854,1320.0,1300.0,1995-03-15 03:00:00Z,0-25%,75-100%,['Bananas'],,Rainfed,['Intercropping'],3.0,0.0,3.0,0.0,3.0,0.0,1950.0,975.0,3900.0,3900.0,,1950.0,It's picked from your farm,Supplier,
F-1252,,Luwero,5,Yes,4.0,No,,No,,Yes,100% Agricultural,Other,,No,,Yes,,Yes,,No,,,No,No interaction with cultural leaders,Yes,,Yes,,No,No child labor employed,Yes,,No,,Yes,,No,No corruption observed,,,3.199194,92.0,2844.0,2016-06-05 03:00:00Z,0-25%,75-100%,,,Rainfed,"Mulching, Pruning",7.0,6.0,2.0,1.0,1.0,0.0,,710.0,,4090.0,,301.0,Luwero,Local Trader,
F-1253,1.0,Kayunga,2,yes,6.0,no,,no,,yes,Agricultural Use,Agreement/lease,,no,,yes,,yes,,yes,yes,,yes,,yes,,yes,,no,,yes,,yes,,yes,,no,,9.4,1058.0,0.582585,1000.0,1000.0,2009-08-08 03:00:00Z,0-25%,75-100%,['Bananas'],,Rainfed,"['Using Fertilizers', 'Pruning', 'Weeding']",3.0,1.0,3.0,1.0,4.0,0.0,1000.0,800.0,2000.0,2000.0,,1000.0,It's picked from your farm,Supplier,
F-1254,1.0,Luwero,1,yes,6.0,no,,no,,yes,Agricultural Use,Title,,no,,yes,,yes,,no,,,yes,,yes,,yes,,no,,yes,,yes,,yes,,no,,3.073,1122.621,1.005736,1310.0,1260.0,2000-05-10 03:00:00Z,0-25%,75-100%,['Bananas'],,Rainfed,['Weeding'],0.0,2.0,0.0,2.0,2.0,0.0,1350.0,1260.0,2700.0,2700.0,,1350.0,It's picked from your farm,Supplier,
F-1255,1.0,Kayunga,1,yes,5.0,no,,no,,yes,Agricultural Use,Agreement/lease,,no,,yes,,yes,,yes,yes,,yes,,yes,,Yes,,no,,yes,,yes,,yes,,no,,2.0,1125.0,1.15753,950.0,900.0,2010-03-12 03:00:00Z,0-25%,75-100%,['Bananas'],,Rainfed,['Using Fertilizers'],3.0,0.0,2.0,1.0,0.0,0.0,709.0,500.0,1009.0,1009.0,,709.0,It's picked from your farm,Cooperative representative,
F-1256,1.0,Kayunga,1,yes,10.0,no,,no,,yes,Agricultural Use,Customary,,no,,yes,,yes,,no,,,yes,,yes,,yes,,no,,yes,,yes,,yes,,no,,2.2,1058.7,0.427763,1300.0,1000.0,2013-06-08 03:00:00Z,0-25%,75-100%,['Bananas'],,Rainfed,"['Using Fertilizers', 'Pruning', 'Intercropping', 'Weeding']",6.0,4.0,4.0,6.0,10.0,0.0,1000.0,900.0,2000.0,2000.0,,1000.0,It's picked from your farm,Cooperative representative,
F-1257,1.0,Kayunga,1,yes,4.0,no,,no,,no,Agricultural Use,Agreement/lease,,no,,yes,,yes,,yes,yes,,yes,,yes,,Yes,,no,,yes,,yes,,yes,,no,,4.8,996.9,2.228951,950.0,900.0,2014-08-15 03:00:00Z,0-25%,75-100%,['Bananas'],,Rainfed,['Using Fertilizers'],3.0,0.0,0.0,3.0,0.0,0.0,600.0,400.0,800.0,800.0,,600.0,It's picked from your farm,Cooperative representative,
F-1258,1.0,Kayunga,1,yes,7.0,no,,no,,yes,Agricultural Use,Title,,no,,yes,,yes,,yes,yes,,yes,,yes,,yes,,no,,yes,,yes,,yes,,no,,4.7,1156.0,1.011517,650.0,600.0,2005-04-13 03:00:00Z,0-25%,75-100%,"['Bananas', 'Beans', 'other']",cassava,Rainfed,"['Using Fertilizers', 'Pruning', 'Weeding', 'Intercropping']",1.0,2.0,2.0,1.0,0.0,0.0,700.0,650.0,1400.0,1400.0,,700.0,It's picked from your farm,Cooperative representative,
F-1259,,Luwero,2,No,4.0,No,,No,,Yes,100% Agricultural,Deed of Property,,No,,Yes,,No,,No,,,Yes,,Yes,,Yes,,No,No child labor employed,Yes,,Yes,,Yes,,No,No corruption observed,,,3.878064,440.0,2037.0,2000-02-02 03:00:00Z,0-25%,75-100%,,,Rainfed,"Intercropping, Soil Testing",2.0,2.0,6.0,4.0,3.0,0.0,,113.0,,1116.0,,1870.0,Luwero,Local Trader,
F-1260,1.0,Luwero,1,no,14.0,no,,no,,yes,Agricultural Use,Agreement/lease,,no,,yes,,yes,,no,,,yes,,yes,,yes,,no,,yes,,yes,,yes,,no,,1.216,1101.786,0.427381,1400.0,1350.0,2000-04-09 03:00:00Z,0-25%,75-100%,['Beans'],,Rainfed,"['Pruning', 'Weeding', 'Intercropping']",1.0,0.0,1.0,1.0,1.0,0.0,500.0,450.0,1000.0,1000.0,,500.0,It's picked from your farm,Supplier,
F-1261,1.0,Luwero,1,yes,3.0,no,,no,,yes,Agricultural Use,Agreement/lease,,no,,yes,,yes,,yes,yes,,yes,,yes,,yes,,no,,yes,,yes,,yes,,no,,1.656,1072.9,1.286634,1050.0,1000.0,1989-09-08 03:00:00Z,0-25%,75-100%,['Bananas'],,Rainfed,['Using Fertilizers'],0.0,3.0,0.0,3.0,3.0,0.0,200.0,250.0,200.0,200.0,,200.0,It's picked from your farm,Supplier,
F-1262,1.0,Kayunga,1,yes,8.0,no,,no,,yes,Agricultural Use,Title,,no,,yes,,yes,,no,,,yes,,yes,,yes,,no,,yes,,yes,,yes,,no,,10.093,1071.6,0.218927,1350.0,1300.0,1970-03-12 03:00:00Z,0-25%,75-100%,['Millet'],,Rainfed,"['Intercropping', 'Using Fertilizers']",2.0,2.0,2.0,2.0,0.0,0.0,1300.0,1200.0,2600.0,2600.0,,1300.0,It's picked from your farm,Supplier,
F-1263,1.0,Kayunga,2,yes,12.0,no,,no,,yes,Agricultural Use,Customary,,no,,yes,,yes,,no,,,yes,,yes,,yes,,no,,yes,,yes,,yes,,no,,12.315,1030.4,1.451712,500.0,400.0,2000-04-14 03:00:00Z,0-25%,75-100%,['Bananas'],,Rainfed,"['Pruning', 'Using Fertilizers', 'Intercropping']",3.0,3.0,0.0,6.0,6.0,0.0,300.0,250.0,600.0,600.0,,300.0,It's picked from your farm,Supplier,
F-1264,1.0,Kayunga,1,yes,4.0,no,,no,,yes,Agricultural Use,Title,,no,,yes,,yes,,no,,,yes,,yes,,yes,,no,,yes,,yes,,yes,,no,,3.8,1088.5,0.556447,400.0,350.0,1990-10-21 03:00:00Z,0-25%,75-100%,"['Bananas', 'Sorghum', 'Beans', 'Millet']",,Rainfed,"['Using Fertilizers', 'Pruning', 'Weeding', 'Intercropping']",1.0,2.0,3.0,2.0,0.0,0.0,2000.0,1000.0,4000.0,4000.0,,2000.0,It's picked from your farm,Supplier,
F-1265,1.0,Kayunga,1,yes,6.0,no,,no,,yes,Agricultural Use,Agreement/lease,,no,,yes,,yes,,no,,,yes,,yes,,yes,,no,,yes,,yes,,yes,,no,,1.224,1067.62,0.250545,2000.0,2000.0,1962-03-24 03:00:00Z,0-25%,75-100%,"['Bananas', 'Beans']",,Rainfed,"['Pruning', 'Weeding']",0.0,0.0,0.0,0.0,2.0,0.0,2000.0,1950.0,4000.0,4000.0,,2000.0,It's picked from your farm,Hulling Station representative,
F-1266,1.0,Kayunga,1,yes,1.0,no,,no,,yes,Agricultural Use,Title,,no,,yes,,yes,,yes,yes,,yes,,yes,,yes,,no,,yes,,yes,,yes,,no,,1.804,1138.5,1.223936,1550.0,1500.0,1996-11-02 03:00:00Z,0-25%,75-100%,"['Bananas', 'Cocoa']",,Rainfed,"['Using Fertilizers', 'Pruning', 'Weeding']",0.0,1.0,0.0,1.0,0.0,0.0,300.0,200.0,1000.0,900.0,500.0,400.0,At a hulling station,Supplier,
F-1267,1.0,Kayunga,1,yes,3.0,no,,no,,no,Agricultural Use,Title,,no,,yes,,yes,,yes,yes,,yes,,yes,,yes,,no,,yes,,yes,,yes,,no,,1.733,1082.19999999999,3.59354,1050.0,1000.0,2011-01-01 03:00:00Z,0-25%,75-100%,"['Bananas', 'Tobacco']",,Irrigated,"['Using Fertilizers', 'Weeding', 'Intercropping']",0.0,1.0,0.0,1.0,0.0,0.0,500.0,400.0,1000.0,1000.0,,500.0,It's picked from your farm,Supplier,
F-1268,1.0,Kayunga,1,yes,12.0,no,,no,,yes,Agricultural Use,Agreement/lease,,no,,yes,,yes,,no,,,yes,,yes,,yes,,no,,yes,,yes,,yes,,no,,2.1,1094.3,1.066267,2150.0,2100.0,2000-04-13 03:00:00Z,0-25%,75-100%,['other'],There only trees in the farm,Rainfed,['Weeding'],1.0,2.0,2.0,2.0,0.0,0.0,50.0,21.0,450.0,450.0,,50.0,It's picked from your farm,Supplier,
F-1269,1.0,Kayunga,1,no,4.0,no,,no,,yes,Agricultural Use,Agreement/lease,,no,,yes,,yes,,no,,,yes,,yes,,Yes,,no,,yes,,yes,,yes,,no,,1.6046314,1076.99,1.956026,1050.0,1000.0,2006-05-14 03:00:00Z,0-25%,75-100%,['Bananas'],,Rainfed,['Using Fertilizers'],3.0,1.0,2.0,3.0,0.0,0.0,900.0,700.0,1400.0,1400.0,,900.0,It's picked from your farm,Cooperative representative,
F-1270,1.0,Kayunga,1,yes,5.0,no,,no,,yes,Agricultural Use,Agreement/lease,,no,,yes,,yes,,no,,,yes,,yes,,yes,,no,,yes,,yes,,yes,,no,,9.658,1107.0,0.478826,1000.0,750.0,2000-07-19 03:00:00Z,0-25%,75-100%,['Bananas'],,Rainfed,['Weeding'],3.0,2.0,0.0,5.0,0.0,0.0,200.0,125.0,500.0,500.0,,200.0,It's picked from your farm,Supplier,
F-1271,1.0,Kayunga,1,yes,3.0,no,,no,,no,Agricultural Use,Agreement/lease,,no,,yes,,yes,,no,,,yes,,yes,,Yes,,no,,yes,,yes,,yes,,no,,2.3,1100.8,1.010247,650.0,600.0,2015-05-12 03:00:00Z,0-25%,75-100%,['Bananas'],,Rainfed,['Using Fertilizers'],0.0,0.0,0.0,0.0,0.0,0.0,600.0,400.0,800.0,800.0,,600.0,It's picked from your farm,Cooperative representative,
F-1272,1.0,Kayunga,1,yes,3.0,no,,no,,yes,Agricultural Use,Agreement/lease,,no,,yes,,yes,,yes,yes,,yes,,yes,,Yes,,no,,yes,,yes,,yes,,no,,0.64548796,1085.659,1.902217,1250.0,1200.0,2007-03-12 03:00:00Z,0-25%,75-100%,['Bananas'],,Rainfed,['Using Fertilizers'],3.0,1.0,2.0,3.0,0.0,0.0,700.0,450.0,1000.0,1000.0,,700.0,It's picked from your farm,Cooperative representative,
F-1273,1.0,Kayunga,1,yes,6.0,no,,no,,yes,Agricultural Use,Agreement/lease,,no,,yes,,yes,,yes,yes,,yes,,yes,,Yes,,no,,yes,,yes,,yes,,no,,2.2,1092.3,2.65565,950.0,900.0,2009-04-17 03:00:00Z,0-25%,75-100%,['Bananas'],,Rainfed,['Using Fertilizers'],0.0,0.0,0.0,0.0,0.0,0.0,600.0,400.0,800.0,800.0,,600.0,It's picked from your farm,Cooperative representative,
F-1274,,Luwero,4,Yes,7.0,No,,No,,No,100% Agricultural,Lease,,No,,No,,Yes,,No,,,Yes,,Yes,,Yes,,No,No child labor employed,Yes,,Yes,,Yes,,No,No corruption observed,,,4.022971,200.0,1891.0,1999-04-10 03:00:00Z,0-25%,75-100%,"Bananas, Cassava",,Rainfed,"Mulching, Pruning",4.0,2.0,5.0,5.0,2.0,0.0,,1484.0,,3402.0,,946.0,Luwero,Local Trader,
F-1275,,Luwero,3,No,5.0,No,,No,,Yes,100% Agricultural,Lease,,No,,Yes,Lack of resources for buffer zones,No,,No,,,No,,Yes,,Yes,,No,No child labor employed,No,,Yes,,No,,No,No corruption observed,,,4.531499,1000.0,1345.0,1980-06-19 03:00:00Z,0-25%,75-100%,"Maize, Beans",,Rainfed,"Mulching, Pruning",1.0,0.0,5.0,5.0,4.0,0.0,,1431.0,,3349.0,,766.0,Luwero,Local Trader,
F-1276,,Luwero,3,No,10.0,No,,No,,Yes,100% Agricultural,Deed of Property,,No,,Yes,,Yes,,No,,,No,No interaction with cultural leaders,Yes,Issues with equal pay reported,Yes,,No,No child labor employed,Yes,Irregular schedules due to seasonal work,Yes,Lack of training on rights,Yes,,No,No corruption observed,,,3.216136,40.0,3021.0,2021-05-02 03:00:00Z,0-25%,75-100%,"Maize, Beans",,Irrigated,"Mulching, Pruning",1.0,9.0,6.0,4.0,3.0,0.0,,551.0,,150.0,,2252.0,Luwero,Local Trader,
F-1277,1.0,Kayunga,1,yes,10.0,no,,no,,no,Natural forest,Customary,,no,,yes,,yes,,yes,yes,,yes,,yes,,yes,,no,,yes,,yes,,yes,,no,,10.2,1071.1,0.220918,900.0,800.0,2000-09-09 03:00:00Z,0-25%,75-100%,['Bananas'],,Rainfed,['Using Fertilizers'],0.0,0.0,1.0,1.0,0.0,0.0,400.0,400.0,1600.0,1600.0,800.0,800.0,It's picked from your farm,Supplier,
F-1278,1.0,Kayunga,1,yes,6.0,no,,no,,yes,Agricultural Use,Customary,,no,,yes,,yes,,no,,,yes,,yes,,yes,,no,,yes,,yes,,yes,,no,,12.147,1057.0,0.592627,1050.0,1000.0,1998-09-16 03:00:00Z,0-25%,75-100%,"['Bananas', 'Beans']",,Rainfed,"['Intercropping', 'Weeding']",3.0,3.0,2.0,4.0,6.0,0.0,1000.0,850.0,2000.0,2000.0,,1000.0,At a hulling station,Supplier,
F-1279,1.0,Kayunga,2025-05-10 00:00:00,yes,5.0,no,,no,,no,Agricultural Use,Title,,no,,yes,,yes,,yes,yes,,yes,,yes,,yes,,no,,yes,,yes,,yes,,no,,3.216,1072.28002929687,0.402199,100.0,90.0,2006-10-12 03:00:00Z,0-25%,75-100%,['Beans'],,Irrigated,['Using Fertilizers'],10.0,5.0,10.0,30.0,3.0,2.0,160.0,100.0,100.0,100.0,,160.0,It's picked from your farm,Supplier,
F-1280,1.0,Kayunga,1,yes,6.0,no,,no,,yes,Agricultural Use,Customary,,no,,yes,,yes,,no,,,yes,,yes,,yes,,no,,yes,,yes,,yes,,no,,4.6,1067.4,0.683724,1050.0,1000.0,2000-08-14 03:00:00Z,0-25%,75-100%,"['Bananas', 'Beans']",,Rainfed,"['Intercropping', 'Weeding']",2.0,3.0,2.0,3.0,5.0,0.0,1000.0,850.0,2000.0,2000.0,,1000.0,It's picked from your farm,Supplier,
F-1281,1.0,Kayunga,2025-05-10 00:00:00,yes,7.0,no,,no,,no,Agricultural Use,Title,,no,,yes,,yes,,yes,yes,,yes,,yes,,yes,,no,,yes,,yes,,yes,,no,,3.216,1060.08093261718,0.172983,100.0,80.0,2007-11-10 03:00:00Z,0-25%,75-100%,['Beans'],,Irrigated,['Using Fertilizers'],15.0,5.0,10.0,40.0,5.0,5.0,150.0,200.0,100.0,100.0,,150.0,It's picked from your farm,Supplier,
F-1282,1.0,Kayunga,2025-05-10 00:00:00,yes,6.0,no,,no,,no,Agricultural Use,Title,,no,,yes,,yes,,yes,yes,,yes,,yes,,yes,,no,,yes,,yes,,yes,,no,,3.216,1076.17932128906,0.944542,100.0,70.0,2007-03-10 03:00:00Z,0-25%,75-100%,['Beans'],,Irrigated,['Using Fertilizers'],15.0,10.0,10.0,40.0,3.0,2.0,150.0,100.0,100.0,100.0,,150.0,It's picked from your farm,Supplier,
F-1283,1.0,Luwero,1,yes,6.0,no,,no,,yes,Agricultural Use,Customary,,no,,yes,,yes,,yes,yes,,yes,,yes,,yes,,no,,yes,,yes,,yes,,no,,2.3,1131.2,0.9963,1020.0,1020.0,2006-06-09 03:00:00Z,0-25%,75-100%,"['Bananas', 'Beans']",,Rainfed,"['Using Fertilizers', 'Pruning', 'Weeding', 'Intercropping']",2.0,1.0,1.0,5.0,1.0,0.0,450.0,405.0,900.0,900.0,,450.0,It's picked from your farm,Supplier,
F-1284,,Nakaseke,5,Yes,9.0,No,,No,,No,100% Agricultural,Customary,,No,,Yes,,Yes,,No,,,No,No interaction with cultural leaders,Yes,,Yes,,No,No child labor employed,Yes,,Yes,,Yes,,No,No corruption observed,,,3.752364,1250.0,413.0,1990-08-17 03:00:00Z,0-25%,75-100%,"Bananas, Cassava",,Rainfed,"Mulching, Pruning",3.0,7.0,0.0,1.0,10.0,0.0,,754.0,,2763.0,,2051.0,Nakaseke,Local Trader,
F-1285,1.0,Kayunga,1,yes,7.0,no,,no,,yes,Agricultural Use,Agreement/lease,,no,,yes,,yes,,no,,,yes,,yes,,yes,,no,,yes,,yes,,yes,,no,,0.6586742,1056.051,0.191033,1700.0,1500.0,2012-08-02 03:00:00Z,0-25%,75-100%,['Bananas'],,Rainfed,"['Using Fertilizers', 'Pruning', 'Weeding', 'Intercropping']",10.0,2.0,4.0,8.0,12.0,0.0,1500.0,1350.0,3000.0,3000.0,,1500.0,It's picked from your farm,Supplier,
F-1286,1.0,Kayunga,1,yes,6.0,no,,no,,yes,Agricultural Use,Agreement/lease,,no,,yes,,yes,,no,,,yes,,yes,,yes,,no,,yes,,yes,,yes,,no,,2.0989003,1010.935,0.783125,1700.0,1500.0,2000-04-08 03:00:00Z,0-25%,75-100%,"['Bananas', 'Tobacco']",,Rainfed,"['Pruning', 'Weeding', 'Intercropping']",7.0,3.0,6.0,4.0,10.0,0.0,1500.0,1350.0,3000.0,3000.0,,1500.0,It's picked from your farm,Supplier,
F-1287,1.0,Kayunga,1,no,6.0,no,,no,,yes,Agricultural Use,Title,,no,,yes,,yes,,no,,,yes,,yes,,yes,,no,,yes,,yes,,yes,,no,,2.0,1080.7,0.989498,1050.0,1000.0,2003-03-12 03:00:00Z,0-25%,75-100%,"['Bananas', 'Beans']",,Rainfed,"['Using Fertilizers', 'Pruning', 'Weeding', 'Intercropping']",1.0,1.0,1.0,1.0,0.0,0.0,1000.0,900.0,2000.0,2000.0,,1000.0,It's picked from your farm,Supplier,
F-1288,1.0,Luwero,1,yes,7.0,no,,no,,yes,Agricultural Use,Agreement/lease,,no,,yes,,yes,,yes,yes,,yes,,yes,,yes,,no,,yes,,yes,,yes,,no,,8.5,1150.0,2.80514,360.0,100.0,2000-03-10 03:00:00Z,0-25%,75-100%,['Bananas'],,Rainfed,"['Pruning', 'Weeding']",0.0,0.0,0.0,3.0,0.0,0.0,500.0,500.0,1000.0,1000.0,,500.0,It's picked from your farm,Supplier,
F-1289,1.0,Kayunga,2025-05-10 00:00:00,yes,6.0,no,,no,,no,Agricultural Use,Title,,no,,yes,,yes,,yes,yes,,yes,,yes,,yes,,no,,yes,,yes,,yes,,no,,4.288,1080.05895996093,0.530734,100.0,80.0,2006-02-12 03:00:00Z,0-25%,75-100%,['Beans'],,Irrigated,['Using Fertilizers'],15.0,5.0,10.0,40.0,5.0,5.0,150.0,100.0,100.0,100.0,,150.0,It's picked from your farm,Supplier,
F-1290,1.0,Kayunga,1,no,3.0,no,,no,,no,Agricultural Use,Title,,no,,yes,,yes,,yes,yes,,yes,,yes,,yes,,no,,yes,,yes,,yes,,no,,1.25,1100.9,0.246666,850.0,800.0,1980-02-02 03:00:00Z,0-25%,75-100%,"['Bananas', 'Beans']",,Rainfed,"['Using Fertilizers', 'Weeding', 'Intercropping']",0.0,1.0,0.0,1.0,0.0,0.0,800.0,400.0,1600.0,1600.0,,800.0,It's picked from your farm,Supplier,
F-1291,1.0,Luwero,3,yes,5.0,no,,no,,yes,Agricultural Use,Agreement/lease,,no,,yes,,yes,,no,,,yes,,yes,,yes,,no,,yes,,yes,,yes,,no,,3.5819747,1103.637,1.581661,1350.0,900.0,1998-12-04 03:00:00Z,0-25%,75-100%,"['Bananas', 'Beans']",,Rainfed,['Using Fertilizers'],3.0,1.0,2.0,2.0,4.0,0.0,750.0,637.0,1500.0,1500.0,,750.0,It's picked from your farm,Supplier,
F-1292,1.0,Kayunga,1,yes,6.0,no,,no,,yes,Agricultural Use,Title,,no,,yes,,yes,,no,,,yes,,yes,,yes,,no,,yes,,yes,,yes,,no,,2.1,1069.69999999999,0.916798,830.0,780.0,1993-12-12 03:00:00Z,0-25%,75-100%,"['Bananas', 'Beans']",,Rainfed,"['Using Fertilizers', 'Pruning', 'Weeding', 'Intercropping']",3.0,1.0,3.0,1.0,0.0,0.0,780.0,730.0,1560.0,1560.0,,780.0,It's picked from your farm,Supplier,
F-1293,,Luwero,5,No,9.0,No,,No,,Yes,100% Agricultural,Customary,,No,,Yes,,Yes,Limited knowledge of waste management,No,,,No,,Yes,,Yes,,No,No child labor employed,Yes,,Yes,,Yes,Unaware of tax obligations,No,No corruption observed,,,3.416591,10000.0,1966.0,1974-08-12 03:00:00Z,0-25%,75-100%,,,Rainfed,"Intercropping, Soil Testing",2.0,2.0,5.0,5.0,5.0,0.0,,1100.0,,4715.0,,1106.0,Luwero,Local Trader,
F-1294,1.0,Mukono,1,yes,3.0,No,,,,yes,,,,,,,,,,,,,,,,,,,,,,,,,,,,,5.681,1151.783,0.114694,,,,,,,,,,,,,,,,,,,,,,,,
F-1295,1.0,Kayunga,2025-05-10 00:00:00,yes,10.0,no,,no,,no,Agricultural Use,Title,,no,,yes,,yes,,yes,yes,,yes,,yes,,yes,,no,,yes,,yes,,yes,,no,,3.216,1076.87927246093,0.742087,100.0,80.0,2006-04-12 03:00:00Z,0-25%,75-100%,['Beans'],,Irrigated,['Using Fertilizers'],10.0,5.0,10.0,30.0,3.0,2.0,150.0,100.0,100.0,100.0,,150.0,It's picked from your farm,Supplier,
F-1296,1.0,Kayunga,1,no,7.0,no,,no,,yes,Agricultural Use,Title,,no,,yes,,yes,,yes,yes,,yes,,yes,,yes,,no,,yes,,yes,,yes,,no,,3.2,1064.3,0.206646,200.0,189.0,1990-09-12 03:00:00Z,0-25%,75-100%,"['Bananas', 'Beans', 'Millet']",,Rainfed,"['Using Fertilizers', 'Pruning', 'Weeding', 'Intercropping']",1.0,2.0,1.0,2.0,1.0,0.0,1000.0,500.0,2000.0,2000.0,,1000.0,It's picked from your farm,Supplier,
F-1297,1.0,Kayunga,1,yes,2.0,no,,no,,yes,Agricultural Use,Customary,,no,,yes,,yes,,no,,,yes,,yes,,yes,,no,,yes,,yes,,yes,,no,,3.9,1054.4,0.481061,1050.0,1000.0,2000-08-12 03:00:00Z,0-25%,75-100%,['Bananas'],,Rainfed,"['Intercropping', 'Weeding']",5.0,4.0,3.0,6.0,90.0,0.0,950.0,950.0,2000.0,2000.0,1000.0,1000.0,It's picked from your farm,Supplier,
F-1298,1.0,Luwero,3,No,2.0,No,,No,,Yes,100% Agricultural,Other,,No,,Yes,,Yes,,No,,,Yes,No interaction with cultural leaders,Yes,,Yes,,No,No child labor employed,Yes,,Yes,,Yes,,No,No corruption observed,,,3.282196,200.0,3050.0,2005-04-09 03:00:00Z,0-25%,75-100%,,,Rainfed,"Intercropping, Soil Testing",5.0,6.0,10.0,0.0,6.0,0.0,,1851.0,,1579.0,,2289.0,Luwero,Local Trader,
F-1299,,Nakaseke,2,Yes,4.0,No,,No,,Yes,100% Agricultural,Deed of Property,,No,,Yes,,Yes,,No,,,No,,Yes,,Yes,,No,No child labor employed,No,,Yes,,No,,No,No corruption observed,,,3.397951,279.0,1429.0,2022-09-11 03:00:00Z,0-25%,75-100%,"Matoke, Groundnuts",,Irrigated,"Intercropping, Soil Testing",6.0,0.0,1.0,2.0,0.0,0.0,,217.0,,1687.0,,2256.0,Nakaseke,Local Trader,
F-1300,1.0,Kayunga,1,yes,6.0,no,,no,,no,Natural forest,Customary,,no,,yes,,yes,,yes,yes,,yes,,yes,,yes,,no,,yes,,yes,,yes,,no,,5.8,1106.0,2.058634,900.0,600.0,2001-09-09 03:00:00Z,0-25%,75-100%,['Bananas'],,Rainfed,['Using Fertilizers'],0.0,1.0,1.0,1.0,0.0,0.0,300.0,150.0,1200.0,1200.0,,300.0,It's picked from your farm,Supplier,
F-1301,1.0,Kayunga,2,yes,4.0,no,,no,,yes,Agricultural Use,Customary,,no,,yes,,yes,,yes,yes,,yes,,yes,,yes,,no,,yes,,yes,,yes,,no,,8.7,1058.4,1.415545,1500.0,1200.0,2003-02-09 03:00:00Z,0-25%,75-100%,['Bananas'],,Rainfed,"['Using Fertilizers', 'Pruning', 'Weeding']",4.0,2.0,4.0,2.0,6.0,0.0,1200.0,1000.0,2400.0,2400.0,,1200.0,At a hulling station,Supplier,
F-1302,1.0,Luwero,1,yes,5.0,no,,no,,yes,Agricultural Use,Customary,,no,,yes,,yes,,yes,yes,,yes,,yes,,yes,,no,,yes,,yes,,yes,,no,,1.7670679,1173.778,0.433909,220.0,170.0,2018-03-02 03:00:00Z,0-25%,75-100%,['Bananas'],,Rainfed,['Intercropping'],1.0,3.0,1.0,4.0,1.0,0.0,100.0,50.0,100.0,100.0,,100.0,It's picked from your farm,Supplier,
F-1303,1.0,Luwero,2,No,5.0,No,,No,,No,100% Agricultural,Deed of Property,,No,,No,,Yes,,No,,,No,No interaction with cultural leaders,Yes,,Yes,,No,No child labor employed,Yes,,Yes,,No,Unaware of tax obligations,No,No corruption observed,,,2.673606,350.0,1926.0,1998-08-12 03:00:00Z,0-25%,75-100%,"Maize, Beans",,Irrigated,"Composting, Pest Management",9.0,1.0,0.0,4.0,7.0,0.0,,381.0,,4881.0,,479.0,Luwero,Local Trader,
F-1304,1.0,Luwero,2,No,5.0,No,,No,,No,100% Agricultural,Deed of Property,,No,,No,,Yes,,No,,,No,No interaction with cultural leaders,Yes,,Yes,,No,No child labor employed,Yes,,Yes,,No,Unaware of tax obligations,No,No corruption observed,,,0.939934,250.0,1926.0,1986-08-12 03:00:00Z,0-25%,75-100%,"Maize, Beans",,Irrigated,"Composting, Pest Management",9.0,1.0,0.0,4.0,7.0,0.0,,381.0,,4881.0,,479.0,Luwero,Local Trader,
F-1305,1.0,Luwero,1,yes,5.0,no,,no,,yes,Agricultural Use,Title,,no,,yes,,yes,,no,,,yes,,yes,,yes,,no,,yes,,yes,,yes,,no,,1.504,1183.362,0.930205,1350.0,1200.0,2009-02-13 03:00:00Z,0-25%,50-75%,['Bananas'],,Rainfed,"['Pruning', 'Weeding', 'Intercropping']",2.0,2.0,0.0,4.0,0.0,0.0,,750.0,,3000.0,,1500.0,At a hulling station,Hulling Station representative,
F-1306,1.0,Luwero,More than 10,yes,4.0,no,,no,,yes,Agricultural Use,Agreement/lease,,no,,yes,,yes,,no,,,yes,,yes,,yes,,no,,yes,,yes,,yes,,no,,4.0,1059.1,5.747651,450.0,100.0,2013-10-03 03:00:00Z,0-25%,75-100%,"['Bananas', 'Beans']",,Rainfed,['Weeding'],1.0,1.0,1.0,1.0,1.0,1.0,400.0,360.0,8000.0,8000.0,,400.0,It's picked from your farm,Supplier,
F-1307,1.0,Kayunga,1,yes,4.0,no,,no,,yes,Agricultural Use,Customary,,no,,yes,,yes,,no,,,yes,,yes,,yes,,no,,yes,,yes,,yes,,no,,8.5,1055.1,0.916031,1150.0,1100.0,1980-08-12 03:00:00Z,0-25%,75-100%,['Bananas'],,Rainfed,"['Intercropping', 'Weeding']",4.0,5.0,5.0,4.0,9.0,0.0,1200.0,1100.0,2400.0,2400.0,,1200.0,At a hulling station,Supplier,
F-1308,1.0,Luwero,1,yes,6.0,no,,no,,yes,Agricultural Use,Agreement/lease,,no,,yes,,yes,,no,,,yes,,yes,,yes,,no,,yes,,yes,,yes,,no,,0.717,1119.546,0.250682,1310.0,1260.0,2009-08-07 03:00:00Z,0-25%,75-100%,['Bananas'],,Rainfed,['Using Fertilizers'],0.0,1.0,0.0,1.0,1.0,0.0,1350.0,1260.0,2700.0,2700.0,,1350.0,It's picked from your farm,Supplier,
F-1309,1.0,Luwero,1,yes,3.0,no,,no,,yes,Agricultural Use,Agreement/lease,,no,,yes,,yes,,no,,,yes,,yes,,yes,,no,,yes,,yes,,yes,,no,,1.99,1096.639,1.52325,400.0,100.0,2000-03-20 03:00:00Z,0-25%,75-100%,['Bananas'],,Rainfed,"['Pruning', 'Weeding']",4.0,0.0,4.0,0.0,0.0,0.0,500.0,160.0,300.0,300.0,,500.0,It's picked from your farm,Supplier,
F-1310,,Luwero,3,No,6.0,no,,No,,Yes,100% Agricultural,Lease,,No,,No,,Yes,,No,,,Yes,No interaction with cultural leaders,Yes,,Yes,,No,No child labor employed,Yes,,Yes,,Yes,,No,No corruption observed,,,3.002717,608.0,938.0,,0-25%,75-100%,,,Rainfed,"Mulching, Pruning",2.0,5.0,9.0,0.0,0.0,0.0,,1405.0,,713.0,,2057.0,Luwero,Local Trader,
F-1311,1.0,Kayunga,1,yes,3.0,no,,no,,yes,Agricultural Use,Title,,no,,yes,,yes,,no,,,yes,,yes,,yes,,no,,yes,,yes,,yes,,no,,3.4,1080.1,0.313578,1050.0,1000.0,1990-04-13 03:00:00Z,0-25%,75-100%,"['Bananas', 'Beans']",,Rainfed,"['Using Fertilizers', 'Weeding', 'Intercropping']",1.0,1.0,2.0,1.0,0.0,0.0,1000.0,800.0,2000.0,2000.0,,1000.0,It's picked from your farm,Supplier,
F-1312,1.0,Kayunga,1,yes,2.0,no,,no,,yes,Agricultural Use,Title,,no,,yes,,yes,,yes,yes,,yes,,yes,,yes,,no,,yes,,yes,,yes,,no,,10.079,1075.19999999999,0.168037,450.0,400.0,1977-09-08 03:00:00Z,0-25%,75-100%,"['Bananas', 'Beans', 'Sorghum']",,Rainfed,"['Using Fertilizers', 'Pruning', 'Weeding', 'Intercropping']",0.0,2.0,0.0,1.0,0.0,0.0,2500.0,2000.0,5000.0,5000.0,,2500.0,It's picked from your farm,Supplier,
F-1313,,Luwero,5,No,6.0,No,,No,,Yes,100% Agricultural,Other,,No,,Yes,,No,,No,,,Yes,No interaction with cultural leaders,No,,Yes,,No,No child labor employed,Yes,,Yes,,Yes,,No,No corruption observed,,,2.455815,400.0,1044.0,1996-02-11 03:00:00Z,0-25%,75-100%,"Bananas, Cassava",,Rainfed,"Intercropping, Soil Testing",2.0,7.0,10.0,1.0,3.0,0.0,,1513.0,,4586.0,,569.0,Luwero,Local Trader,
F-1314,,Luwero,5,No,6.0,No,,No,,Yes,100% Agricultural,Other,,No,,Yes,,No,,No,,,Yes,No interaction with cultural leaders,No,,Yes,,No,No child labor employed,Yes,,Yes,,Yes,,No,No corruption observed,,,3.604269,1200.0,1044.0,1990-02-11 03:00:00Z,0-25%,75-100%,"Bananas, Cassava",,Rainfed,"Intercropping, Soil Testing",2.0,7.0,10.0,1.0,3.0,0.0,,1513.0,,4586.0,,569.0,Luwero,Local Trader,
F-1315,1.0,Luwero,1,yes,6.0,no,,no,,yes,Agricultural Use,Agreement/lease,,no,,yes,,yes,,yes,yes,,yes,,yes,,yes,,no,,yes,,yes,,yes,,no,,13.5,1062.0,0.754333,1250.0,1200.0,2010-09-14 03:00:00Z,0-25%,75-100%,['Bananas'],,Rainfed,"['Pruning', 'Weeding', 'Intercropping']",3.0,3.0,0.0,5.0,6.0,0.0,2700.0,1250.0,27.0,27.0,,2700.0,It's picked from your farm,Supplier,
F-1316,,Nakaseke,1,No,4.0,No,,No,,Yes,100% Agricultural,Deed of Property,,No,,Yes,,Yes,,No,,,No,,Yes,,Yes,,No,No child labor employed,Yes,,Yes,,Yes,,No,No corruption observed,,,4.908041,1210.0,315.0,2005-06-12 03:00:00Z,0-25%,75-100%,"Bananas, Cassava",,Rainfed,"Composting, Pest Management",2.0,3.0,0.0,0.0,1.0,0.0,,355.0,,2392.0,,1514.0,Nakaseke,Local Trader,
F-1317,1.0,Kayunga,1,yes,5.0,no,,no,,yes,Agricultural Use,Title,,no,,yes,,yes,,yes,yes,,yes,,yes,,yes,,no,,yes,,yes,,yes,,no,,3.2,1097.4,0.203171,400.0,350.0,1990-09-12 03:00:00Z,0-25%,75-100%,"['Bananas', 'Millet', 'Beans', 'Sorghum']",,Rainfed,"['Using Fertilizers', 'Pruning', 'Weeding', 'Intercropping']",2.0,2.0,1.0,2.0,0.0,0.0,2500.0,1250.0,5000.0,5000.0,,2500.0,It's picked from your farm,Supplier,
F-1318,1.0,Luwero,1,no,4.0,no,,no,,yes,Agricultural Use,Agreement/lease,,no,,yes,,yes,,no,,,yes,,yes,,yes,,no,,yes,,yes,,yes,,no,,11.5,1103.0,0.253528,1250.0,1200.0,2011-09-13 03:00:00Z,0-25%,75-100%,['Bananas'],,Rainfed,"['Pruning', 'Weeding', 'Intercropping']",2.0,1.0,0.0,3.0,3.0,0.0,1250.0,1200.0,2700.0,2700.0,,1250.0,It's picked from your farm,Supplier,
F-1319,,Luwero,4,No,2.0,No,,No,,No,100% Agricultural,Customary,,No,,Yes,,Yes,,No,,,Yes,,Yes,,Yes,,No,No child labor employed,Yes,,No,,Yes,,No,No corruption observed,,,3.598547,800.0,1789.0,2013-05-05 03:00:00Z,0-25%,75-100%,,,Rainfed,"Mulching, Pruning",1.0,2.0,5.0,5.0,0.0,0.0,,722.0,,4582.0,,1888.0,Luwero,Local Trader,
F-1320,1.0,Kayunga,1,yes,6.0,no,,no,,yes,Agricultural Use,Agreement/lease,,no,,yes,,yes,,no,,,yes,,yes,,yes,,no,,yes,,yes,,yes,,no,,1.1002603,1033.56,0.421903,1200.0,1000.0,2013-07-08 03:00:00Z,0-25%,75-100%,"['Bananas', 'Tobacco']",,Rainfed,"['Using Fertilizers', 'Pruning', 'Weeding', 'Intercropping']",4.0,3.0,3.0,4.0,7.0,0.0,1000.0,900.0,2000.0,2000.0,,1000.0,It's picked from your farm,Supplier,
F-1321,,Nakaseke,5,Yes,2.0,No,,No,,No,100% Agricultural,Other,,No,,Yes,,Yes,,No,,,No,,Yes,,Yes,,No,No child labor employed,Yes,,Yes,Lack of training on rights,Yes,,No,No corruption observed,,,4.370579,63.0,1374.0,2018-03-02 03:00:00Z,0-25%,75-100%,,,Rainfed,"Mulching, Pruning",12.0,7.0,5.0,5.0,12.0,0.0,,304.0,,4419.0,,1711.0,Nakaseke,Local Trader,
F-1322,1.0,Kayunga,1,yes,5.0,no,,no,,yes,Agricultural Use,Title,,no,,yes,,yes,,no,,,yes,,yes,,yes,,no,,yes,,yes,,yes,,no,,2.6,1123.5,0.607896,600.0,550.0,2003-03-11 03:00:00Z,0-25%,75-100%,"['Bananas', 'Beans']",,Rainfed,"['Using Fertilizers', 'Pruning', 'Weeding', 'Intercropping']",2.0,1.0,1.0,2.0,0.0,0.0,550.0,500.0,1100.0,1100.0,,550.0,It's picked from your farm,Supplier,
F-1323,1.0,Luwero,1,yes,3.0,no,,no,,yes,Agricultural Use,Agreement/lease,,no,,yes,,yes,,no,,,yes,,yes,,yes,,no,,yes,,yes,,yes,,no,,0.741,1109.909,2.479697,1050.0,1000.0,1999-09-19 03:00:00Z,0-25%,75-100%,['Bananas'],,Rainfed,['Weeding'],1.0,1.0,1.0,2.0,0.0,0.0,400.0,350.0,600.0,600.0,,400.0,It's picked from your farm,Supplier,
F-1324,1.0,Kayunga,2,no,2.0,no,,no,,yes,Agricultural Use,Title,,no,,yes,,yes,,yes,yes,,yes,,yes,,yes,,no,,yes,,yes,,yes,,no,,2.366,1128.626,0.609057,150.0,100.0,2003-02-14 03:00:00Z,0-25%,75-100%,['Bananas'],,Rainfed,['Using Fertilizers'],1.0,1.0,2.0,2.0,1.0,1.0,13.0,120.0,12.0,12.0,,13.0,It's picked from your farm,Supplier,
F-1325,1.0,Kayunga,1,yes,4.0,no,,no,,yes,Agricultural Use,Title,,no,,yes,,yes,,no,,,yes,,yes,,yes,,no,,yes,,yes,,yes,,no,,9.648001,1101.0,0.237988,120.0,10.0,2020-04-21 03:00:00Z,0-25%,75-100%,['Bananas'],,Rainfed,['Intercropping'],3.0,1.0,0.0,4.0,0.0,0.0,9.0,900.0,20.0,20.0,10.0,10.0,At a hulling station,Supplier,
F-1326,1.0,Kayunga,2025-05-10 00:00:00,yes,8.0,no,,no,,no,Agricultural Use,Title,,no,,yes,,yes,,yes,yes,,yes,,yes,,yes,,no,,yes,,yes,,yes,,no,,7.504,1069.12438964843,1.892019,300.0,100.0,2020-04-21 03:00:00Z,0-25%,75-100%,['Beans'],,Irrigated,['Using Fertilizers'],25.0,15.0,10.0,60.0,5.0,5.0,120.0,200.0,100.0,100.0,,120.0,It's picked from your farm,Supplier,
F-1327,1.0,Kayunga,1,yes,2.0,no,,no,,no,Agricultural Use,Title,,no,,yes,,yes,,yes,yes,,yes,,yes,,yes,,no,,yes,,yes,,yes,,no,,2.2,1074.0,0.75031,750.0,700.0,1998-10-02 03:00:00Z,0-25%,75-100%,"['Bananas', 'Cocoa']",,Rainfed,"['Using Fertilizers', 'Weeding', 'Intercropping']",0.0,1.0,0.0,1.0,0.0,0.0,200.0,100.0,500.0,400.0,300.0,200.0,It's picked from your farm,Supplier,
F-1328,1.0,Kayunga,2,no,2.0,no,,no,,yes,Agricultural Use,Title,,no,,yes,,yes,,no,,,yes,,yes,,yes,,no,,yes,,yes,,yes,,no,,5.36,1094.62451171875,0.395105,150.0,100.0,2010-10-12 03:00:00Z,0-25%,75-100%,"['Bananas', 'Beans']",,Rainfed,['Using Fertilizers'],1.0,1.0,0.0,2.0,2.0,0.0,50.0,90.0,100.0,100.0,,50.0,At a hulling station,Supplier,
F-1329,1.0,Luwero,1,yes,5.0,no,,no,,yes,Agricultural Use,Title,,no,,yes,,yes,,no,,,yes,,yes,,yes,,no,,yes,,yes,,yes,,no,,1.062,1106.983,0.581357,1310.0,1260.0,1990-08-10 03:00:00Z,0-25%,75-100%,['Bananas'],,Rainfed,['Weeding'],2.0,2.0,0.0,4.0,4.0,0.0,1350.0,1260.0,2700.0,2700.0,,1350.0,It's picked from your farm,Supplier,
F-1330,,Nakaseke,4,Yes,8.0,No,NALUVULE WOTOYITIDDE COFFEE FARMERS AND CORPORATIVE SOCIETY LTD,No,,Yes,100% Agricultural,Deed of Property,,No,,Yes,,Yes,Limited knowledge of waste management,No,,,No,,Yes,Issues with equal pay reported,Yes,,No,No child labor employed,Yes,,Yes,,Yes,,No,No corruption observed,,,3.272995,2000.0,1109.0,2000-04-23 03:00:00Z,0-25%,75-100%,,,Rainfed,"Mulching, Pruning",4.0,9.0,0.0,0.0,5.0,0.0,,1324.0,,2085.0,,1500.0,Nakaseke,Local Trader,
F-1331,1.0,Kayunga,1,yes,8.0,no,,no,,yes,Agricultural Use,Agreement/lease,,no,,yes,,yes,,no,,,yes,,yes,,yes,,no,,yes,,yes,,yes,,no,,0.84339315,1086.768,0.157222,1700.0,1500.0,2000-05-07 03:00:00Z,0-25%,75-100%,['Bananas'],,Rainfed,"['Using Fertilizers', 'Pruning', 'Weeding', 'Intercropping']",9.0,3.0,2.0,9.0,11.0,0.0,1500.0,1350.0,3000.0,3000.0,,1500.0,It's picked from your farm,Supplier,
F-1332,,Luwero,2,Yes,7.0,No,,No,,Yes,100% Agricultural,Customary,,No,,Yes,,No,,No,,,No,,Yes,,Yes,,No,No child labor employed,Yes,,Yes,,Yes,,No,No corruption observed,,,3.095808,238.0,466.0,2014-02-11 03:00:00Z,0-25%,75-100%,"Bananas, Cassava",,Rainfed,"Intercropping, Soil Testing",5.0,6.0,3.0,5.0,9.0,0.0,,1915.0,,4636.0,,1062.0,Luwero,Local Trader,
F-1333,1.0,Kayunga,1,yes,4.0,no,,no,,yes,Agricultural Use,Agreement/lease,,no,,yes,,yes,,no,,,yes,,yes,,yes,,no,,yes,,yes,,yes,,no,,2.2,1055.5,1.070936,1050.0,1000.0,2010-07-13 03:00:00Z,0-25%,75-100%,"['Bananas', 'Beans']",,Rainfed,"['Intercropping', 'Weeding']",4.0,3.0,4.0,3.0,7.0,0.0,1000.0,850.0,2000.0,2000.0,,1000.0,It's picked from your farm,Supplier,
F-1334,1.0,Kayunga,1,yes,5.0,no,,no,,yes,Agricultural Use,Customary,,no,,yes,,yes,,no,,,yes,,yes,,yes,,no,,yes,,yes,,yes,,no,,1.916,1036.8,1.796347,1300.0,1200.0,1999-10-20 03:00:00Z,0-25%,75-100%,['Bananas'],,Rainfed,"['Using Fertilizers', 'Pruning', 'Intercropping', 'Weeding']",4.0,2.0,3.0,3.0,6.0,0.0,1200.0,1100.0,2400.0,2400.0,,1200.0,At a hulling station,Hulling Station representative,
F-1335,1.0,Kayunga,1,no,9.0,no,,no,,no,Natural forest,Customary,,no,,yes,,yes,,yes,yes,,yes,,yes,,yes,,no,,yes,,yes,,yes,,no,,10.678,1125.0,0.654769,900.0,800.0,2019-08-08 03:00:00Z,0-25%,75-100%,['Bananas'],,Rainfed,['Using Fertilizers'],1.0,1.0,1.0,1.0,0.0,0.0,800.0,400.0,1600.0,1600.0,,800.0,It's picked from your farm,Supplier,
F-1336,1.0,Luwero,1,yes,7.0,no,,no,,yes,Agricultural Use,Agreement/lease,,no,,yes,,yes,,no,,,yes,,yes,,yes,,no,,yes,,yes,,yes,,no,,9.0,1028.0,1.343288,420.0,1200.0,2002-01-12 03:00:00Z,0-25%,75-100%,['Bananas'],,Rainfed,"['Pruning', 'Weeding', 'Intercropping']",0.0,3.0,0.0,3.0,3.0,0.0,,1200.0,,2700.0,,1350.0,It's picked from your farm,Supplier,
F-1337,1.0,Kayunga,1,yes,3.0,no,,no,,yes,Agricultural Use,Title,,no,,yes,,yes,,yes,yes,,yes,,yes,,yes,,no,,yes,,yes,,yes,,no,,13.8,1097.5,0.265574,950.0,900.0,1987-01-02 03:00:00Z,0-25%,75-100%,"['Bananas', 'Cocoa']",,Rainfed,"['Using Fertilizers', 'Weeding', 'Intercropping']",0.0,1.0,0.0,1.0,0.0,0.0,900.0,400.0,1800.0,1800.0,,900.0,It's picked from your farm,Supplier,
F-1338,1.0,Kayunga,1,yes,2.0,no,,no,,no,Agricultural Use,Agreement/lease,,no,,yes,,yes,,no,,,yes,,yes,,Yes,,no,,yes,,yes,,yes,,no,,1.105276,1146.909,1.388476,1050.0,1000.0,2005-04-12 03:00:00Z,0-25%,75-100%,['Bananas'],,Rainfed,['Using Fertilizers'],2.0,1.0,0.0,3.0,0.0,0.0,700.0,500.0,900.0,900.0,,700.0,It's picked from your farm,Cooperative representative,
F-1339,1.0,Kayunga,1,yes,5.0,no,,no,,no,Natural forest,Customary,,no,,yes,,yes,,yes,yes,,yes,,yes,,yes,,no,,yes,,yes,,yes,,no,,3.73,1097.4,0.877108,1200.0,1000.0,2010-09-09 03:00:00Z,0-25%,75-100%,['Bananas'],,Rainfed,['Using Fertilizers'],1.0,1.0,1.0,0.0,1.0,0.0,1000.0,500.0,2000.0,2000.0,,1000.0,It's picked from your farm,Supplier,
F-1340,,Luwero,4,Yes,6.0,No,,No,,Yes,100% Agricultural,Other,,No,,Yes,,Yes,,No,,,Yes,,Yes,,Yes,,No,No child labor employed,No,,Yes,,Yes,,No,No corruption observed,,,3.484754,110.0,1926.0,1994-02-12 03:00:00Z,0-25%,75-100%,"Bananas, Cassava",,Irrigated,"Composting, Pest Management",12.0,1.0,6.0,2.0,11.0,0.0,,531.0,,2459.0,,572.0,Luwero,Local Trader,
F-1341,,Luwero,4,Yes,6.0,No,,No,,Yes,100% Agricultural,Other,,No,,Yes,,Yes,,No,,,Yes,,Yes,,Yes,,No,No child labor employed,No,,Yes,,Yes,,No,No corruption observed,,,3.396082,1500.0,1926.0,1998-02-01 03:00:00Z,0-25%,75-100%,"Bananas, Cassava",,Irrigated,"Composting, Pest Management",12.0,1.0,6.0,2.0,11.0,0.0,,531.0,,2459.0,,572.0,Luwero,Local Trader,
F-1342,,Luwero,4,Yes,7.0,No,,No,,Yes,100% Agricultural,Customary,,No,,Yes,,Yes,,No,,,No,,Yes,,Yes,,No,No child labor employed,Yes,,Yes,,Yes,,No,No corruption observed,,,4.663048,150.0,3429.0,,0-25%,75-100%,,,Rainfed,"Composting, Pest Management",3.0,1.0,10.0,1.0,9.0,0.0,,118.0,,4548.0,,2499.0,Luwero,Local Trader,
F-1343,,Nakaseke,3,No,2.0,no,,No,,Yes,100% Agricultural,Lease,,No,,Yes,,Yes,,No,,,Yes,,No,Issues with equal pay reported,Yes,,No,No child labor employed,Yes,,Yes,,Yes,,No,No corruption observed,,,3.277192,1000.0,1481.0,,0-25%,75-100%,"Bananas, Cassava",,Rainfed,"Mulching, Pruning",9.0,2.0,4.0,3.0,7.0,0.0,,234.0,,2022.0,,1940.0,Nakaseke,Local Trader,
F-1344,1.0,Kayunga,1,yes,5.0,no,,no,,yes,Agricultural Use,Agreement/lease,,no,,yes,,yes,,yes,yes,,yes,,yes,,Yes,,no,,yes,,yes,,yes,,no,,2.7,1066.9,1.322961,850.0,800.0,2005-03-12 03:00:00Z,0-25%,75-100%,['Bananas'],,Rainfed,['Using Fertilizers'],1.0,2.0,1.0,3.0,0.0,0.0,700.0,400.0,1000.0,1000.0,,700.0,It's picked from your farm,Cooperative representative,
F-1345,1.0,Luwero,1,yes,6.0,yes,"Kikoma ,musaale cooperative associotion",no,,yes,Agricultural Use,Title,,no,,yes,,yes,,no,,,yes,,yes,,yes,,no,,yes,,yes,,yes,,no,,1.602,1149.872,4.67642,1350.0,1100.0,2011-10-20 03:00:00Z,0-25%,75-100%,['Bananas'],,Rainfed,"['Pruning', 'Weeding']",3.0,1.0,2.0,2.0,0.0,0.0,1000.0,500.0,2000.0,2000.0,,1000.0,At a cooperative,Cooperative representative,
F-1346,1.0,Kayunga,1,no,7.0,no,,no,,yes,Agricultural Use,Customary,,no,,yes,,yes,,yes,yes,,yes,,yes,,yes,,no,,yes,,yes,,yes,,no,,10.184,1093.0,0.810733,900.0,500.0,2003-06-19 03:00:00Z,0-25%,75-100%,['Bananas'],,Rainfed,['Using Fertilizers'],1.0,1.0,2.0,2.0,2.0,0.0,360.0,360.0,800.0,800.0,400.0,400.0,At a hulling station,Cooperative representative,
F-1347,,Luwero,3,Yes,7.0,No,,No,,Yes,100% Agricultural,Customary,,No,,No,,Yes,,No,,,Yes,,Yes,,Yes,,No,No child labor employed,Yes,,Yes,,Yes,,No,No corruption observed,,,4.12832,300.0,670.0,1988-09-09 03:00:00Z,0-25%,75-100%,"Bananas, Cassava",,Rainfed,"Composting, Pest Management",1.0,1.0,0.0,2.0,1.0,0.0,,346.0,,532.0,,219.0,Luwero,Local Trader,
F-1348,1.0,Kayunga,1,yes,10.0,no,,no,,yes,Agricultural Use,Customary,,no,,yes,,yes,,no,,,yes,,yes,,yes,,no,,yes,,yes,,yes,,no,,6.31,1065.8,2.448737,1050.0,1000.0,2000-09-13 03:00:00Z,0-25%,75-100%,"['Bananas', 'Beans']",,Rainfed,"['Intercropping', 'Weeding']",4.0,7.0,5.0,6.0,11.0,0.0,1000.0,850.0,2000.0,2000.0,,1000.0,At a cooperative,Supplier,
F-1349,1.0,Kayunga,1,yes,4.0,no,,no,,yes,Agricultural Use,Title,,no,,yes,,yes,,yes,yes,,yes,,yes,,yes,,no,,yes,,yes,,yes,,no,,1.466,1090.19999999999,0.371864,450.0,400.0,2000-10-02 03:00:00Z,0-25%,75-100%,"['Bananas', 'Beans']",,Rainfed,"['Using Fertilizers', 'Pruning', 'Weeding', 'Intercropping']",2.0,1.0,0.0,1.0,0.0,0.0,2000.0,1000.0,4000.0,4000.0,,2000.0,It's picked from your farm,Supplier,
F-1350,1.0,Luwero,1,yes,3.0,no,,no,,yes,Agricultural Use,Agreement/lease,,no,,yes,,yes,,no,,,yes,,yes,,yes,,no,,yes,,yes,,yes,,no,,10.0,1030.0,2.733805,1250.0,1200.0,2009-06-14 03:00:00Z,0-25%,75-100%,"['Bananas', 'Beans']",,Rainfed,"['Pruning', 'Weeding', 'Intercropping']",0.0,3.0,0.0,3.0,3.0,0.0,1350.0,1200.0,2700.0,2700.0,,1350.0,It's picked from your farm,Supplier,
F-1351,,Luwero,4,Yes,10.0,No,,No,,No,100% Agricultural,Deed of Property,,No,,Yes,Lack of resources for buffer zones,Yes,,No,,,No,,Yes,,Yes,,No,No child labor employed,Yes,,Yes,,No,,No,No corruption observed,,,3.02725,200.0,1298.0,2011-09-12 03:00:00Z,0-25%,75-100%,"Maize, Beans",,Rainfed,"Mulching, Pruning",11.0,7.0,1.0,1.0,5.0,0.0,,648.0,,4540.0,,809.0,Luwero,Local Trader,
F-1352,1.0,Kayunga,1,no,2.0,no,,no,,no,Natural forest,Customary,,no,,yes,,yes,,yes,yes,,yes,,yes,,yes,,no,,yes,,yes,,yes,,no,,2.4,1099.4,0.502637,800.0,600.0,2001-09-09 03:00:00Z,0-25%,75-100%,['Bananas'],,Rainfed,['Using Fertilizers'],1.0,1.0,0.0,2.0,0.0,0.0,300.0,300.0,1200.0,1200.0,600.0,600.0,It's picked from your farm,Supplier,
F-1353,1.0,Kayunga,1,yes,7.0,no,,no,,yes,Agricultural Use,Customary,,no,,yes,,yes,,yes,yes,,yes,,yes,,yes,,no,,yes,,yes,,yes,,no,,1.6,1053.3,0.976486,1200.0,1000.0,2003-08-09 03:00:00Z,0-25%,75-100%,['Bananas'],,Rainfed,"['Using Fertilizers', 'Weeding', 'Intercropping', 'Pruning']",4.0,2.0,3.0,2.0,6.0,0.0,800.0,900.0,2000.0,2200.0,1000.0,1100.0,It's picked from your farm,Supplier,
F-1354,1.0,Kayunga,1,yes,4.0,no,,no,,yes,Agricultural Use,Agreement/lease,,no,,yes,,yes,,yes,yes,,yes,,yes,,yes,,no,,yes,,yes,,yes,,no,,8.25,1049.9,1.067611,1000.0,1000.0,2002-08-09 03:00:00Z,0-25%,75-100%,['Bananas'],,Rainfed,"['Using Fertilizers', 'Pruning', 'Weeding']",4.0,2.0,3.0,2.0,6.0,0.0,1000.0,800.0,2000.0,2000.0,,1000.0,It's picked from your farm,Supplier,
F-1355,,Nakaseke,1,Yes,2.0,No,,No,,Yes,100% Agricultural,Customary,,No,,Yes,,Yes,,No,,,Yes,No interaction with cultural leaders,Yes,,Yes,,No,No child labor employed,Yes,,Yes,,Yes,,No,No corruption observed,,,5.019951,450.0,253.0,2020-10-10 03:00:00Z,0-25%,75-100%,"Matoke, Groundnuts",,Irrigated,"Composting, Pest Management",11.0,11.0,0.0,3.0,10.0,0.0,,1769.0,,2318.0,,1057.0,Nakaseke,Local Trader,
F-1356,1.0,Kayunga,1,yes,7.0,no,,no,,yes,Agricultural Use,Customary,,no,,yes,,yes,,no,,,yes,,yes,,yes,,no,,yes,,yes,,yes,,no,,2.3,1060.5,0.649963,1050.0,1000.0,1995-09-12 03:00:00Z,0-25%,75-100%,"['Bananas', 'Beans']",,Rainfed,"['Intercropping', 'Weeding']",2.0,4.0,2.0,4.0,6.0,0.0,1000.0,850.0,2000.0,2000.0,,1000.0,It's picked from your farm,Supplier,
F-1357,1.0,Kayunga,1,yes,4.0,no,,no,,yes,Agricultural Use,Customary,,no,,yes,,yes,,yes,yes,,yes,,yes,,yes,,no,,yes,,yes,,yes,,no,,1.525,1044.8,0.775485,1500.0,1500.0,2004-08-09 03:00:00Z,0-25%,75-100%,"['Bananas', 'Beans']",,Rainfed,"['Using Fertilizers', 'Pruning', 'Weeding']",6.0,4.0,8.0,2.0,10.0,0.0,1500.0,700.0,3000.0,3000.0,,1500.0,It's picked from your farm,Supplier,
F-1358,1.0,Kayunga,1,yes,2.0,no,,no,,yes,Agricultural Use,Customary,,no,,yes,,yes,,no,,,yes,,yes,,yes,,no,,yes,,yes,,yes,,no,,2.1,1099.6,0.165858,750.0,700.0,1995-08-12 03:00:00Z,0-25%,75-100%,['Bananas'],,Rainfed,"['Intercropping', 'Weeding']",2.0,3.0,1.0,4.0,5.0,0.0,750.0,700.0,1500.0,1500.0,,750.0,It's picked from your farm,Supplier,
F-1359,1.0,Kayunga,2,yes,13.0,no,,no,,yes,Agricultural Use,Customary,,no,,yes,,yes,,no,,,yes,,yes,,yes,,no,,yes,,yes,,yes,,no,,10.72,1081.0,0.45117,1000.0,800.0,1999-07-25 03:00:00Z,0-25%,75-100%,['Bananas'],,Rainfed,['Weeding'],6.0,9.0,5.0,4.0,6.0,6.0,225.0,225.0,500.0,500.0,250.0,250.0,At a hulling station,Hulling Station representative,
F-1360,1.0,Kayunga,1,yes,3.0,no,,no,,yes,Agricultural Use,Customary,,no,,yes,,yes,,no,,,yes,,yes,,yes,,no,,yes,,yes,,yes,,no,,5.45,1003.5,1.308034,1050.0,1000.0,2010-08-12 03:00:00Z,0-25%,75-100%,"['Bananas', 'Beans']",,Rainfed,"['Intercropping', 'Weeding']",4.0,4.0,4.0,4.0,8.0,0.0,1000.0,850.0,2000.0,2000.0,,1000.0,It's picked from your farm,Supplier,
F-1361,1.0,Kayunga,1,yes,5.0,no,,no,,no,Agricultural Use,Agreement/lease,,no,,yes,,yes,,no,,,yes,,yes,,Yes,,no,,yes,,yes,,yes,,no,,0.9951484,1095.295,0.193699,1450.0,1400.0,2008-02-12 03:00:00Z,0-25%,75-100%,['Bananas'],,Rainfed,['Using Fertilizers'],3.0,1.0,2.0,3.0,0.0,0.0,800.0,600.0,1200.0,1200.0,,800.0,It's picked from your farm,Cooperative representative,
F-1362,,Nakaseke,5,Yes,5.0,No,,No,,Yes,100% Agricultural,Deed of Property,,No,,Yes,,Yes,,No,,,Yes,,Yes,,Yes,,No,No child labor employed,Yes,,Yes,Lack of training on rights,Yes,Unaware of tax obligations,No,No corruption observed,,,9.055364,1357.0,239.0,2001-06-12 03:00:00Z,0-25%,75-100%,"Bananas, Cassava",,Rainfed,"Composting, Pest Management",1.0,5.0,6.0,2.0,3.0,0.0,,1511.0,,1763.0,,1268.0,Nakaseke,Local Trader,
F-1363,,Luwero,2,No,7.0,No,,No,,Yes,100% Agricultural,Customary,,No,,No,,Yes,Limited knowledge of waste management,No,,,No,,Yes,,Yes,,No,No child labor employed,Yes,,No,,Yes,,No,No corruption observed,,,3.711781,1200.0,1859.0,2010-10-11 03:00:00Z,0-25%,75-100%,"Bananas, Cassava",,Rainfed,"Composting, Pest Management",2.0,2.0,4.0,0.0,2.0,0.0,,1191.0,,3329.0,,1084.0,Luwero,Local Trader,
F-1364,1.0,Kayunga,1,yes,5.0,no,,no,,yes,Agricultural Use,Agreement/lease,,no,,yes,,yes,,yes,yes,,yes,,yes,,yes,,no,,yes,,yes,,yes,,no,,9.2,1108.9,0.921928,1000.0,1000.0,2003-04-09 03:00:00Z,0-25%,75-100%,['Bananas'],,Rainfed,"['Using Fertilizers', 'Pruning', 'Weeding', 'Intercropping']",3.0,1.0,3.0,1.0,4.0,0.0,1000.0,800.0,2000.0,2000.0,,1000.0,It's picked from your farm,Supplier,
F-1365,1.0,Luwero,1,yes,1.0,no,,no,,yes,Agricultural Use,Agreement/lease,,no,,yes,,yes,,yes,yes,,yes,,yes,,yes,,no,,yes,,yes,,yes,,no,,9.0,1102.0,2.888898,1250.0,1200.0,2001-09-12 03:00:00Z,0-25%,75-100%,['Bananas'],,Rainfed,"['Using Fertilizers', 'Pruning', 'Weeding', 'Intercropping']",2.0,0.0,2.0,0.0,2.0,0.0,1250.0,1200.0,2700.0,2700.0,,1250.0,It's picked from your farm,Supplier,
F-1366,1.0,Kayunga,1,no,6.0,no,,no,,yes,Agricultural Use,Agreement/lease,,no,,yes,,yes,,no,,,yes,,yes,,Yes,,no,,yes,,yes,,yes,,no,,1.9,1034.7,1.908751,850.0,800.0,2016-11-12 03:00:00Z,0-25%,75-100%,['Bananas'],,Rainfed,['Using Fertilizers'],3.0,2.0,0.0,5.0,0.0,0.0,600.0,400.0,850.0,850.0,,600.0,It's picked from your farm,Cooperative representative,
F-1367,1.0,Kayunga,1,yes,4.0,no,,no,,yes,Agricultural Use,Customary,,no,,yes,,yes,,yes,yes,,yes,,yes,,yes,,no,,yes,,yes,,yes,,no,,1.766,1063.2,1.328229,800.0,800.0,2002-08-09 03:00:00Z,0-25%,75-100%,['Bananas'],,Rainfed,"['Using Fertilizers', 'Pruning', 'Weeding']",2.0,1.0,2.0,1.0,3.0,0.0,800.0,700.0,1600.0,1600.0,,800.0,It's picked from your farm,Supplier,
F-1368,,Luwero,3,Yes,3.0,No,,No,,Yes,100% Agricultural,Other,,No,,Yes,Lack of resources for buffer zones,No,,No,,,No,,Yes,,Yes,,No,No child labor employed,Yes,,Yes,Lack of training on rights,Yes,,No,No corruption observed,,,7.297215,500.0,3434.0,2011-06-05 03:00:00Z,0-25%,75-100%,,,Rainfed,"Mulching, Pruning",6.0,0.0,3.0,3.0,2.0,0.0,,1511.0,,2108.0,,494.0,Luwero,Local Trader,
F-1369,,Luwero,3,Yes,3.0,No,,No,,Yes,100% Agricultural,Other,,No,,Yes,Lack of resources for buffer zones,No,,No,,,No,,Yes,,Yes,,No,No child labor employed,Yes,,Yes,Lack of training on rights,Yes,,No,No corruption observed,,,6.3444,2000.0,3434.0,2000-05-12 03:00:00Z,0-25%,75-100%,,,Rainfed,"Mulching, Pruning",6.0,0.0,3.0,3.0,2.0,0.0,,1511.0,,2108.0,,494.0,Luwero,Local Trader,
F-1370,,Luwero,3,Yes,3.0,No,,No,,Yes,100% Agricultural,Other,,No,,Yes,Lack of resources for buffer zones,No,,No,,,No,,Yes,,Yes,,No,No child labor employed,Yes,,Yes,Lack of training on rights,Yes,,No,No corruption observed,,,7.297215,450.0,3434.0,2012-08-11 03:00:00Z,0-25%,75-100%,,,Rainfed,"Mulching, Pruning",6.0,0.0,3.0,3.0,2.0,0.0,,1511.0,,2108.0,,494.0,Luwero,Local Trader,
F-1371,,Luwero,3,Yes,3.0,No,,No,,Yes,100% Agricultural,Other,,No,,Yes,Lack of resources for buffer zones,No,,No,,,No,,Yes,,Yes,,No,No child labor employed,Yes,,Yes,Lack of training on rights,Yes,,No,No corruption observed,,,7.297215,500.0,3434.0,2001-11-07 03:00:00Z,0-25%,75-100%,,,Rainfed,"Mulching, Pruning",6.0,0.0,3.0,3.0,2.0,0.0,,1511.0,,2108.0,,494.0,Luwero,Local Trader,
F-1372,,Luwero,3,Yes,3.0,No,,No,,Yes,100% Agricultural,Other,,No,,Yes,Lack of resources for buffer zones,No,,No,,,No,,Yes,,Yes,,No,No child labor employed,Yes,,Yes,Lack of training on rights,Yes,,No,No corruption observed,,,7.297215,300.0,3434.0,2013-04-07 03:00:00Z,0-25%,75-100%,,,Rainfed,"Mulching, Pruning",6.0,0.0,3.0,3.0,2.0,0.0,,1511.0,,2108.0,,494.0,Luwero,Local Trader,
F-1373,1.0,Luwero,1,yes,9.0,no,,no,,yes,Agricultural Use,Agreement/lease,,no,,yes,,yes,,no,,,yes,,yes,,yes,,no,,yes,,yes,,yes,,no,,13.5,1091.0,2.809366,1250.0,1200.0,2011-09-21 03:00:00Z,0-25%,75-100%,['Bananas'],,Rainfed,"['Using Fertilizers', 'Pruning', 'Weeding', 'Intercropping']",3.0,0.0,3.0,0.0,3.0,0.0,2250.0,1200.0,2700.0,2700.0,,2250.0,It's picked from your farm,Supplier,
F-1374,1.0,Kayunga,2025-05-10 00:00:00,yes,7.0,no,,no,,no,Agricultural Use,Title,,no,,yes,,yes,,yes,yes,,yes,,yes,,yes,,no,,yes,,yes,,yes,,no,,3.216,1063.11059570312,1.496209,300.0,150.0,2005-04-10 03:00:00Z,0-25%,75-100%,['Beans'],,Irrigated,['Using Fertilizers'],20.0,15.0,10.0,50.0,3.0,2.0,150.0,140.0,200.0,200.0,,150.0,It's picked from your farm,Supplier,
F-1375,,Nakaseke,4,Yes,6.0,No,,No,,Yes,100% Agricultural,Lease,,No,,Yes,,Yes,Limited knowledge of waste management,No,,,Yes,,Yes,,Yes,,No,No child labor employed,Yes,,Yes,,Yes,,No,No corruption observed,,,7.812667,5400.0,4862.0,1998-03-02 03:00:00Z,0-25%,75-100%,"Bananas, Cassava",,Rainfed,"Composting, Pest Management",1.0,0.0,1.0,2.0,1.0,0.0,,1692.0,,474.0,,363.0,Nakaseke,Local Trader,
F-1376,,Nakaseke,4,Yes,6.0,,,No,,Yes,100% Agricultural,Lease,,No,,Yes,,Yes,Limited knowledge of waste management,No,,,Yes,,Yes,,Yes,,No,No child labor employed,Yes,,Yes,,Yes,,No,No corruption observed,,,5.851732,1500.0,4862.0,1998-08-01 03:00:00Z,0-25%,75-100%,"Bananas, Cassava",,Rainfed,"Composting, Pest Management",1.0,0.0,1.0,2.0,1.0,0.0,,1692.0,,474.0,,363.0,Nakaseke,Local Trader,
F-1377,1.0,Luwero,1,no,3.0,no,,no,,yes,Agricultural Use,Title,,no,,yes,,yes,,yes,yes,,yes,,yes,,yes,,no,,yes,,yes,,yes,,no,,1.139,1102.857,3.094098,1150.0,1100.0,2020-02-10 03:00:00Z,0-25%,75-100%,"['Bananas', 'Beans']",,Rainfed,"['Pruning', 'Weeding', 'Intercropping']",8.0,0.0,0.0,8.0,0.0,1.0,1147.0,1013.0,2300.0,2300.0,,1147.0,At a hulling station,Supplier,
F-1378,1.0,Luwero,1,yes,3.0,no,,no,,yes,Agricultural Use,Agreement/lease,,no,,yes,,yes,,no,,,yes,,yes,,yes,,no,,yes,,yes,,yes,,no,,0.869,1078.842,2.376976,2150.0,2100.0,2007-02-08 03:00:00Z,0-25%,75-100%,['Bananas'],,Rainfed,['Weeding'],3.0,1.0,1.0,3.0,5.0,0.0,2250.0,2100.0,4500.0,4500.0,,2250.0,It's picked from your farm,Supplier,
F-1379,,Nakaseke,3,Yes,4.0,No,,No,,Yes,100% Agricultural,Customary,,No,,Yes,,Yes,,No,,,No,,Yes,Issues with equal pay reported,Yes,,No,No child labor employed,Yes,,Yes,,Yes,,No,No corruption observed,,,3.805202,1260.0,950.0,1990-05-16 03:00:00Z,0-25%,75-100%,,,Rainfed,"Mulching, Pruning",7.0,6.0,5.0,5.0,7.0,0.0,,811.0,,3964.0,,880.0,Nakaseke,Local Trader,
F-1380,1.0,Luwero,1,yes,2.0,no,,no,,no,Agricultural Use,Agreement/lease,,no,,yes,,yes,,yes,yes,,yes,,yes,,yes,,no,,yes,,yes,,yes,,no,,9.849,1100.358,1.1923,400.0,104.0,1992-03-20 03:00:00Z,0-25%,75-100%,['Bananas'],,Rainfed,"['Weeding', 'Pruning']",1.0,1.0,2.0,0.0,0.0,0.0,600.0,140.0,220.0,220.0,,600.0,It's picked from your farm,Supplier,
F-1381,1.0,Kayunga,1,yes,3.0,no,,no,,no,Natural forest,Customary,,no,,yes,,yes,,yes,yes,,yes,,yes,,yes,,no,,yes,,yes,,yes,,no,,6.11,1094.0,0.60757,1600.0,1400.0,2011-08-08 03:00:00Z,0-25%,75-100%,['Bananas'],,Rainfed,['Using Fertilizers'],1.0,1.0,2.0,2.0,0.0,0.0,1400.0,700.0,2800.0,2800.0,,1400.0,It's picked from your farm,Supplier,
F-1382,1.0,Luwero,1,yes,8.0,no,,no,,yes,Agricultural Use,Customary,,no,,yes,,yes,,yes,yes,,yes,,yes,,yes,,no,,yes,,yes,,yes,,no,,8.8,1093.0,0.64335,1350.0,1350.0,2007-05-07 03:00:00Z,0-25%,75-100%,"['Bananas', 'Beans']",,Rainfed,"['Using Fertilizers', 'Weeding', 'Pruning', 'Intercropping']",1.0,0.0,1.0,3.0,1.0,0.0,500.0,450.0,1000.0,1000.0,,500.0,It's picked from your farm,Supplier,
F-1383,,Nakaseke,2,Yes,9.0,No,,No,,Yes,100% Agricultural,Deed of Property,,No,,Yes,,Yes,,No,,,Yes,,Yes,,Yes,,No,No child labor employed,Yes,,Yes,,Yes,,No,No corruption observed,,,3.580494,2000.0,1932.0,2013-03-09 03:00:00Z,0-25%,75-100%,"Maize, Beans",,Rainfed,"Composting, Pest Management",6.0,5.0,3.0,0.0,10.0,0.0,,1965.0,,1786.0,,2401.0,Nakaseke,Local Trader,
F-1384,1.0,Luwero,1,yes,4.0,no,,no,,no,Agricultural Use,Agreement/lease,,no,,yes,,yes,,no,,,yes,,yes,,yes,,no,,yes,,yes,,yes,,no,,0.639,1071.631,3.660454,1310.0,1260.0,2009-05-10 03:00:00Z,0-25%,75-100%,['Bananas'],,Rainfed,['Weeding'],1.0,1.0,0.0,2.0,2.0,0.0,1350.0,1260.0,2700.0,2700.0,,1350.0,It's picked from your farm,Supplier,
F-1385,,Luwero,4,Yes,4.0,No,,No,,Yes,100% Agricultural,Deed of Property,,No,,Yes,Lack of resources for buffer zones,Yes,,No,,,Yes,No interaction with cultural leaders,Yes,,Yes,,No,No child labor employed,Yes,,Yes,,Yes,,No,No corruption observed,,,3.838526,1800.0,720.0,2010-05-08 03:00:00Z,0-25%,75-100%,"Bananas, Cassava",,Irrigated,"Composting, Pest Management",1.0,1.0,4.0,3.0,1.0,0.0,,957.0,,1900.0,,2227.0,Luwero,Local Trader,
F-1386,1.0,Kayunga,1,yes,3.0,no,,no,,yes,Agricultural Use,Agreement/lease,,no,,yes,,yes,,no,,,yes,,yes,,Yes,,no,,yes,,yes,,yes,,no,,1.2935959,1092.868,1.998867,900.0,800.0,2011-03-11 03:00:00Z,0-25%,75-100%,['Bananas'],,Rainfed,['Using Fertilizers'],1.0,2.0,0.0,0.0,0.0,0.0,1000.0,2000.0,5000.0,5000.0,,1000.0,It's picked from your farm,other,Highest Bidder
F-1387,1.0,Luwero,1,yes,3.0,no,,no,,yes,Agricultural Use,Customary,,no,,yes,,yes,,yes,yes,,yes,,yes,,yes,,no,,yes,,yes,,yes,,no,,1.9,1139.6,0.761756,3150.0,3000.0,2007-05-07 03:00:00Z,0-25%,75-100%,"['Bananas', 'Beans']",,Rainfed,"['Using Fertilizers', 'Pruning', 'Weeding', 'Intercropping']",2.0,1.0,1.0,5.0,1.0,0.0,2000.0,1800.0,4000.0,4000.0,,2000.0,It's picked from your farm,Cooperative representative,
F-1388,1.0,Kayunga,1,no,5.0,no,,no,,no,Agricultural Use,Agreement/lease,,no,,yes,,yes,,no,,,yes,,yes,,Yes,,no,,yes,,yes,,yes,,no,,11.343,1081.5,1.675628,950.0,900.0,2009-03-12 03:00:00Z,0-25%,75-100%,['Bananas'],,Rainfed,['Using Fertilizers'],2.0,0.0,0.0,2.0,0.0,0.0,700.0,500.0,1000.0,1000.0,,700.0,It's picked from your farm,Cooperative representative,
F-1389,,Luwero,5,No,8.0,No,,No,,Yes,100% Agricultural,Other,,No,,No,,Yes,,No,,,Yes,,Yes,,Yes,,No,No child labor employed,Yes,,Yes,Lack of training on rights,Yes,,No,No corruption observed,,,4.646783,1000.0,1185.0,2005-05-05 03:00:00Z,0-25%,75-100%,"Matoke, Groundnuts",,Rainfed,"Mulching, Pruning",7.0,5.0,7.0,4.0,5.0,0.0,,1036.0,,3050.0,,311.0,Luwero,Local Trader,
F-1390,1.0,Kayunga,1,yes,7.0,no,,no,,no,Agricultural Use,Customary,,no,,yes,,yes,,yes,yes,,yes,,yes,,yes,,no,,yes,,yes,,yes,,no,,2.6,1088.8,0.267132,1350.0,1300.0,1993-07-18 03:00:00Z,0-25%,75-100%,['Bananas'],,Rainfed,['Intercropping'],2.0,0.0,2.0,0.0,2.0,0.0,1755.0,1755.0,3900.0,3900.0,1950.0,1950.0,It's picked from your farm,Supplier,
F-1391,,Nakaseke,2,Yes,4.0,No,,No,,Yes,100% Agricultural,Deed of Property,,No,,Yes,,Yes,,No,,,Yes,,Yes,,Yes,,No,No child labor employed,Yes,,Yes,,Yes,,No,No corruption observed,,,3.298502,1200.0,2562.0,1999-11-11 03:00:00Z,0-25%,75-100%,,,Rainfed,"Intercropping, Soil Testing",4.0,4.0,8.0,3.0,5.0,0.0,,505.0,,1445.0,,1422.0,Nakaseke,Local Trader,
F-1392,1.0,Kayunga,1,yes,6.0,yes,Kizawula Coffee Growers,no,,yes,Agricultural Use,Customary,,no,,yes,,yes,,yes,yes,,yes,,yes,,yes,,no,,yes,,yes,,yes,,no,,1.666,1106.4,1.427752,1300.0,1250.0,1997-09-11 03:00:00Z,0-25%,75-100%,['Bananas'],,Rainfed,['Intercropping'],4.0,0.0,4.0,0.0,4.0,0.0,1875.0,937.0,3750.0,3750.0,,1875.0,It's picked from your farm,Supplier,
F-1393,,Nakaseke,4,Yes,9.0,No,,No,,Yes,100% Agricultural,Deed of Property,,No,,Yes,Lack of resources for buffer zones,Yes,,No,,,No,,Yes,,Yes,,No,No child labor employed,No,,Yes,,Yes,,No,No corruption observed,,,5.839541,3150.0,379.0,2015-03-12 03:00:00Z,0-25%,75-100%,,,Rainfed,"Mulching, Pruning",10.0,1.0,9.0,2.0,2.0,0.0,,1478.0,,677.0,,2111.0,Nakaseke,Local Trader,
F-1394,,Luwero,1,No,3.0,Yes,MAGOMA BUTUTI,No,,Yes,100% Agricultural,Deed of Property,,No,,Yes,,Yes,,No,,,Yes,No interaction with cultural leaders,No,,Yes,,No,No child labor employed,Yes,,Yes,,Yes,,No,No corruption observed,,,3.608096,174.0,1195.0,2010-05-11 03:00:00Z,0-25%,75-100%,,,Rainfed,"Composting, Pest Management",2.0,5.0,1.0,1.0,5.0,0.0,,1837.0,,687.0,,1956.0,Luwero,Local Trader,
F-1395,1.0,Luwero,1,yes,7.0,no,,no,,yes,Agricultural Use,Customary,,no,,yes,,yes,,yes,yes,,yes,,yes,,yes,,no,,yes,,yes,,yes,,no,,9.0,1126.0,1.125507,1350.0,1350.0,2008-09-06 03:00:00Z,0-25%,75-100%,"['Bananas', 'Beans']",,Rainfed,"['Using Fertilizers', 'Pruning', 'Weeding', 'Intercropping']",2.0,0.0,0.0,4.0,2.0,0.0,500.0,450.0,1000.0,1000.0,,500.0,It's picked from your farm,Supplier,
F-1396,1.0,Luwero,More than 10,yes,4.0,no,,no,,yes,Agricultural Use,Agreement/lease,,no,,yes,,yes,,no,,,yes,,yes,,yes,,no,,yes,,yes,,yes,,no,,3.2,1072.1,0.302491,450.0,100.0,1990-10-02 03:00:00Z,0-25%,75-100%,['Bananas'],,Rainfed,['Intercropping'],1.0,1.0,1.0,1.0,1.0,1.0,450.0,405.0,9000.0,9000.0,,450.0,It's picked from your farm,Supplier,
F-1397,1.0,Luwero,3,yes,12.0,no,,no,,yes,Agricultural Use,Title,,no,,yes,,yes,,no,,,yes,,yes,,yes,,no,,yes,,yes,,yes,,no,,2.1,1170.2,2.236567,1250.0,1200.0,2018-04-04 03:00:00Z,0-25%,75-100%,"['Bananas', 'Beans']",,Rainfed,"['Using Fertilizers', 'Pruning', 'Weeding']",4.0,3.0,2.0,7.0,7.0,0.0,1500.0,1345.0,2500.0,2500.0,,1500.0,It's picked from your farm,Supplier,
F-1398,1.0,Kayunga,1,yes,4.0,no,,no,,no,Agricultural Use,Agreement/lease,,no,,yes,,yes,,no,,,yes,,yes,,Yes,,no,,yes,,yes,,yes,,no,,2.5,1083.2,1.07807,950.0,900.0,2009-03-12 03:00:00Z,0-25%,75-100%,['Bananas'],,Rainfed,['Using Fertilizers'],2.0,0.0,0.0,2.0,0.0,0.0,600.0,450.0,700.0,700.0,,600.0,It's picked from your farm,Cooperative representative,
F-1399,1.0,Kayunga,1,no,12.0,no,,no,,yes,Agricultural Use,Customary,,no,,yes,,yes,,yes,yes,,yes,,yes,,yes,,no,,yes,,yes,,yes,,no,,8.2,1085.9,0.216185,1400.0,1400.0,1984-08-12 03:00:00Z,0-25%,75-100%,['Bananas'],,Rainfed,['Weeding'],16.0,23.0,12.0,43.0,13.0,22.0,5000.0,4500.0,9000.0,9000.0,,5000.0,At a hulling station,Cooperative representative,
F-1400,1.0,Kayunga,1,yes,5.0,no,,no,,yes,Agricultural Use,Agreement/lease,,no,,yes,,yes,,no,,,yes,,yes,,Yes,,no,,yes,,yes,,yes,,no,,0.941,1068.464,0.694876,2000.0,2000.0,2020-04-21 03:00:00Z,0-25%,75-100%,"['Bananas', 'Sorghum', 'Beans']",,Rainfed,"['Pruning', 'Weeding']",0.0,0.0,0.0,0.0,5.0,0.0,2500.0,2450.0,5000.0,5000.0,,2500.0,At a hulling station,Hulling Station representative,
F-1401,1.0,Luwero,1,yes,7.0,no,,no,,yes,Agricultural Use,Title,,no,,yes,,yes,,yes,yes,,yes,,yes,,yes,,no,,yes,,yes,,yes,,no,,1.352,1089.839,11.74661,4538.0,4488.0,2017-02-12 03:00:00Z,0-25%,75-100%,['Bananas'],,Rainfed,"['Using Fertilizers', 'Weeding', 'Pruning']",5.0,2.0,5.0,2.0,0.0,0.0,15708.0,3990.0,8960.0,8960.0,,9000.0,It's picked from your farm,Supplier,
F-1402,1.0,Kayunga,2,yes,1.0,no,,no,,no,Agricultural Use,Title,,no,,yes,,yes,,no,,,yes,,yes,,yes,,no,,yes,,yes,,yes,,no,,6.432,1097.318359375,2.086737,500.0,100.0,2000-12-12 03:00:00Z,0-25%,75-100%,['Bananas'],,Rainfed,['Using Fertilizers'],0.0,0.0,0.0,0.0,0.0,0.0,80.0,72.0,100.0,100.0,,80.0,It's picked from your farm,Supplier,
F-1403,1.0,Luwero,1,yes,7.0,no,,no,,no,Agricultural Use,Agreement/lease,,no,,yes,,yes,,no,,,yes,,yes,,yes,,no,,yes,,yes,,yes,,no,,13.0,1117.0,2.404096,4200.0,2100.0,2011-09-21 03:00:00Z,0-25%,75-100%,['Bananas'],,Rainfed,"['Pruning', 'Weeding', 'Intercropping']",1.0,2.0,0.0,2.0,3.0,0.0,1250.0,1200.0,2700.0,2700.0,,1250.0,It's picked from your farm,Supplier,
F-1404,1.0,Kayunga,1,yes,5.0,no,,no,,no,Agricultural Use,Title,,no,,yes,,yes,,yes,yes,,yes,,yes,,yes,,no,,yes,,yes,,yes,,no,,2.2,1075.0,0.384402,1000.0,900.0,1999-08-25 03:00:00Z,0-25%,75-100%,['Bananas'],,Rainfed,"['Pruning', 'Weeding', 'Intercropping']",1.0,1.0,2.0,0.0,1.0,0.0,1400.0,1400.0,3000.0,3000.0,1500.0,1500.0,It's picked from your farm,Supplier,
F-1405,1.0,Luwero,1,yes,1.0,no,,no,,yes,Agricultural Use,Title,,no,,yes,,yes,,yes,yes,,yes,,yes,,yes,,no,,yes,,yes,,yes,,no,,2.665,1172.067,0.437453,1350.0,1200.0,2019-02-22 03:00:00Z,25-50%,50-75%,['Bananas'],,Rainfed,"['Pruning', 'Weeding', 'Intercropping']",1.0,0.0,0.0,1.0,0.0,0.0,,750.0,,3000.0,,1500.0,At a hulling station,Hulling Station representative,
F-1406,1.0,Kayunga,1,yes,5.0,no,,no,,yes,Agricultural Use,Agreement/lease,,no,,yes,,yes,,no,,,yes,,yes,,Yes,,no,,yes,,yes,,yes,,no,,0.86419916,1110.96,0.921335,800.0,800.0,2004-04-12 03:00:00Z,0-25%,75-100%,['Bananas'],,Rainfed,['Using Fertilizers'],1.0,2.0,3.0,0.0,0.0,0.0,8000.0,6000.0,9000.0,9000.0,,8000.0,It's picked from your farm,Cooperative representative,
F-1407,1.0,Mukono,1,no,8.0,no,,no,,yes,Agricultural Use,Agreement/lease,,no,,yes,,yes,,no,,,yes,,yes,,yes,,no,,yes,,yes,,yes,,no,,0.8898578,1050.175,0.811026,1500.0,1000.0,2000-05-08 03:00:00Z,0-25%,75-100%,['Bananas'],,Rainfed,"['Using Fertilizers', 'Weeding', 'Intercropping']",8.0,2.0,4.0,6.0,10.0,0.0,900.0,900.0,2000.0,2000.0,1000.0,1000.0,It's picked from your farm,Supplier,
F-1408,1.0,Kayunga,1,yes,4.0,no,,no,,no,Agricultural Use,Title,,no,,yes,,yes,,yes,yes,,yes,,yes,,yes,,no,,yes,,yes,,yes,,no,,9.648001,1084.40319824218,0.19085,850.0,800.0,1996-05-09 03:00:00Z,0-25%,75-100%,"['Bananas', 'Beans']",,Rainfed,"['Using Fertilizers', 'Weeding', 'Intercropping']",1.0,0.0,0.0,1.0,0.0,0.0,800.0,400.0,1600.0,1600.0,,800.0,It's picked from your farm,Supplier,
F-1409,1.0,Kayunga,2025-05-10 00:00:00,yes,6.0,no,,no,,no,Agricultural Use,Title,,no,,yes,,yes,,yes,yes,,yes,,yes,,yes,,no,,yes,,yes,,yes,,no,,3.216,1077.64855957031,0.670016,100.0,80.0,2005-04-10 03:00:00Z,0-25%,75-100%,['Beans'],,Irrigated,['Using Fertilizers'],10.0,5.0,10.0,30.0,3.0,2.0,150.0,100.0,100.0,100.0,,150.0,It's picked from your farm,Supplier,
F-1410,1.0,Kayunga,1,yes,3.0,no,,no,,yes,Agricultural Use,Customary,,no,,yes,,yes,,yes,yes,,yes,,yes,,yes,,no,,yes,,yes,,yes,,no,,1.8,1068.3,0.755203,1400.0,1300.0,2001-08-09 03:00:00Z,0-25%,75-100%,['Bananas'],,Rainfed,"['Pruning', 'Weeding']",2.0,1.0,2.0,1.0,3.0,0.0,910.0,1000.0,2000.0,2200.0,1300.0,1500.0,It's picked from your farm,Supplier,
F-1411,1.0,Kayunga,1,yes,4.0,no,,no,,yes,Agricultural Use,Customary,,no,,yes,,yes,,no,,,yes,,yes,,yes,,no,,yes,,yes,,yes,,no,,0.7504087,1095.285,0.233249,1200.0,1000.0,2014-06-07 03:00:00Z,0-25%,75-100%,['Bananas'],,Rainfed,"['Using Fertilizers', 'Pruning', 'Weeding', 'Intercropping']",5.0,3.0,3.0,5.0,8.0,0.0,1000.0,900.0,2000.0,2000.0,,1000.0,It's picked from your farm,Supplier,
F-1412,1.0,Kayunga,1,yes,9.0,no,,no,,yes,Agricultural Use,Agreement/lease,,no,,yes,,yes,,no,,,yes,,yes,,yes,,no,,yes,,yes,,yes,,no,,3.248,1080.6,0.53429,800.0,700.0,1999-09-11 03:00:00Z,0-25%,75-100%,['Bananas'],,Rainfed,['Weeding'],4.0,2.0,2.0,4.0,6.0,0.0,700.0,600.0,1400.0,1400.0,,700.0,At a hulling station,Supplier,
F-1413,1.0,Kayunga,1,yes,14.0,no,,no,,yes,Agricultural Use,Agreement/lease,,no,,yes,,yes,,no,,,yes,,yes,,yes,,no,,yes,,yes,,yes,,no,,2.0,1036.5,0.993952,600.0,400.0,2000-05-12 03:00:00Z,0-25%,75-100%,"['Bananas', 'Beans']",,Rainfed,"['Using Fertilizers', 'Pruning', 'Weeding', 'Intercropping']",1.0,3.0,2.0,2.0,4.0,0.0,200.0,1800.0,400.0,400.0,,200.0,It's picked from your farm,Hulling Station representative,
F-1414,1.0,Kayunga,1,yes,10.0,no,,no,,no,Agricultural Use,Agreement/lease,,no,,yes,,yes,,yes,yes,,yes,,yes,,yes,,no,,yes,,yes,,yes,,no,,9.7,1054.8,1.143559,1850.0,1800.0,1999-04-12 03:00:00Z,0-25%,75-100%,"['Bananas', 'Beans']",,Rainfed,"['Pruning', 'Using Fertilizers', 'Weeding', 'Intercropping']",2.0,1.0,2.0,0.0,1.0,0.0,2700.0,2500.0,5400.0,5400.0,,2700.0,It's picked from your farm,Supplier,
F-1415,1.0,Kayunga,1,yes,4.0,no,,no,,yes,Agricultural Use,Agreement/lease,,no,,yes,,yes,,no,,,yes,,yes,,yes,,no,,yes,,yes,,yes,,no,,3.1,1086.1,0.218822,1050.0,1000.0,2011-08-12 03:00:00Z,0-25%,75-100%,['Bananas'],,Rainfed,"['Weeding', 'Intercropping']",2.0,1.0,1.0,2.0,3.0,0.0,1000.0,900.0,2000.0,2000.0,,1000.0,It's picked from your farm,Supplier,
F-1416,1.0,Luwero,2,yes,7.0,no,,no,,yes,Agricultural Use,Title,,no,,yes,,yes,,no,,,yes,,yes,,yes,,no,,yes,,yes,,yes,,no,,2.3,1148.1,1.16282,1250.0,1200.0,2019-09-04 03:00:00Z,0-25%,75-100%,"['Bananas', 'Beans']",,Rainfed,"['Using Fertilizers', 'Pruning', 'Weeding']",3.0,3.0,3.0,6.0,6.0,0.0,1500.0,1350.0,2500.0,2500.0,,1500.0,It's picked from your farm,Supplier,
F-1417,,Luwero,3,Yes,5.0,No,,No,,Yes,100% Agricultural,Customary,,No,,Yes,,No,,No,,,No,No interaction with cultural leaders,Yes,,Yes,,No,No child labor employed,No,,Yes,,No,,No,No corruption observed,,,4.487233,1200.0,881.0,2013-05-29 03:00:00Z,0-25%,75-100%,,,Rainfed,"Mulching, Pruning",10.0,5.0,3.0,3.0,5.0,0.0,,583.0,,1829.0,,1541.0,Luwero,Local Trader,
F-1418,1.0,Kayunga,1,yes,3.0,no,,no,,yes,Agricultural Use,Agreement/lease,,no,,yes,,yes,,no,,,yes,,yes,,yes,,no,,yes,,yes,,yes,,no,,2.8,1066.8,0.544342,1050.0,1000.0,2010-07-12 03:00:00Z,0-25%,75-100%,"['Bananas', 'Beans']",,Rainfed,"['Intercropping', 'Weeding']",3.0,2.0,3.0,2.0,5.0,0.0,1000.0,850.0,2000.0,2000.0,,1000.0,It's picked from your farm,Supplier,
F-1419,1.0,Kayunga,1,yes,4.0,no,,no,,yes,Agricultural Use,Customary,,no,,yes,,yes,,no,,,yes,,yes,,yes,,no,,yes,,yes,,yes,,no,,2.3,1084.8,0.333727,950.0,900.0,2018-08-12 03:00:00Z,0-25%,75-100%,['Beans'],,Rainfed,"['Intercropping', 'Weeding']",5.0,4.0,9.0,2.0,11.0,0.0,900.0,800.0,1900.0,1900.0,,900.0,It's picked from your farm,Supplier,
F-1420,1.0,Kayunga,1,yes,5.0,no,,no,,no,Agricultural Use,Agreement/lease,,no,,yes,,yes,,yes,yes,,yes,,yes,,yes,,no,,yes,,yes,,yes,,no,,5.9,1035.5,0.956609,1000.0,1000.0,2000-08-09 03:00:00Z,0-25%,75-100%,['Bananas'],,Rainfed,"['Using Fertilizers', 'Pruning', 'Weeding']",3.0,1.0,3.0,1.0,4.0,0.0,1000.0,800.0,2000.0,2000.0,,1000.0,It's picked from your farm,Supplier,
F-1421,1.0,Kayunga,1,yes,5.0,no,,no,,yes,Agricultural Use,Customary,,no,,yes,,yes,,no,,,yes,,yes,,yes,,no,,yes,,yes,,yes,,no,,8.981,1040.69999999999,2.353535,1000.0,800.0,2000-04-14 03:00:00Z,0-25%,75-100%,['Bananas'],,Rainfed,"['Pruning', 'Using Fertilizers', 'Intercropping', 'Weeding']",2.0,1.0,0.0,3.0,3.0,0.0,350.0,300.0,700.0,700.0,,350.0,It's picked from your farm,Supplier,
F-1422,1.0,Kayunga,1,yes,8.0,no,,no,,yes,Agricultural Use,Agreement/lease,,no,,yes,,yes,,yes,yes,,yes,,yes,,yes,,no,,yes,,yes,,yes,,no,,10.176,1070.0,0.17284,1200.0,1000.0,2000-04-12 03:00:00Z,0-25%,75-100%,['Bananas'],,Rainfed,['Weeding'],0.0,1.0,0.0,1.0,0.0,0.0,2000.0,2500.0,2500.0,3000.0,2300.0,3000.0,It's picked from your farm,other,
F-1423,1.0,Kayunga,1,yes,8.0,no,,no,,yes,Agricultural Use,Agreement/lease,,no,,yes,,yes,,no,,,yes,,yes,,yes,,no,,yes,,yes,,yes,,no,,0.93627554,1078.895,0.238883,1700.0,1500.0,2000-08-09 03:00:00Z,0-25%,75-100%,['Bananas'],,Rainfed,"['Using Fertilizers', 'Weeding', 'Intercropping']",8.0,3.0,3.0,8.0,11.0,0.0,1500.0,1350.0,3000.0,3000.0,,1500.0,It's picked from your farm,Supplier,
F-1424,1.0,Kayunga,1,yes,6.0,no,,no,,yes,Agricultural Use,Agreement/lease,,no,,yes,,yes,,no,,,yes,,yes,,yes,,no,,yes,,yes,,yes,,no,,0.9253566,1071.124,1.106834,1200.0,1000.0,2000-02-09 03:00:00Z,0-25%,75-100%,['Bananas'],,Rainfed,"['Using Fertilizers', 'Pruning', 'Weeding', 'Intercropping']",7.0,4.0,7.0,4.0,11.0,0.0,1000.0,900.0,2000.0,2000.0,,1000.0,It's picked from your farm,Supplier,
F-1425,1.0,Kayunga,1,yes,8.0,no,,no,,yes,Agricultural Use,Agreement/lease,,no,,yes,,yes,,no,,,yes,,yes,,yes,,no,,yes,,yes,,yes,,no,,1.825,1053.3,0.409894,1300.0,1000.0,2000-06-08 03:00:00Z,0-25%,75-100%,"['Bananas', 'Beans']",,Rainfed,"['Using Fertilizers', 'Pruning', 'Weeding', 'Intercropping']",8.0,2.0,2.0,8.0,10.0,0.0,1000.0,900.0,2000.0,2000.0,,1000.0,It's picked from your farm,Supplier,
F-1426,1.0,Kayunga,1,yes,8.0,no,,no,,yes,Agricultural Use,Agreement/lease,,no,,yes,,yes,,no,,,yes,,yes,,yes,,no,,yes,,yes,,yes,,no,,0.6893632,1032.957,0.655254,1700.0,1500.0,2013-05-08 03:00:00Z,0-25%,75-100%,['Bananas'],,Rainfed,"['Using Fertilizers', 'Pruning', 'Weeding', 'Intercropping']",8.0,6.0,6.0,8.0,14.0,0.0,1500.0,1350.0,3000.0,3000.0,,1500.0,It's picked from your farm,Supplier,
F-1427,,Nakaseke,3,Yes,2.0,No,,No,,Yes,100% Agricultural,Lease,,No,,Yes,,No,,No,,,Yes,No interaction with cultural leaders,Yes,,Yes,,No,No child labor employed,Yes,,Yes,,Yes,,No,No corruption observed,,,3.308784,500.0,1638.0,2004-04-05 03:00:00Z,0-25%,75-100%,"Maize, Beans",,Irrigated,"Intercropping, Soil Testing",11.0,6.0,4.0,0.0,9.0,0.0,,679.0,,3376.0,,1656.0,Nakaseke,Local Trader,
F-1428,1.0,Luwero,1,yes,4.0,no,,no,,yes,Agricultural Use,Title,,no,,yes,,yes,,no,,,yes,,yes,,yes,,no,,yes,,yes,,yes,,no,,1.002,1145.46,0.254801,420.0,1260.0,2000-05-10 03:00:00Z,0-25%,75-100%,['Bananas'],,Rainfed,['Pruning'],2.0,1.0,0.0,3.0,3.0,0.0,,1260.0,,2700.0,,1350.0,It's picked from your farm,Supplier,
F-1429,1.0,Luwero,1,yes,8.0,no,,no,,yes,Agricultural Use,Agreement/lease,,no,,yes,,yes,,no,,,yes,,yes,,yes,,no,,yes,,yes,,yes,,no,,20.764,1069.0,2.901874,1450.0,1400.0,2008-03-12 03:00:00Z,0-25%,75-100%,['Bananas'],,Rainfed,"['Pruning', 'Weeding', 'Intercropping']",5.0,2.0,3.0,4.0,7.0,0.0,1330.0,1230.0,910.0,910.0,,1330.0,It's picked from your farm,Supplier,
F-1430,1.0,Kayunga,1,yes,20.0,no,,no,,yes,Agricultural Use,Agreement/lease,,no,,yes,,yes,,no,,,yes,,yes,,yes,,no,,yes,,yes,,yes,,no,,12.234,1053.5,0.146532,800.0,700.0,2000-11-12 03:00:00Z,0-25%,75-100%,['Bananas'],,Rainfed,['Weeding'],6.0,4.0,0.0,10.0,10.0,0.0,700.0,550.0,1400.0,1400.0,,700.0,At a hulling station,Supplier,
F-1431,1.0,Kayunga,1,no,5.0,no,,no,,yes,Agricultural Use,Agreement/lease,,no,,yes,,yes,,no,,,yes,,yes,,yes,,no,,yes,,yes,,yes,,no,,3.9,1140.8,0.294524,1250.0,1200.0,1999-08-12 03:00:00Z,0-25%,75-100%,"['Bananas', 'Beans']",,Rainfed,"['Intercropping', 'Weeding']",4.0,4.0,2.0,6.0,8.0,0.0,1250.0,1200.0,2500.0,2500.0,,1250.0,It's picked from your farm,Supplier,
F-1432,1.0,Kayunga,1,yes,4.0,no,,no,,yes,Agricultural Use,Customary,,no,,yes,,yes,,no,,,yes,,yes,,yes,,no,,yes,,yes,,yes,,no,,2.0,1057.4,1.251956,1150.0,1100.0,2018-05-30 03:00:00Z,0-25%,75-100%,['Bananas'],,Rainfed,"['Intercropping', 'Weeding']",5.0,7.0,7.0,4.0,12.0,0.0,1200.0,1100.0,2400.0,2400.0,,1200.0,At a hulling station,Supplier,
F-1433,1.0,Mukono,1,yes,1.0,no,,no,,no,Agricultural Use,Customary,,no,,yes,,yes,,no,,,yes,,yes,,yes,,no,,yes,,yes,,yes,,no,,3.4,1076.6,0.362701,1050.0,1000.0,1990-08-12 03:00:00Z,0-25%,75-100%,['Beans'],,Rainfed,"['Intercropping', 'Weeding']",8.0,3.0,5.0,6.0,11.0,0.0,1000.0,1000.0,2500.0,2500.0,1200.0,1200.0,It's picked from your farm,Supplier,
F-1434,1.0,Kayunga,1,yes,30.0,no,,no,,yes,Agricultural Use,Customary,,no,,yes,,yes,,yes,yes,,yes,,yes,,yes,,no,,yes,,yes,,yes,,no,,2.2,1078.2,2.276402,1320.0,1300.0,1990-03-06 03:00:00Z,0-25%,75-100%,"['Bananas', 'other']",Cassava,Rainfed,['Intercropping'],6.0,0.0,6.0,0.0,6.0,0.0,1300.0,650.0,2600.0,2600.0,,1300.0,It's picked from your farm,Supplier,
F-1435,1.0,Kayunga,1,no,3.0,no,,no,,no,Agricultural Use,Title,,no,,yes,,yes,,yes,yes,,yes,,yes,,yes,,no,,yes,,yes,,yes,,no,,1.3,1098.8,0.299827,950.0,900.0,2011-01-01 03:00:00Z,0-25%,75-100%,"['Bananas', 'Tobacco']",,Both(Rainfed+Irrigated),"['Using Fertilizers', 'Weeding', 'Intercropping']",1.0,0.0,0.0,1.0,0.0,0.0,900.0,400.0,1800.0,1800.0,,900.0,It's picked from your farm,Supplier,
F-1436,1.0,Kayunga,2025-05-10 00:00:00,yes,4.0,no,,no,,no,Agricultural Use,Title,,no,,yes,,yes,,yes,yes,,yes,,yes,,yes,,no,,yes,,yes,,yes,,no,,3.216,1072.83142089843,0.362405,100.0,80.0,2006-10-10 03:00:00Z,0-25%,75-100%,['Beans'],,Irrigated,['Using Fertilizers'],10.0,5.0,10.0,30.0,3.0,2.0,150.0,100.0,100.0,100.0,,150.0,It's picked from your farm,Supplier,
F-1437,1.0,Kayunga,1,yes,5.0,no,,no,,yes,Agricultural Use,Agreement/lease,,no,,yes,,yes,,no,,,yes,,yes,,yes,,no,,yes,,yes,,yes,,no,,2.6,1050.69999999999,0.626739,1050.0,1000.0,2005-11-11 03:00:00Z,0-25%,75-100%,"['Bananas', 'Beans']",,Rainfed,"['Intercropping', 'Weeding']",3.0,2.0,3.0,2.0,5.0,0.0,1000.0,850.0,2000.0,2000.0,,1000.0,It's picked from your farm,Supplier,
F-1438,,Nakaseke,2,Yes,5.0,No,,No,,Yes,100% Agricultural,Customary,,No,,Yes,,Yes,,No,,,Yes,,Yes,,Yes,,No,No child labor employed,No,,Yes,,Yes,,No,No corruption observed,,,2.759394,175.0,1138.0,2016-08-11 03:00:00Z,0-25%,75-100%,"Maize, Beans",,Rainfed,"Intercropping, Soil Testing",4.0,5.0,8.0,3.0,6.0,0.0,,782.0,,3549.0,,1075.0,Nakaseke,Local Trader,
F-1439,,Nakaseke,2,Yes,5.0,No,,No,,Yes,100% Agricultural,Customary,,No,,Yes,,Yes,,No,,,Yes,,Yes,,Yes,,No,No child labor employed,No,,Yes,,Yes,,No,No corruption observed,,,2.673856,100.0,1138.0,2016-05-11 03:00:00Z,0-25%,75-100%,"Maize, Beans",,Rainfed,"Intercropping, Soil Testing",4.0,5.0,8.0,3.0,6.0,0.0,,782.0,,3549.0,,1075.0,Nakaseke,Local Trader,
F-1440,1.0,Kayunga,1,yes,8.0,no,,no,,no,Agricultural Use,Customary,,no,,yes,,yes,,yes,yes,,yes,,yes,,yes,,no,,yes,,yes,,yes,,no,,2.3,1083.5,0.4092,4000.0,1000.0,2000-04-24 03:00:00Z,0-25%,75-100%,"['Bananas', 'Beans']",,Rainfed,"['Weeding', 'Intercropping']",2.0,1.0,0.0,3.0,1.0,0.0,1900.0,1900.0,4000.0,4000.0,2000.0,2000.0,It's picked from your farm,Supplier,
F-1441,1.0,Kayunga,1,yes,4.0,no,,no,,yes,Agricultural Use,Agreement/lease,,no,,yes,,yes,,no,,,yes,,yes,,yes,,no,,yes,,yes,,yes,,no,,2.3,1050.9,1.287942,1050.0,1000.0,2013-06-12 03:00:00Z,0-25%,75-100%,"['Bananas', 'Beans']",,Rainfed,"['Intercropping', 'Weeding']",4.0,4.0,5.0,3.0,8.0,0.0,1000.0,850.0,2000.0,2000.0,,1000.0,It's picked from your farm,Supplier,
F-1442,1.0,Luwero,More than 10,yes,4.0,no,,no,,yes,Agricultural Use,Agreement/lease,,no,,yes,,yes,,no,,,yes,,yes,,yes,,no,,yes,,yes,,yes,,no,,9.744,1066.6,0.769651,450.0,100.0,1996-02-02 03:00:00Z,0-25%,75-100%,['Millet'],,Both(Rainfed+Irrigated),['Pruning'],3.0,1.0,1.0,1.0,1.0,1.0,4500.0,4050.0,9000.0,9000.0,,4500.0,It's picked from your farm,Supplier,
F-1443,1.0,Kayunga,1,yes,8.0,no,,no,,yes,Agricultural Use,Agreement/lease,,no,,yes,,yes,,no,,,yes,,yes,,yes,,no,,yes,,yes,,yes,,no,,0.85423565,1041.309,0.624072,1200.0,1000.0,1975-04-07 03:00:00Z,0-25%,75-100%,['Bananas'],,Rainfed,"['Using Fertilizers', 'Pruning', 'Weeding', 'Intercropping']",6.0,5.0,5.0,6.0,11.0,0.0,1000.0,900.0,2000.0,2000.0,,1000.0,It's picked from your farm,Supplier,
F-1444,1.0,Kayunga,1,yes,3.0,no,,no,,yes,Agricultural Use,Agreement/lease,,no,,yes,,yes,,no,,,yes,,yes,,yes,,no,,yes,,yes,,yes,,no,,2.6,1049.0,0.927284,450.0,400.0,2009-08-12 03:00:00Z,0-25%,75-100%,['Bananas'],,Rainfed,['Intercropping'],3.0,3.0,2.0,4.0,6.0,0.0,450.0,450.0,1000.0,1000.0,500.0,500.0,At a hulling station,Supplier,
F-1445,1.0,Kayunga,1,yes,4.0,no,,no,,no,Agricultural Use,Customary,,no,,yes,,yes,,no,,,yes,,yes,,yes,,no,,yes,,yes,,yes,,no,,3.0,1078.1,1.037306,750.0,700.0,2021-04-12 03:00:00Z,0-25%,75-100%,['Bananas'],,Rainfed,"['Weeding', 'Intercropping']",1.0,1.0,0.0,2.0,2.0,0.0,750.0,600.0,1500.0,1500.0,,750.0,It's picked from your farm,Supplier,
F-1446,,Nakaseke,2,Yes,10.0,No,,No,,Yes,100% Agricultural,Customary,,No,,Yes,,Yes,,No,,,No,No interaction with cultural leaders,Yes,,Yes,,No,No child labor employed,Yes,,Yes,,Yes,,No,No corruption observed,,,5.638672,450.0,624.0,2007-09-12 03:00:00Z,0-25%,75-100%,"Matoke, Groundnuts",,Rainfed,"Mulching, Pruning",3.0,11.0,9.0,0.0,4.0,0.0,,763.0,,3453.0,,1681.0,Nakaseke,Local Trader,
F-1447,1.0,Kayunga,More than 10,yes,6.0,no,,no,,no,Agricultural Use,Title,,no,,yes,,yes,,yes,yes,,yes,,yes,,yes,,no,,yes,,yes,,yes,,no,,2.433,1097.9,1.529311,1050.0,1000.0,2000-03-12 03:00:00Z,0-25%,75-100%,"['Bananas', 'Millet']",,Both(Rainfed+Irrigated),['Using Fertilizers'],4.0,23.0,15.0,65.0,80.0,1.0,80.0,65.0,900.0,900.0,,80.0,At a hulling station,Supplier,
F-1448,1.0,Kayunga,1,yes,5.0,no,,no,,yes,Agricultural Use,Customary,,no,,yes,,yes,,yes,yes,,yes,,yes,,yes,,no,,yes,,yes,,yes,,no,,7.0,1049.4,0.664646,1000.0,1000.0,2005-02-09 03:00:00Z,0-25%,75-100%,['Bananas'],,Rainfed,"['Using Fertilizers', 'Pruning', 'Weeding']",3.0,1.0,4.0,1.0,4.0,0.0,1000.0,800.0,2000.0,2000.0,,1000.0,It's picked from your farm,Supplier,
F-1449,1.0,Kayunga,1,yes,10.0,no,,no,,yes,Agricultural Use,Agreement/lease,,no,,yes,,yes,,no,,,yes,,yes,,yes,,no,,yes,,yes,,yes,,no,,7.1,1065.4,0.640018,1200.0,1000.0,1999-12-12 03:00:00Z,0-25%,75-100%,['Bananas'],,Rainfed,['Weeding'],5.0,3.0,2.0,6.0,8.0,0.0,1000.0,850.0,2000.0,2000.0,,1000.0,At a hulling station,Supplier,
F-1450,1.0,Kayunga,1,yes,6.0,no,,no,,no,Agricultural Use,Agreement/lease,,no,,yes,,yes,,no,,,yes,,yes,,yes,,no,,yes,,yes,,yes,,no,,0.6795627,1106.517,0.5346,1700.0,1500.0,1995-04-07 03:00:00Z,0-25%,75-100%,['Bananas'],,Rainfed,"['Pruning', 'Weeding', 'Intercropping']",5.0,4.0,4.0,4.0,10.0,0.0,1500.0,1350.0,3000.0,3000.0,,1500.0,At a hulling station,Supplier,
F-1451,1.0,Kayunga,1,yes,4.0,no,,no,,no,Agricultural Use,Title,,no,,yes,,yes,,yes,yes,,yes,,yes,,yes,,no,,yes,,yes,,yes,,no,,17.217,1094.4,0.363878,850.0,800.0,2013-12-12 03:00:00Z,0-25%,75-100%,"['Bananas', 'Cocoa']",,Rainfed,"['Using Fertilizers', 'Weeding', 'Intercropping']",0.0,1.0,0.0,1.0,0.0,0.0,900.0,400.0,1600.0,1600.0,,900.0,It's picked from your farm,Supplier,
F-1452,,Luwero,1,Yes,7.0,No,,No,,Yes,100% Agricultural,Deed of Property,,No,,Yes,,Yes,,No,,,No,,Yes,Issues with equal pay reported,Yes,,No,No child labor employed,Yes,,Yes,,Yes,,No,No corruption observed,,,3.765637,1000.0,3933.0,,0-25%,75-100%,"Maize, Beans",,Rainfed,"Composting, Pest Management",4.0,4.0,10.0,0.0,7.0,0.0,,449.0,,2947.0,,2372.0,Luwero,Local Trader,
F-1453,1.0,Kayunga,1,yes,7.0,no,,no,,yes,Agricultural Use,Agreement/lease,,no,,yes,,yes,,no,,,yes,,yes,,Yes,,no,,yes,,yes,,yes,,no,,14.541,1048.016,0.203134,1000.0,1000.0,1968-05-11 03:00:00Z,0-25%,75-100%,"['Bananas', 'Beans']",,Rainfed,"['Pruning', 'Weeding']",0.0,0.0,0.0,0.0,3.0,0.0,1000.0,950.0,2000.0,2000.0,,1000.0,It's picked from your farm,Hulling Station representative,
F-1454,1.0,Kayunga,1,yes,8.0,no,,no,,yes,Agricultural Use,Agreement/lease,,no,,yes,,yes,,no,,,yes,,yes,,yes,,no,,yes,,yes,,yes,,no,,2.0,1055.7,0.594243,1800.0,1500.0,2000-04-08 03:00:00Z,0-25%,75-100%,['Bananas'],,Rainfed,"['Using Fertilizers', 'Pruning', 'Weeding', 'Intercropping']",8.0,6.0,6.0,8.0,14.0,0.0,1500.0,1350.0,3000.0,3000.0,,1500.0,It's picked from your farm,Supplier,
F-1455,1.0,Kayunga,1,yes,8.0,no,,no,,yes,Agricultural Use,Customary,,no,,yes,,yes,,no,,,yes,,yes,,yes,,no,,yes,,yes,,yes,,no,,1.1944475,1076.858,0.23793,1700.0,1500.0,2013-06-08 03:00:00Z,0-25%,75-100%,['Bananas'],,Rainfed,"['Pruning', 'Weeding', 'Intercropping']",5.0,4.0,4.0,5.0,9.0,0.0,1500.0,1350.0,3000.0,3000.0,,1500.0,At a hulling station,Supplier,
F-1456,1.0,Kayunga,1,yes,8.0,no,,no,,yes,Agricultural Use,Agreement/lease,,no,,yes,,yes,,no,,,yes,,yes,,yes,,no,,yes,,yes,,yes,,no,,2.7,1047.0,0.464864,850.0,800.0,1985-08-12 03:00:00Z,0-25%,75-100%,['Beans'],,Rainfed,['Intercropping'],7.0,6.0,8.0,5.0,13.0,0.0,7500.0,7500.0,1600.0,1600.0,800.0,800.0,It's picked from your farm,Supplier,
F-1457,,Nakaseke,5,Yes,5.0,No,,No,,Yes,100% Agricultural,Lease,,No,,Yes,,Yes,,No,,,Yes,,Yes,,Yes,,No,No child labor employed,Yes,,Yes,,Yes,,No,No corruption observed,,,4.062033,240.0,512.0,2000-03-04 03:00:00Z,0-25%,75-100%,,,Rainfed,"Mulching, Pruning",6.0,6.0,2.0,3.0,4.0,0.0,,1043.0,,3422.0,,1186.0,Nakaseke,Local Trader,
F-1458,1.0,Kayunga,1,no,2.0,no,,no,,no,Natural forest,Customary,,no,,yes,,yes,,yes,yes,,yes,,yes,,yes,,no,,yes,,yes,,yes,,no,,1.7,1113.6,0.284725,800.0,600.0,2011-09-09 03:00:00Z,0-25%,75-100%,['Bananas'],,Rainfed,['Using Fertilizers'],1.0,1.0,2.0,1.0,0.0,0.0,800.0,400.0,1200.0,1200.0,,800.0,It's picked from your farm,Supplier,
F-1459,1.0,Kayunga,1,yes,6.0,no,,no,,yes,Agricultural Use,Agreement/lease,,no,,yes,,yes,,no,,,yes,,yes,,yes,,no,,yes,,yes,,yes,,no,,1.4819472,1050.434,1.396661,1300.0,1000.0,2015-04-08 03:00:00Z,0-25%,75-100%,['Bananas'],,Rainfed,"['Pruning', 'Weeding', 'Intercropping']",6.0,4.0,4.0,6.0,10.0,0.0,1000.0,900.0,2000.0,2000.0,,1000.0,It's picked from your farm,Supplier,
F-1460,1.0,Kayunga,1,yes,5.0,no,,no,,yes,Agricultural Use,Agreement/lease,,no,,yes,,yes,,no,,,yes,,yes,,yes,,no,,yes,,yes,,yes,,no,,4.0,1121.0,1.308452,1250.0,1200.0,1999-08-12 03:00:00Z,0-25%,75-100%,['Bananas'],,Rainfed,"['Intercropping', 'Weeding']",5.0,5.0,5.0,5.0,10.0,0.0,1000.0,1000.0,2400.0,2400.0,1200.0,1200.0,It's picked from your farm,Supplier,
F-1461,,Nakaseke,5,No,10.0,Yes,KIMIKA NAKASEKE,No,,Yes,100% Agricultural,Customary,,No,,Yes,,Yes,,No,,,Yes,No interaction with cultural leaders,Yes,,Yes,,No,No child labor employed,Yes,,Yes,Lack of training on rights,Yes,,No,No corruption observed,,,4.125677,450.0,1965.0,2008-04-04 03:00:00Z,0-25%,75-100%,"Maize, Beans",,Rainfed,"Composting, Pest Management",10.0,12.0,0.0,2.0,7.0,0.0,,192.0,,2890.0,,2214.0,Nakaseke,Local Trader,
F-1462,,Nakaseke,5,No,10.0,Yes,KIMIKA NAKASEKE,No,,Yes,100% Agricultural,Customary,,No,,Yes,,Yes,,No,,,Yes,No interaction with cultural leaders,Yes,,Yes,,No,No child labor employed,Yes,,Yes,Lack of training on rights,Yes,,No,No corruption observed,,,3.043136,450.0,1965.0,2010-04-10 03:00:00Z,0-25%,75-100%,"Maize, Beans",,Rainfed,"Composting, Pest Management",10.0,12.0,0.0,2.0,7.0,0.0,,192.0,,2890.0,,2214.0,Nakaseke,Local Trader,
F-1463,1.0,Kayunga,1,yes,8.0,no,,no,,yes,Agricultural Use,Agreement/lease,,no,,yes,,yes,,no,,,yes,,yes,,yes,,no,,yes,,yes,,yes,,no,,1.525,1067.6,0.202171,1700.0,1500.0,2000-07-08 03:00:00Z,0-25%,75-100%,['Bananas'],,Rainfed,"['Using Fertilizers', 'Pruning', 'Weeding', 'Intercropping']",11.0,4.0,4.0,11.0,15.0,0.0,1500.0,1350.0,3000.0,3000.0,,1500.0,It's picked from your farm,Supplier,
F-1464,1.0,Nakaseke,5,Yes,8.0,No,,No,,Yes,100% Agricultural,Deed of Property,,No,,Yes,,No,,No,,,Yes,,Yes,,Yes,,No,No child labor employed,No,,Yes,,Yes,,No,No corruption observed,,,6.172759,450.0,1704.0,1999-03-02 03:00:00Z,0-25%,75-100%,"Bananas, Cassava",,Irrigated,"Mulching, Pruning",2.0,1.0,1.0,5.0,1.0,0.0,,188.0,,330.0,,2471.0,Nakaseke,Local Trader,
F-1465,1.0,Kayunga,1,yes,7.0,no,,no,,yes,Agricultural Use,Agreement/lease,,no,,yes,,yes,,no,,,yes,,yes,,yes,,no,,yes,,yes,,yes,,no,,0.92848057,1039.614,1.546388,1700.0,1500.0,2009-05-08 03:00:00Z,0-25%,75-100%,['Bananas'],,Rainfed,"['Using Fertilizers', 'Weeding', 'Intercropping']",7.0,5.0,7.0,5.0,12.0,0.0,1350.0,1350.0,3000.0,3000.0,1500.0,1500.0,It's picked from your farm,Supplier,
F-1466,1.0,Luwero,1,yes,6.0,no,,no,,yes,Agricultural Use,Agreement/lease,,no,,yes,,yes,,yes,yes,,yes,,yes,,yes,,no,,yes,,yes,,yes,,no,,5.693,1083.2,5.127381,1050.0,1000.0,2002-12-20 03:00:00Z,0-25%,75-100%,['Bananas'],,Rainfed,['Using Fertilizers'],3.0,3.0,1.0,5.0,4.0,2.0,200.0,200.0,200.0,200.0,50.0,50.0,It's picked from your farm,Supplier,
F-1467,1.0,Kayunga,2025-05-10 00:00:00,yes,3.0,no,,no,,no,Agricultural Use,Title,,no,,yes,,yes,,yes,yes,,yes,,yes,,yes,,no,,yes,,yes,,yes,,no,,8.033,1061.4,1.045032,36.0,30.0,2009-09-12 03:00:00Z,0-25%,75-100%,"['Bananas', 'Tobacco', 'Beans']",,Both(Rainfed+Irrigated),['Using Fertilizers'],10.0,15.0,2.0,30.0,5.0,2.0,80.0,45.0,950.0,950.0,,80.0,At a hulling station,Supplier,
F-1468,1.0,Kayunga,1,yes,13.0,no,,no,,yes,Agricultural Use,Customary,,no,,yes,,yes,,yes,yes,,yes,,yes,,yes,,no,,yes,,yes,,yes,,no,,1.733,1092.7,1.01866,1370.0,1300.0,1999-08-15 03:00:00Z,0-25%,75-100%,['Bananas'],,Rainfed,['Intercropping'],4.0,2.0,6.0,0.0,6.0,0.0,1950.0,975.0,3900.0,3900.0,,1950.0,It's picked from your farm,Supplier,
F-1469,1.0,Kayunga,1,yes,5.0,no,,no,,yes,Agricultural Use,Customary,,no,,yes,,yes,,no,,,yes,,yes,,yes,,no,,yes,,yes,,yes,,no,,2.665,1053.19999999999,1.595679,1050.0,1000.0,1999-09-12 03:00:00Z,0-25%,75-100%,['Beans'],,Rainfed,['Intercropping'],6.0,4.0,4.0,6.0,10.0,0.0,900.0,900.0,2000.0,2000.0,1000.0,1000.0,At a hulling station,Supplier,
F-1470,1.0,Luwero,1,yes,2.0,no,,no,,yes,Agricultural Use,Agreement/lease,,no,,yes,,yes,,yes,yes,,yes,,yes,,yes,,no,,yes,,yes,,yes,,no,,1.62,1088.0,3.36561,1050.0,1000.0,1990-05-25 03:00:00Z,0-25%,75-100%,"['Bananas', 'Beans']",,Rainfed,['Using Fertilizers'],0.0,2.0,0.0,2.0,2.0,0.0,200.0,200.0,200.0,200.0,,200.0,It's picked from your farm,Supplier,
F-1471,1.0,Kayunga,1,yes,4.0,no,,no,,yes,Agricultural Use,Agreement/lease,,no,,yes,,yes,,no,,,yes,,yes,,yes,,no,,yes,,yes,,yes,,no,,1.6076493,1043.415,0.736067,1700.0,1500.0,2000-06-08 03:00:00Z,0-25%,75-100%,['Bananas'],,Rainfed,"['Using Fertilizers', 'Pruning', 'Weeding', 'Intercropping']",8.0,5.0,3.0,10.0,13.0,0.0,1350.0,1350.0,3000.0,3000.0,1500.0,1500.0,It's picked from your farm,Supplier,
F-1472,1.0,Kayunga,1,yes,7.0,no,,no,,yes,Agricultural Use,Agreement/lease,,no,,yes,,yes,,no,,,yes,,yes,,yes,,no,,yes,,yes,,yes,,no,,4.4,1059.0,2.569811,1050.0,1000.0,1990-09-13 03:00:00Z,0-25%,75-100%,"['Bananas', 'Beans']",,Rainfed,"['Intercropping', 'Weeding']",3.0,4.0,3.0,4.0,7.0,0.0,1000.0,850.0,2000.0,2000.0,,1000.0,It's picked from your farm,Supplier,
F-1473,1.0,Kayunga,1,no,7.0,no,,no,,yes,Agricultural Use,Customary,,no,,yes,,yes,,yes,yes,,yes,,yes,,yes,,no,,yes,,yes,,yes,,no,,1.575,1063.6,1.772588,900.0,900.0,2004-08-09 03:00:00Z,0-25%,75-100%,['Bananas'],,Rainfed,"['Using Fertilizers', 'Pruning', 'Weeding', 'Intercropping']",6.0,4.0,10.0,0.0,10.0,0.0,1100.0,900.0,2000.0,2000.0,,1100.0,It's picked from your farm,Supplier,
F-1474,1.0,Kayunga,1,yes,5.0,no,,no,,yes,Agricultural Use,Customary,,no,,yes,,yes,,yes,yes,,yes,,yes,,yes,,no,,yes,,yes,,yes,,no,,16.941,1032.4,0.245965,2000.0,2000.0,2004-07-09 03:00:00Z,0-25%,75-100%,"['Bananas', 'Sorghum', 'Beans']",,Rainfed,"['Using Fertilizers', 'Pruning', 'Weeding', 'Intercropping']",4.0,4.0,8.0,0.0,8.0,0.0,2000.0,1800.0,4000.0,4000.0,,2000.0,At a hulling station,Supplier,
F-1475,1.0,Kayunga,1,yes,5.0,no,,no,,yes,Agricultural Use,Title,,no,,yes,,yes,,no,,,yes,,yes,,yes,,no,,yes,,yes,,yes,,no,,2.5,1062.4,0.468275,1250.0,1200.0,2009-08-12 03:00:00Z,0-25%,75-100%,['Bananas'],,Rainfed,"['Intercropping', 'Weeding']",5.0,4.0,5.0,4.0,9.0,0.0,1000.0,1000.0,2400.0,2400.0,1200.0,1200.0,At a hulling station,Supplier,
F-1476,1.0,Kayunga,1,yes,3.0,no,,no,,yes,Agricultural Use,Agreement/lease,,no,,yes,,yes,,yes,yes,,yes,,yes,,yes,,no,,yes,,yes,,yes,,no,,4.136,1047.9,0.440218,450.0,300.0,2020-04-12 03:00:00Z,0-25%,75-100%,['Bananas'],,Rainfed,['Weeding'],1.0,1.0,0.0,2.0,0.0,0.0,1200.0,500.0,900.0,900.0,,1200.0,It's picked from your farm,Supplier,
F-1477,,Nakaseke,2,Yes,2.0,No,,No,,Yes,100% Agricultural,Deed of Property,,No,,No,,Yes,,No,,,Yes,,Yes,,Yes,,No,No child labor employed,No,,Yes,,Yes,,No,No corruption observed,,,3.333444,92.0,239.0,2019-05-08 03:00:00Z,0-25%,75-100%,"Matoke, Groundnuts",,Rainfed,"Composting, Pest Management",10.0,6.0,6.0,2.0,2.0,0.0,,232.0,,3166.0,,1199.0,Nakaseke,Local Trader,
F-1478,1.0,Kayunga,1,yes,6.0,no,,no,,yes,Agricultural Use,Customary,,no,,yes,,yes,,yes,yes,,yes,,yes,,yes,,no,,yes,,yes,,yes,,no,,7.2,1020.4,0.629474,1200.0,1000.0,2003-08-09 03:00:00Z,0-25%,75-100%,['Bananas'],,Rainfed,"['Using Fertilizers', 'Pruning', 'Weeding']",4.0,1.0,5.0,1.0,5.0,0.0,1000.0,800.0,2000.0,2000.0,,1000.0,It's picked from your farm,Supplier,
F-1479,1.0,Kayunga,1,yes,4.0,no,,no,,yes,Agricultural Use,Agreement/lease,,no,,yes,,yes,,no,,,yes,,yes,,yes,,no,,yes,,yes,,yes,,no,,2.7,1067.6,0.461149,1050.0,1000.0,2005-07-21 03:00:00Z,0-25%,75-100%,"['Bananas', 'Beans']",,Rainfed,"['Intercropping', 'Weeding']",2.0,3.0,2.0,3.0,5.0,0.0,1000.0,850.0,2000.0,2000.0,,1000.0,At a cooperative,Supplier,
F-1480,1.0,Kayunga,1,yes,3.0,no,,no,,no,Agricultural Use,Title,,no,,yes,,yes,,yes,yes,,yes,,yes,,yes,,no,,yes,,yes,,yes,,no,,3.0,1112.9,0.641524,950.0,900.0,1991-01-11 03:00:00Z,0-25%,75-100%,"['Bananas', 'Greengrams', 'Tobacco']",,Rainfed,"['Using Fertilizers', 'Weeding', 'Intercropping']",0.0,1.0,0.0,1.0,0.0,0.0,600.0,300.0,900.0,900.0,,600.0,It's picked from your farm,Supplier,
F-1481,1.0,Nakaseke,4,No,4.0,No,,No,,Yes,100% Agricultural,Deed of Property,,No,,Yes,,No,Limited knowledge of waste management,No,,,Yes,,Yes,,Yes,,No,No child labor employed,No,Irregular schedules due to seasonal work,No,,Yes,,No,No corruption observed,,,2.206274,458.0,2070.0,1980-09-12 03:00:00Z,0-25%,75-100%,"Bananas, Cassava",,Rainfed,"Mulching, Pruning",5.0,3.0,7.0,2.0,2.0,0.0,,1317.0,,2596.0,,2109.0,Nakaseke,Local Trader,
F-1482,1.0,Nakaseke,4,No,4.0,No,,No,,Yes,100% Agricultural,Deed of Property,,No,,Yes,,No,Limited knowledge of waste management,No,,,Yes,,Yes,,Yes,,No,No child labor employed,No,Irregular schedules due to seasonal work,No,,Yes,,No,No corruption observed,,,4.61671,2580.0,2070.0,1970-12-16 03:00:00Z,0-25%,75-100%,"Bananas, Cassava",,Rainfed,"Mulching, Pruning",5.0,3.0,7.0,2.0,2.0,0.0,,1317.0,,2596.0,,2109.0,Nakaseke,Local Trader,
F-1483,1.0,Kayunga,1,yes,4.0,no,,no,,yes,Agricultural Use,Agreement/lease,,no,,yes,,yes,,no,,,yes,,yes,,yes,,no,,yes,,yes,,yes,,no,,5.3,1097.6,2.343508,1350.0,1300.0,2008-05-12 03:00:00Z,0-25%,75-100%,['Bananas'],,Rainfed,"['Weeding', 'Intercropping']",5.0,4.0,4.0,5.0,9.0,0.0,1500.0,1350.0,3000.0,3000.0,,1500.0,It's picked from your farm,Supplier,
F-1484,1.0,Kayunga,1,yes,4.0,no,,no,,yes,Agricultural Use,Agreement/lease,,no,,yes,,yes,,no,,,yes,,yes,,yes,,no,,yes,,yes,,yes,,no,,2.3,1081.3,0.381216,1050.0,1000.0,2011-08-12 03:00:00Z,0-25%,75-100%,['Bananas'],,Rainfed,"['Intercropping', 'Weeding']",4.0,3.0,3.0,4.0,7.0,0.0,1000.0,850.0,2000.0,2000.0,,1000.0,It's picked from your farm,Supplier,
F-1485,1.0,Kayunga,1,yes,5.0,no,,no,,yes,Agricultural Use,Title,,no,,yes,,yes,,no,,,yes,,yes,,yes,,no,,yes,,yes,,yes,,no,,4.7,1088.0,0.825661,350.0,300.0,1990-05-02 03:00:00Z,0-25%,75-100%,"['Bananas', 'Beans']",,Rainfed,"['Using Fertilizers', 'Pruning', 'Intercropping']",1.0,1.0,1.0,2.0,0.0,0.0,350.0,300.0,7000.0,7000.0,,350.0,It's picked from your farm,Supplier,
F-1486,1.0,Kayunga,1,yes,8.0,no,,no,,no,Agricultural Use,Agreement/lease,,no,,yes,,yes,,no,,,yes,,yes,,Yes,,no,,yes,,yes,,yes,,no,,5.1,1059.1,0.905707,950.0,900.0,2005-05-12 03:00:00Z,0-25%,75-100%,['Bananas'],,Rainfed,['Using Fertilizers'],3.0,0.0,0.0,3.0,0.0,0.0,800.0,600.0,1000.0,1000.0,,800.0,It's picked from your farm,Cooperative representative,
F-1487,1.0,Mukono,1,yes,8.0,no,,no,,yes,Agricultural Use,Agreement/lease,,no,,yes,,yes,,no,,,yes,,yes,,yes,,no,,yes,,yes,,yes,,no,,1.1940029,1050.229,0.497539,1200.0,1000.0,1990-03-08 03:00:00Z,0-25%,75-100%,['Bananas'],,Rainfed,"['Using Fertilizers', 'Weeding', 'Intercropping']",6.0,3.0,4.0,5.0,9.0,0.0,900.0,900.0,2000.0,2000.0,1000.0,1000.0,It's picked from your farm,Supplier,
F-1488,1.0,Kayunga,1,yes,8.0,no,,no,,no,Agricultural Use,Agreement/lease,,no,,yes,,yes,,no,,,yes,,yes,,yes,,no,,yes,,yes,,yes,,no,,0.89039385,1111.386,0.322226,1700.0,1500.0,2000-05-07 03:00:00Z,0-25%,75-100%,['Bananas'],,Rainfed,"['Using Fertilizers', 'Pruning', 'Weeding', 'Intercropping']",9.0,3.0,3.0,9.0,12.0,0.0,1500.0,1350.0,3000.0,3000.0,,1500.0,At a hulling station,Supplier,
F-1489,1.0,Kayunga,1,yes,5.0,no,,no,,no,Agricultural Use,Agreement/lease,,no,,yes,,yes,,yes,yes,,yes,,yes,,Yes,,no,,yes,,yes,,yes,,no,,3.4,1131.8,0.546946,850.0,800.0,2010-03-12 03:00:00Z,0-25%,75-100%,['Bananas'],,Rainfed,['Using Fertilizers'],2.0,0.0,0.0,2.0,0.0,0.0,700.0,500.0,900.0,900.0,,700.0,It's picked from your farm,Cooperative representative,
F-1490,1.0,Kayunga,1,yes,5.0,no,,no,,no,Agricultural Use,Agreement/lease,,no,,yes,,yes,,yes,yes,,yes,,yes,,yes,,no,,yes,,yes,,yes,,no,,7.4,1055.4,2.215048,1050.0,1000.0,1956-04-16 03:00:00Z,0-25%,75-100%,"['Bananas', 'Beans']",,Rainfed,"['Pruning', 'Weeding', 'Intercropping']",1.0,2.0,2.0,0.0,1.0,0.0,1500.0,1400.0,3000.0,3000.0,,1500.0,It's picked from your farm,Supplier,
F-1491,,Nakaseke,1,Yes,2.0,No,,No,,Yes,100% Agricultural,Other,,No,,Yes,,Yes,,No,,,Yes,,Yes,,Yes,,No,No child labor employed,Yes,Irregular schedules due to seasonal work,Yes,,Yes,,No,No corruption observed,,,3.702154,953.0,456.0,1989-06-29 03:00:00Z,0-25%,75-100%,"Maize, Beans",,Irrigated,"Composting, Pest Management",1.0,3.0,4.0,0.0,3.0,0.0,,973.0,,682.0,,1025.0,Nakaseke,Local Trader,
F-1492,,Luwero,5,Yes,7.0,No,,No,,No,100% Agricultural,Customary,,No,,Yes,,Yes,,No,,,No,No interaction with cultural leaders,Yes,,Yes,,No,No child labor employed,Yes,,Yes,Lack of training on rights,Yes,Unaware of tax obligations,No,No corruption observed,,,3.323613,80.0,4213.0,1965-09-08 03:00:00Z,0-25%,75-100%,"Matoke, Groundnuts",,Rainfed,"Mulching, Pruning",1.0,0.0,3.0,4.0,0.0,0.0,,700.0,,1858.0,,1129.0,Luwero,Local Trader,
F-1493,1.0,Kayunga,1,yes,8.0,no,,no,,no,Natural forest,Customary,,no,,yes,,yes,,yes,yes,,yes,,yes,,yes,,no,,yes,,yes,,yes,,no,,3.7,1078.7,0.685566,900.0,800.0,2018-09-09 03:00:00Z,0-25%,75-100%,['Bananas'],,Irrigated,['Using Fertilizers'],1.0,1.0,1.0,1.0,0.0,0.0,800.0,400.0,1600.0,1600.0,,800.0,It's picked from your farm,Supplier,
F-1494,1.0,Luwero,1,yes,4.0,no,,no,,yes,Agricultural Use,Title,,no,,yes,,yes,,no,,,yes,,yes,,yes,,no,,yes,,yes,,yes,,no,,1.442,1132.82,0.70785,1850.0,1800.0,1996-08-05 03:00:00Z,0-25%,75-100%,['Bananas'],,Rainfed,"['Pruning', 'Weeding', 'Intercropping']",2.0,1.0,3.0,1.0,3.0,0.0,1000.0,900.0,2000.0,2000.0,,1000.0,It's picked from your farm,Supplier,
F-1495,1.0,Kayunga,1,yes,4.0,no,,no,,yes,Agricultural Use,Agreement/lease,,no,,yes,,yes,,no,,,yes,,yes,,yes,,no,,yes,,yes,,yes,,no,,4.3,1063.1,0.603743,1050.0,1000.0,2010-07-14 03:00:00Z,0-25%,75-100%,"['Bananas', 'Beans']",,Rainfed,"['Intercropping', 'Weeding']",2.0,3.0,2.0,3.0,5.0,0.0,1000.0,850.0,2000.0,2000.0,,1000.0,It's picked from your farm,Supplier,
F-1496,1.0,Kayunga,1,yes,4.0,no,,no,,no,Agricultural Use,Agreement/lease,,no,,yes,,yes,,yes,yes,,yes,,yes,,Yes,,no,,yes,,yes,,yes,,no,,14.443,1104.8,0.8311,850.0,800.0,2012-05-12 03:00:00Z,0-25%,75-100%,['Bananas'],,Rainfed,['Using Fertilizers'],4.0,0.0,0.0,5.0,0.0,0.0,500.0,300.0,700.0,700.0,,500.0,It's picked from your farm,Cooperative representative,
F-1497,1.0,Luwero,1,no,4.0,no,,no,,yes,Agricultural Use,Title,,no,,yes,,yes,,no,,,yes,,yes,,yes,,no,,yes,,yes,,yes,,no,,3.194,1135.634,1.297042,1800.0,1500.0,2019-02-02 03:00:00Z,0-25%,75-100%,['Bananas'],,Rainfed,"['Pruning', 'Using Fertilizers', 'Weeding', 'Intercropping']",4.0,0.0,2.0,2.0,0.0,0.0,2000.0,1000.0,4000.0,4000.0,,2000.0,At a cooperative,Hulling Station representative,
F-1498,,Luwero,3,No,7.0,No,,No,,No,100% Agricultural,Customary,,No,,Yes,Lack of resources for buffer zones,Yes,,No,,,Yes,No interaction with cultural leaders,Yes,,Yes,,No,No child labor employed,Yes,,Yes,,Yes,,No,No corruption observed,,,5.718786,1360.0,233.0,2006-06-23 03:00:00Z,0-25%,75-100%,"Bananas, Cassava",,Rainfed,"Intercropping, Soil Testing",7.0,8.0,1.0,1.0,5.0,0.0,,759.0,,2395.0,,2448.0,Luwero,Local Trader,
F-1499,1.0,Kayunga,1,yes,8.0,no,,no,,yes,Agricultural Use,Agreement/lease,,no,,yes,,yes,,no,,,yes,,yes,,yes,,no,,yes,,yes,,yes,,no,,0.983123,1061.34,0.455617,1750.0,1500.0,2000-06-08 03:00:00Z,0-25%,75-100%,['Bananas'],,Rainfed,"['Using Fertilizers', 'Pruning', 'Weeding', 'Intercropping']",10.0,8.0,8.0,10.0,18.0,0.0,1350.0,1350.0,3000.0,3000.0,1500.0,1500.0,It's picked from your farm,Supplier,
F-1500,1.0,Kayunga,1,yes,8.0,no,,no,,yes,Agricultural Use,Customary,,no,,yes,,yes,,no,,,yes,,yes,,yes,,no,,yes,,yes,,yes,,no,,0.76945186,1089.475,1.021046,1700.0,1500.0,2000-06-08 03:00:00Z,0-25%,75-100%,['Bananas'],,Rainfed,"['Using Fertilizers', 'Pruning', 'Weeding', 'Intercropping']",7.0,6.0,6.0,7.0,13.0,0.0,1350.0,1350.0,3000.0,3000.0,1500.0,1500.0,It's picked from your farm,Supplier,
F-1501,1.0,Luwero,3,Yes,6.0,no,,No,,Yes,100% Agricultural,Customary,,No,,Yes,,Yes,,No,,,Yes,,Yes,,Yes,,No,No child labor employed,Yes,,Yes,,No,No corruption observed,No,No corruption observed,,,5.620578,4000.0,1992.0,,0-25%,75-100%,Mulching,,Rainfed,"Composting, Pest Management",1.0,6.0,4.0,3.0,60.0,0.0,,757.0,,3940.0,,2316.0,Luwero,Local Trader,
F-1502,,Nakaseke,2,Yes,7.0,No,,No,,Yes,100% Agricultural,Other,,No,,Yes,,Yes,,No,,,No,,Yes,,Yes,,No,No child labor employed,Yes,,No,,Yes,,No,No corruption observed,,,2.135836,250.0,299.0,2006-05-19 03:00:00Z,0-25%,75-100%,"Bananas, Cassava",,Rainfed,"Composting, Pest Management",9.0,7.0,5.0,2.0,1.0,0.0,,991.0,,645.0,,1679.0,Nakaseke,Local Trader,
F-1503,,Nakaseke,2,Yes,7.0,No,,No,,Yes,100% Agricultural,Other,,No,,Yes,,Yes,,No,,,No,,Yes,,Yes,,No,No child labor employed,Yes,,No,,Yes,,No,No corruption observed,,,2.135836,450.0,299.0,2006-09-17 03:00:00Z,0-25%,75-100%,"Bananas, Cassava",,Rainfed,"Composting, Pest Management",9.0,7.0,5.0,2.0,1.0,0.0,,991.0,,645.0,,1679.0,Nakaseke,Local Trader,
F-1504,,Nakaseke,2,Yes,7.0,No,,No,,Yes,100% Agricultural,Other,,No,,Yes,,Yes,,No,,,No,,Yes,,Yes,,No,No child labor employed,Yes,,No,,Yes,,No,No corruption observed,,,1.389915,250.0,299.0,2005-12-18 03:00:00Z,0-25%,75-100%,"Bananas, Cassava",,Rainfed,"Composting, Pest Management",9.0,7.0,5.0,2.0,1.0,0.0,,991.0,,645.0,,1679.0,Nakaseke,Local Trader,
F-1505,1.0,Kayunga,1,no,5.0,no,,no,,no,Agricultural Use,Agreement/lease,,no,,yes,,yes,,no,,,yes,,yes,,Yes,,no,,yes,,yes,,yes,,no,,0.7381846,1109.465,1.302037,950.0,900.0,2007-03-12 03:00:00Z,0-25%,75-100%,['Bananas'],,Rainfed,['Using Fertilizers'],1.0,1.0,0.0,2.0,0.0,0.0,600.0,500.0,800.0,800.0,,600.0,It's picked from your farm,Cooperative representative,
F-1506,1.0,Luwero,More than 10,yes,7.0,no,,no,,yes,Agricultural Use,Customary,,no,,yes,,yes,,no,,,yes,,yes,,yes,,no,,yes,,yes,,yes,,no,,2.2,1085.3,1.21427,450.0,100.0,2012-12-01 03:00:00Z,0-25%,75-100%,"['Bananas', 'Beans']",,Both(Rainfed+Irrigated),['Intercropping'],1.0,1.0,1.0,1.0,1.0,1.0,500.0,450.0,9000.0,9000.0,,500.0,It's picked from your farm,Supplier,
F-1507,1.0,Kayunga,1,yes,4.0,no,,no,,no,Natural forest,Customary,,no,,yes,,yes,,yes,yes,,yes,,yes,,yes,,no,,yes,,yes,,yes,,no,,2.1,1108.4,0.197952,1000.0,800.0,2016-08-08 03:00:00Z,0-25%,75-100%,['Bananas'],,Rainfed,['Using Fertilizers'],1.0,2.0,2.0,1.0,1.0,0.0,800.0,400.0,1600.0,1600.0,,800.0,It's picked from your farm,Supplier,
F-1508,1.0,Kayunga,2,yes,5.0,no,,no,,yes,Agricultural Use,Agreement/lease,,no,,yes,,yes,,yes,yes,,yes,,yes,,yes,,no,,yes,,yes,,yes,,no,,2.71,1071.0,1.066967,1200.0,1000.0,1998-02-09 03:00:00Z,0-25%,75-100%,['Bananas'],,Rainfed,"['Using Fertilizers', 'Pruning', 'Weeding', 'Intercropping']",5.0,1.0,6.0,0.0,6.0,0.0,1000.0,800.0,2000.0,2000.0,,1000.0,It's picked from your farm,Supplier,
F-1509,1.0,Luwero,1,yes,2.0,no,,no,,yes,Agricultural Use,Agreement/lease,,no,,yes,,yes,,yes,yes,,yes,,yes,,yes,,no,,yes,,yes,,yes,,no,,1.24,1118.867,3.189228,1770.0,1720.0,1965-03-05 03:00:00Z,0-25%,75-100%,['Bananas'],,Rainfed,"['Weeding', 'Using Fertilizers', 'Pruning']",3.0,0.0,1.0,3.0,2.0,0.0,650.0,700.0,900.0,950.0,1040.0,1450.0,It's picked from your farm,Supplier,
F-1510,,Luwero,1,Yes,8.0,No,,No,,Yes,100% Agricultural,Deed of Property,,No,,Yes,,Yes,,No,,,Yes,,Yes,,Yes,,No,No child labor employed,Yes,,Yes,,No,,No,No corruption observed,,,4.335387,720.0,783.0,2009-12-17 03:00:00Z,0-25%,75-100%,"Maize, Beans",,Rainfed,"Composting, Pest Management",11.0,6.0,4.0,3.0,3.0,0.0,,1587.0,,562.0,,1827.0,Luwero,Local Trader,
F-1511,1.0,Luwero,2,yes,6.0,no,,no,,yes,Agricultural Use,Title,,no,,yes,,yes,,no,,,yes,,yes,,yes,,no,,yes,,yes,,yes,,no,,2.1,1169.5,0.494672,1250.0,1200.0,2015-04-04 03:00:00Z,0-25%,75-100%,['Beans'],,Rainfed,"['Using Fertilizers', 'Intercropping']",2.0,4.0,0.0,6.0,6.0,0.0,1500.0,1345.0,2500.0,2500.0,,1500.0,It's picked from your farm,Supplier,
F-1512,1.0,Luwero,1,yes,8.0,no,,no,,yes,Agricultural Use,Agreement/lease,,no,,yes,,yes,,no,,,yes,,yes,,yes,,no,,yes,,yes,,yes,,no,,0.755,1072.683,2.123738,1310.0,1260.0,2010-08-10 03:00:00Z,0-25%,75-100%,['Bananas'],,Rainfed,['Weeding'],4.0,1.0,2.0,5.0,5.0,0.0,1680.0,1680.0,3600.0,3600.0,1800.0,1800.0,It's picked from your farm,Supplier,
F-1513,,Luwero,3,No,2.0,No,,No,,Yes,100% Agricultural,Lease,,No,,Yes,,Yes,,No,,,Yes,,Yes,,Yes,,No,No child labor employed,Yes,,No,,Yes,,No,No corruption observed,,,4.877663,200.0,1461.0,2005-05-08 03:00:00Z,0-25%,75-100%,"Bananas, Cassava",,Rainfed,"Intercropping, Soil Testing",1.0,1.0,10.0,3.0,1.0,0.0,,122.0,,1125.0,,1838.0,Luwero,Local Trader,
F-1514,1.0,Luwero,1,yes,2.0,no,,no,,yes,Agricultural Use,Agreement/lease,,no,,yes,,yes,,no,,,yes,,yes,,yes,,no,,yes,,yes,,yes,,no,,2.867,1160.159,1.710366,1400.0,1350.0,1994-08-01 03:00:00Z,0-25%,75-100%,"['Bananas', 'Beans']",,Rainfed,"['Pruning', 'Weeding', 'Intercropping']",2.0,0.0,2.0,1.0,2.0,0.0,500.0,450.0,1000.0,1000.0,,500.0,It's picked from your farm,Supplier,
F-1515,,Luwero,1,Yes,8.0,No,,No,,No,100% Agricultural,Other,,No,,Yes,,Yes,Limited knowledge of waste management,No,,,Yes,No interaction with cultural leaders,Yes,,Yes,,No,No child labor employed,No,,Yes,,Yes,,No,No corruption observed,,,3.493673,2400.0,1246.0,2008-07-18 03:00:00Z,0-25%,75-100%,"Bananas, Cassava",,Irrigated,"Composting, Pest Management",1.0,1.0,10.0,5.0,0.0,0.0,,1683.0,,2464.0,,1316.0,Luwero,Local Trader,
F-1516,1.0,Luwero,1,yes,5.0,no,,no,,no,Agricultural Use,Title,,no,,yes,,yes,,no,,,yes,,yes,,yes,,no,,yes,,yes,,yes,,no,,1.196,1085.093,1.735029,500.0,125.0,1962-03-02 03:00:00Z,0-25%,75-100%,['Bananas'],,Rainfed,"['Pruning', 'Weeding']",3.0,0.0,3.0,0.0,0.0,0.0,625.0,202.0,375.0,375.0,,625.0,It's picked from your farm,Supplier,
F-1517,,Nakaseke,2,No,5.0,no,,No,,Yes,100% Agricultural,Other,,No,,Yes,,Yes,,No,,,No,No interaction with cultural leaders,Yes,Issues with equal pay reported,Yes,,No,No child labor employed,Yes,,Yes,,Yes,,No,No corruption observed,,,4.137471,500.0,512.0,,0-25%,75-100%,"Maize, Beans",,Rainfed,"Intercropping, Soil Testing",5.0,0.0,1.0,4.0,1.0,0.0,,1285.0,,2421.0,,682.0,Nakaseke,Local Trader,
F-1518,1.0,Kayunga,1,yes,6.0,no,,no,,yes,Agricultural Use,Agreement/lease,,no,,yes,,yes,,yes,yes,,yes,,yes,,yes,,no,,yes,,yes,,yes,,no,,4.3,1033.0,2.140613,800.0,600.0,2016-05-21 03:00:00Z,0-25%,75-100%,['Bananas'],,Rainfed,['Weeding'],2.0,1.0,0.0,3.0,0.0,0.0,2200.0,1400.0,1800.0,1800.0,,2200.0,It's picked from your farm,Supplier,
F-1519,,Luwero,2,No,10.0,No,,No,,Yes,100% Agricultural,Lease,,No,,No,,Yes,,No,,,Yes,No interaction with cultural leaders,Yes,,Yes,,No,No child labor employed,Yes,,Yes,Lack of training on rights,No,,No,No corruption observed,,,2.126814,1000.0,423.0,,0-25%,75-100%,"Matoke, Groundnuts",,Irrigated,"Intercropping, Soil Testing",12.0,6.0,2.0,2.0,8.0,0.0,,454.0,,548.0,,2211.0,Luwero,Local Trader,
F-1520,,Luwero,2,No,10.0,No,,No,,Yes,100% Agricultural,Lease,,No,,No,,Yes,,No,,,Yes,No interaction with cultural leaders,Yes,,Yes,,No,No child labor employed,Yes,,Yes,Lack of training on rights,No,,No,No corruption observed,,,2.196632,350.0,423.0,1949-09-14 03:00:00Z,0-25%,75-100%,"Matoke, Groundnuts",,Irrigated,"Intercropping, Soil Testing",12.0,6.0,2.0,2.0,8.0,0.0,,454.0,,548.0,,2211.0,Luwero,Local Trader,
F-1521,,Nakaseke,4,Yes,3.0,No,,No,,Yes,100% Agricultural,Deed of Property,,No,,Yes,Lack of resources for buffer zones,No,,No,,,Yes,No interaction with cultural leaders,Yes,,Yes,,No,No child labor employed,Yes,,Yes,,Yes,,No,No corruption observed,,,3.214815,1250.0,952.0,2000-09-12 03:00:00Z,0-25%,75-100%,"Matoke, Groundnuts",,Rainfed,"Composting, Pest Management",4.0,0.0,0.0,1.0,4.0,0.0,,1620.0,,4201.0,,1419.0,Nakaseke,Local Trader,
F-1522,1.0,Nakaseke,5,Yes,4.0,no,,No,,Yes,100% Agricultural,Deed of Property,,No,,Yes,,Yes,,No,,,No,No interaction with cultural leaders,Yes,,Yes,,No,No child labor employed,Yes,,Yes,,Yes,Unaware of tax obligations,No,No corruption observed,,,5.016962,900.0,478.0,2010-05-08 03:00:00Z,0-25%,75-100%,,,Rainfed,"Intercropping, Soil Testing",6.0,11.0,4.0,5.0,5.0,0.0,,1066.0,,4599.0,,2201.0,Nakaseke,Local Trader,
F-1523,1.0,Nakaseke,5,Yes,4.0,no,,No,,Yes,100% Agricultural,Deed of Property,,No,,Yes,,Yes,,No,,,No,No interaction with cultural leaders,Yes,,Yes,,No,No child labor employed,Yes,,Yes,,Yes,Unaware of tax obligations,No,No corruption observed,,,1.284275,400.0,478.0,,0-25%,75-100%,,,Rainfed,"Intercropping, Soil Testing",6.0,11.0,4.0,5.0,5.0,0.0,,1066.0,,4599.0,,2201.0,Nakaseke,Local Trader,
F-1524,,Nakaseke,5,Yes,2.0,No,,No,,Yes,100% Agricultural,Deed of Property,,No,,Yes,,Yes,,No,,,No,No interaction with cultural leaders,No,,Yes,,No,No child labor employed,Yes,,Yes,Lack of training on rights,Yes,,No,No corruption observed,,,15.988653,800.0,280.0,2000-09-13 03:00:00Z,0-25%,75-100%,"Matoke, Groundnuts",,Irrigated,"Intercropping, Soil Testing",7.0,3.0,6.0,2.0,7.0,0.0,,792.0,,3180.0,,2459.0,Nakaseke,Local Trader,
F-1525,,Nakaseke,5,Yes,2.0,No,,No,,Yes,100% Agricultural,Deed of Property,,No,,Yes,,Yes,,No,,,No,No interaction with cultural leaders,No,,Yes,,No,No child labor employed,Yes,,Yes,Lack of training on rights,Yes,,No,No corruption observed,,,15.988653,1250.0,280.0,1998-08-31 03:00:00Z,0-25%,75-100%,"Matoke, Groundnuts",,Irrigated,"Intercropping, Soil Testing",7.0,3.0,6.0,2.0,7.0,0.0,,792.0,,3180.0,,2459.0,Nakaseke,Local Trader,
F-1526,,Nakaseke,5,Yes,2.0,No,,No,,Yes,100% Agricultural,Deed of Property,,No,,Yes,,Yes,,No,,,No,No interaction with cultural leaders,No,,Yes,,No,No child labor employed,Yes,,Yes,Lack of training on rights,Yes,,No,No corruption observed,,,15.988653,2050.0,280.0,2005-09-12 03:00:00Z,0-25%,75-100%,"Matoke, Groundnuts",,Irrigated,"Intercropping, Soil Testing",7.0,3.0,6.0,2.0,7.0,0.0,,792.0,,3180.0,,2459.0,Nakaseke,Local Trader,
F-1527,,Nakaseke,5,Yes,2.0,No,,No,,Yes,100% Agricultural,Deed of Property,,No,,Yes,,Yes,,No,,,No,No interaction with cultural leaders,No,,Yes,,No,No child labor employed,Yes,,Yes,Lack of training on rights,Yes,,No,No corruption observed,,,15.988653,1600.0,280.0,1999-03-12 03:00:00Z,0-25%,75-100%,"Matoke, Groundnuts",,Irrigated,"Intercropping, Soil Testing",7.0,3.0,6.0,2.0,7.0,0.0,,792.0,,3180.0,,2459.0,Nakaseke,Local Trader,
F-1528,,Nakaseke,5,Yes,2.0,No,,No,,Yes,100% Agricultural,Deed of Property,,No,,Yes,,Yes,,No,,,No,No interaction with cultural leaders,No,,Yes,,No,No child labor employed,Yes,,Yes,Lack of training on rights,Yes,,No,No corruption observed,,,2.396571,880.0,280.0,2008-09-15 03:00:00Z,0-25%,75-100%,"Matoke, Groundnuts",,Irrigated,"Intercropping, Soil Testing",7.0,3.0,6.0,2.0,7.0,0.0,,792.0,,3180.0,,2459.0,Nakaseke,Local Trader,
F-1529,1.0,Luwero,1,yes,5.0,no,,no,,yes,Agricultural Use,Agreement/lease,,no,,yes,,yes,,no,,,yes,,yes,,yes,,no,,yes,,yes,,yes,,no,,2.764,1155.451,1.045322,1400.0,1350.0,2017-08-29 03:00:00Z,0-25%,75-100%,"['Bananas', 'Beans']",,Rainfed,"['Pruning', 'Weeding', 'Intercropping']",1.0,0.0,1.0,1.0,1.0,0.0,400.0,360.0,800.0,800.0,,400.0,It's picked from your farm,Supplier,
F-1530,,Luwero,5,No,3.0,No,,No,,Yes,100% Agricultural,Lease,,No,,Yes,,Yes,,No,,,No,,Yes,,Yes,,No,No child labor employed,Yes,,Yes,,Yes,,No,No corruption observed,,,4.702855,100.0,3443.0,2000-03-05 03:00:00Z,0-25%,75-100%,"Bananas, Cassava",,Rainfed,"Composting, Pest Management",3.0,1.0,1.0,2.0,4.0,0.0,,1940.0,,4702.0,,649.0,Luwero,Local Trader,
F-1531,1.0,Luwero,More than 10,yes,2.0,no,,no,,yes,Agricultural Use,Agreement/lease,,no,,yes,,yes,,no,,,yes,,yes,,yes,,no,,yes,,yes,,yes,,no,,3.8,1080.4,4.501176,450.0,200.0,2017-12-20 03:00:00Z,0-25%,75-100%,['Bananas'],,Both(Rainfed+Irrigated),"['Weeding', 'Intercropping']",2.0,1.0,1.0,1.0,1.0,1.0,500.0,450.0,9000.0,9000.0,,500.0,It's picked from your farm,Supplier,
F-1532,,Luwero,3,No,9.0,No,,No,,No,100% Agricultural,Other,,No,,Yes,,Yes,,No,,,Yes,,Yes,,Yes,,No,No child labor employed,Yes,,Yes,,Yes,,No,No corruption observed,,,3.91862,980.0,380.0,2017-03-25 03:00:00Z,0-25%,75-100%,"Matoke, Groundnuts",,Rainfed,"Mulching, Pruning",12.0,8.0,3.0,4.0,7.0,0.0,,981.0,,2294.0,,1906.0,Luwero,Local Trader,
F-1533,1.0,Kayunga,1,yes,5.0,no,,no,,no,Agricultural Use,Customary,,no,,yes,,yes,,yes,yes,,yes,,yes,,yes,,no,,yes,,yes,,yes,,no,,2.813,1082.2,2.624982,1350.0,1300.0,1995-03-20 03:00:00Z,0-25%,75-100%,"['Bananas', 'Millet']",,Rainfed,['Intercropping'],2.0,0.0,2.0,0.0,2.0,0.0,1950.0,975.0,3900.0,3900.0,,1950.0,It's picked from your farm,Supplier,
F-1534,1.0,Luwero,1,yes,12.0,no,,no,,yes,Agricultural Use,Agreement/lease,,no,,yes,,yes,,no,,,yes,,yes,,yes,,no,,yes,,yes,,yes,,no,,11.0,1099.0,0.868611,360.0,100.0,2010-08-13 03:00:00Z,0-25%,75-100%,"['Bananas', 'Beans']",,Rainfed,"['Intercropping', 'Pruning', 'Weeding']",6.0,1.0,0.0,7.0,0.0,0.0,250.0,500.0,5000.0,5000.0,,250.0,It's picked from your farm,Supplier,
F-1535,,Nakaseke,5,No,2.0,No,,No,,Yes,100% Agricultural,Other,,No,,Yes,,Yes,,No,,,Yes,No interaction with cultural leaders,No,,Yes,,No,No child labor employed,Yes,,Yes,Lack of training on rights,Yes,Unaware of tax obligations,No,No corruption observed,,,3.223846,840.0,806.0,2019-07-12 03:00:00Z,0-25%,75-100%,"Bananas, Cassava",,Rainfed,"Composting, Pest Management",0.0,1.0,3.0,5.0,3.0,0.0,,452.0,,1245.0,,1338.0,Nakaseke,Local Trader,
F-1536,,Nakaseke,5,No,2.0,No,,No,,Yes,100% Agricultural,Other,,No,,Yes,,Yes,,No,,,Yes,No interaction with cultural leaders,No,,Yes,,No,No child labor employed,Yes,,Yes,Lack of training on rights,Yes,Unaware of tax obligations,No,No corruption observed,,,1.427283,750.0,806.0,2013-08-12 03:00:00Z,0-25%,75-100%,"Bananas, Cassava",,Rainfed,"Composting, Pest Management",0.0,1.0,3.0,5.0,3.0,0.0,,452.0,,1245.0,,1338.0,Nakaseke,Local Trader,
F-1537,,Nakaseke,5,No,2.0,No,,No,,Yes,100% Agricultural,Other,,No,,Yes,,Yes,,No,,,Yes,No interaction with cultural leaders,No,,Yes,,No,No child labor employed,Yes,,Yes,Lack of training on rights,Yes,Unaware of tax obligations,No,No corruption observed,,,3.223846,400.0,806.0,2022-09-12 03:00:00Z,0-25%,75-100%,"Bananas, Cassava",,Rainfed,"Composting, Pest Management",0.0,1.0,3.0,5.0,3.0,0.0,,452.0,,1245.0,,1338.0,Nakaseke,Local Trader,
F-1538,,Luwero,1,Yes,7.0,No,,No,,Yes,100% Agricultural,Deed of Property,,No,,Yes,Lack of resources for buffer zones,Yes,,No,,,No,No interaction with cultural leaders,Yes,,Yes,,No,No child labor employed,Yes,,Yes,,No,,No,No corruption observed,,,5.096677,480.0,787.0,1999-03-18 03:00:00Z,0-25%,75-100%,,,Rainfed,"Intercropping, Soil Testing",9.0,8.0,9.0,2.0,0.0,0.0,,1311.0,,1561.0,,1597.0,Luwero,Local Trader,
F-1539,,Nakaseke,5,Yes,5.0,No,,No,,Yes,100% Agricultural,Deed of Property,,No,,Yes,Lack of resources for buffer zones,Yes,,No,,,Yes,,Yes,,Yes,,No,No child labor employed,Yes,,Yes,,Yes,,No,No corruption observed,,,6.043466,2800.0,1637.0,1998-07-15 03:00:00Z,0-25%,75-100%,"Bananas, Cassava",,Rainfed,"Mulching, Pruning",4.0,6.0,6.0,2.0,5.0,0.0,,96.0,,840.0,,505.0,Nakaseke,Local Trader,
F-1540,1.0,Kayunga,1,yes,4.0,no,,no,,yes,Agricultural Use,Agreement/lease,,no,,yes,,yes,,no,,,yes,,yes,,yes,,no,,yes,,yes,,yes,,no,,4.1,1092.7,0.463102,550.0,500.0,2009-05-12 03:00:00Z,0-25%,75-100%,['Bananas'],,Rainfed,"['Intercropping', 'Weeding']",3.0,3.0,4.0,2.0,6.0,0.0,1500.0,1350.0,3000.0,3000.0,,1500.0,At a hulling station,Supplier,
F-1541,1.0,Luwero,1,yes,5.0,no,,no,,yes,Agricultural Use,Title,,no,,yes,,yes,,yes,yes,,yes,,yes,,yes,,no,,yes,,yes,,yes,,no,,4.881,1127.492,0.555718,970.0,920.0,2019-04-18 03:00:00Z,0-25%,75-100%,"['Bananas', 'Beans']",,Rainfed,"['Pruning', 'Weeding', 'Intercropping']",7.0,7.0,0.0,14.0,0.0,0.0,1500.0,1350.0,3000.0,3000.0,,1500.0,At a hulling station,Supplier,
F-1542,,Nakaseke,1,Yes,9.0,No,,No,,Yes,100% Agricultural,Customary,,No,,No,,Yes,Limited knowledge of waste management,No,,,Yes,No interaction with cultural leaders,Yes,,Yes,,No,No child labor employed,Yes,Irregular schedules due to seasonal work,Yes,,Yes,Unaware of tax obligations,No,No corruption observed,,,1.973787,900.0,1707.0,2009-05-11 03:00:00Z,0-25%,75-100%,"Bananas, Cassava",,Rainfed,"Composting, Pest Management",10.0,6.0,7.0,5.0,1.0,0.0,,503.0,,2007.0,,1497.0,Nakaseke,Local Trader,
F-1543,,Nakaseke,1,Yes,9.0,No,,No,,Yes,100% Agricultural,Customary,,No,,No,,Yes,Limited knowledge of waste management,No,,,Yes,No interaction with cultural leaders,Yes,,Yes,,No,No child labor employed,Yes,Irregular schedules due to seasonal work,Yes,,Yes,Unaware of tax obligations,No,No corruption observed,,,1.83948,800.0,1707.0,2010-11-11 03:00:00Z,0-25%,75-100%,"Bananas, Cassava",,Rainfed,"Composting, Pest Management",10.0,6.0,7.0,5.0,1.0,0.0,,503.0,,2007.0,,1497.0,Nakaseke,Local Trader,
F-1544,1.0,Luwero,1,yes,10.0,no,,no,,yes,Agricultural Use,Title,,no,,yes,,yes,,no,,,yes,,yes,,yes,,no,,yes,,yes,,yes,,no,,1.818,1122.869,0.781309,675.0,600.0,2007-02-10 03:00:00Z,0-25%,75-100%,['Bananas'],,Rainfed,"['Pruning', 'Weeding', 'Intercropping']",3.0,2.0,0.0,5.0,0.0,0.0,750.0,375.0,1500.0,1500.0,,750.0,somewhere else,other,
F-1545,1.0,Luwero,1,yes,3.0,no,,no,,yes,Agricultural Use,Title,,no,,yes,,yes,,no,,,yes,,yes,,yes,,no,,yes,,yes,,yes,,no,,1.24,1133.198,2.835285,700.0,500.0,2010-02-20 03:00:00Z,0-25%,75-100%,['Bananas'],,Rainfed,['Using Fertilizers'],1.0,1.0,1.0,2.0,0.0,0.0,1000.0,1000.0,2000.0,2000.0,,1000.0,somewhere else,other,
F-1546,1.0,Kayunga,1,yes,8.0,no,,no,,no,Natural forest,Customary,,no,,yes,,yes,,yes,yes,,yes,,yes,,yes,,no,,yes,,yes,,yes,,no,,2.3,1096.1,0.268443,1600.0,1400.0,2009-09-09 03:00:00Z,0-25%,75-100%,['Bananas'],,Rainfed,['Using Fertilizers'],1.0,1.0,2.0,3.0,0.0,0.0,1400.0,700.0,2800.0,2800.0,,1400.0,It's picked from your farm,Supplier,
F-1547,1.0,Kayunga,1,yes,4.0,no,,no,,yes,Agricultural Use,Agreement/lease,,no,,yes,,yes,,no,,,yes,,yes,,yes,,no,,yes,,yes,,yes,,no,,2.9,1110.0,0.288049,1250.0,1200.0,2009-05-12 03:00:00Z,0-25%,75-100%,['Bananas'],,Rainfed,"['Intercropping', 'Weeding']",3.0,3.0,2.0,4.0,6.0,0.0,1300.0,1200.0,2600.0,2600.0,,1300.0,It's picked from your farm,Supplier,
F-1548,1.0,Luwero,2,yes,6.0,no,,no,,yes,Agricultural Use,Agreement/lease,,no,,yes,,yes,,no,,,yes,,yes,,yes,,no,,yes,,yes,,yes,,no,,16.0,1079.0,1.654979,1250.0,1200.0,2010-10-13 03:00:00Z,0-25%,75-100%,['Bananas'],,Rainfed,"['Pruning', 'Weeding', 'Intercropping']",1.0,3.0,0.0,3.0,4.0,0.0,1250.0,1200.0,2700.0,2700.0,,1250.0,It's picked from your farm,Supplier,
F-1549,1.0,Kayunga,1,yes,10.0,no,,no,,no,Agricultural Use,Title,,no,,yes,,yes,,yes,yes,,yes,,yes,,yes,,no,,yes,,yes,,yes,,no,,9.9,1070.9,0.426086,950.0,900.0,2000-04-13 03:00:00Z,0-25%,75-100%,"['Bananas', 'Beans']",,Rainfed,"['Pruning', 'Weeding', 'Intercropping']",1.0,2.0,1.0,0.0,1.0,0.0,1350.0,1200.0,2700.0,2700.0,,1350.0,It's picked from your farm,Supplier,
F-1550,1.0,Luwero,2,yes,20.0,no,,no,,yes,Agricultural Use,Title,,no,,yes,,yes,,yes,yes,,yes,,yes,,yes,,no,,yes,,yes,,yes,,no,,9.0,1130.0,0.66132,423.0,100.0,2010-07-25 03:00:00Z,0-25%,75-100%,['Bananas'],,Rainfed,"['Pruning', 'Weeding', 'Using Fertilizers']",5.0,5.0,0.0,10.0,0.0,0.0,9000.0,9000.0,9000.0,9000.0,,5000.0,It's picked from your farm,Supplier,
F-1551,,Nakaseke,3,No,9.0,No,KAPEEKA COFFEE FARMERS CORPORATIVE SOCIETY LTD,No,,Yes,100% Agricultural,Deed of Property,,No,,No,,Yes,,No,,,No,No interaction with cultural leaders,Yes,,Yes,,No,No child labor employed,Yes,,Yes,,No,,No,No corruption observed,,,7.758918,3000.0,3478.0,1990-03-31 03:00:00Z,0-25%,75-100%,"Maize, Beans",,Rainfed,"Mulching, Pruning",0.0,1.0,7.0,4.0,0.0,0.0,,579.0,,2033.0,,762.0,Nakaseke,Local Trader,
F-1552,1.0,Luwero,3,yes,7.0,no,,no,,yes,Agricultural Use,Title,,no,,yes,,yes,,no,,,yes,,yes,,yes,,no,,yes,,yes,,yes,,no,,2.271,1158.5,1.971712,1250.0,1200.0,2021-04-03 03:00:00Z,0-25%,75-100%,['Bananas'],,Irrigated,"['Using Fertilizers', 'Weeding']",2.0,3.0,5.0,5.0,5.0,0.0,1700.0,1340.0,1500.0,1500.0,,1700.0,It's picked from your farm,Supplier,
F-1553,,Luwero,,,,no,,no,,,Agricultural Use,Title,,no,,yes,,yes,,no,,,yes,,,,Yes,,no,,yes,,yes,,yes,,no,,12.4,1169.6,1.971712,1250.0,1200.0,2020-04-21 03:00:00Z,0-25%,75-100%,['Bananas'],,Irrigated,"['Using Fertilizer', 'Pruning']",1.0,4.0,5.0,5.0,5.0,0.0,1500.0,1345.0,2500.0,2500.0,,1500.0,It's picked from your farm,Supplier,
F-1554,1.0,Luwero,1,yes,7.0,no,,no,,yes,Agricultural Use,Agreement/lease,,no,,yes,,yes,,yes,yes,,yes,,yes,,yes,,no,,yes,,yes,,yes,,no,,1.45,1090.6,1.110296,1050.0,1000.0,1995-06-30 03:00:00Z,0-25%,75-100%,['Bananas'],,Rainfed,['Using Fertilizers'],4.0,3.0,2.0,5.0,5.0,2.0,200.0,250.0,200.0,200.0,,200.0,It's picked from your farm,Supplier,
F-1555,,Nakaseke,4,Yes,9.0,No,,No,,Yes,100% Agricultural,Deed of Property,,No,,Yes,,No,,No,,,No,,Yes,,Yes,,No,No child labor employed,No,,Yes,,Yes,,No,No corruption observed,,,8.413559,3300.0,313.0,2009-09-12 03:00:00Z,0-25%,75-100%,"Bananas, Cassava",,Rainfed,"Composting, Pest Management",6.0,10.0,7.0,1.0,4.0,0.0,,1557.0,,108.0,,1625.0,Nakaseke,Local Trader,
F-1556,,Luwero,5,Yes,10.0,No,,No,,No,100% Agricultural,Other,,No,,Yes,,Yes,,No,,,Yes,,Yes,,Yes,,No,No child labor employed,Yes,,Yes,,Yes,,No,No corruption observed,,,6.50421,450.0,2226.0,1999-03-07 03:00:00Z,0-25%,75-100%,"Bananas, Cassava",,Rainfed,"Mulching, Pruning",5.0,3.0,1.0,5.0,5.0,0.0,,1820.0,,2319.0,,85.0,Luwero,Local Trader,
F-1557,1.0,Kayunga,1,yes,10.0,no,,no,,yes,Agricultural Use,Agreement/lease,,no,,yes,,yes,,yes,yes,,yes,,yes,,yes,,no,,yes,,yes,,yes,,no,,9.3,1027.6,1.569789,1000.0,1000.0,2004-02-09 03:00:00Z,0-25%,75-100%,['Bananas'],,Rainfed,"['Using Fertilizers', 'Pruning', 'Weeding']",3.0,1.0,3.0,1.0,4.0,0.0,1000.0,800.0,2000.0,2000.0,,1000.0,It's picked from your farm,Supplier,
F-1558,1.0,Kayunga,1,yes,5.0,no,,no,,yes,Agricultural Use,Agreement/lease,,no,,yes,,yes,,no,,,yes,,yes,,yes,,no,,yes,,yes,,yes,,no,,17.253,1093.1,0.360209,1250.0,1200.0,2013-09-03 03:00:00Z,0-25%,75-100%,"['Bananas', 'Beans']",,Rainfed,['Weeding'],7.0,3.0,5.0,5.0,10.0,0.0,1000.0,900.0,2000.0,2000.0,,1000.0,At a hulling station,Supplier,
F-1559,1.0,Luwero,1,yes,1.0,no,,no,,yes,Agricultural Use,Agreement/lease,,no,,yes,,yes,,no,,,yes,,yes,,yes,,no,,yes,,yes,,yes,,no,,0.594,1092.903,1.568481,1730.0,1680.0,2005-05-07 03:00:00Z,0-25%,75-100%,['Bananas'],,Rainfed,['Weeding'],2.0,1.0,2.0,1.0,3.0,0.0,1800.0,1680.0,3600.0,3600.0,,1800.0,It's picked from your farm,Supplier,
F-1560,1.0,Luwero,1,yes,4.0,no,,no,,yes,Agricultural Use,Agreement/lease,,no,,yes,,yes,,no,,,yes,,yes,,yes,,no,,yes,,yes,,yes,,no,,7.5,1104.0,0.358913,1250.0,1200.0,2001-09-21 03:00:00Z,0-25%,75-100%,['Bananas'],,Rainfed,"['Using Fertilizers', 'Pruning', 'Weeding', 'Intercropping']",3.0,0.0,3.0,0.0,6.0,0.0,1370.0,1200.0,2700.0,2700.0,,1370.0,It's picked from your farm,Supplier,
F-1561,1.0,Luwero,2,yes,5.0,no,,no,,yes,Agricultural Use,Agreement/lease,,no,,yes,,yes,,yes,yes,,yes,,yes,,yes,,no,,yes,,yes,,yes,,no,,10.5,1132.0,2.824706,360.0,100.0,2010-07-23 03:00:00Z,0-25%,75-100%,['Bananas'],,Rainfed,"['Pruning', 'Weeding', 'Using Fertilizers']",0.0,3.0,3.0,5.0,0.0,0.0,500.0,1000.0,1000.0,1000.0,,500.0,It's picked from your farm,Supplier,
F-1562,1.0,Kayunga,1,yes,7.0,no,,no,,yes,Agricultural Use,Customary,,no,,yes,,yes,,no,,,yes,,yes,,yes,,no,,yes,,yes,,yes,,no,,0.8344794,1070.773,1.09731,1300.0,1000.0,1970-06-08 03:00:00Z,0-25%,75-100%,"['Bananas', 'Tobacco']",,Rainfed,"['Pruning', 'Weeding', 'Intercropping']",8.0,2.0,8.0,2.0,10.0,0.0,1000.0,900.0,2000.0,2000.0,,1000.0,At a hulling station,Supplier,
F-1563,1.0,Luwero,1,yes,4.0,no,,no,,no,Agricultural Use,Agreement/lease,,no,,yes,,yes,,yes,yes,,yes,,yes,,yes,,no,,yes,,yes,,yes,,no,,0.824,1084.979,2.96003,400.0,110.0,2000-02-19 03:00:00Z,0-25%,75-100%,['Bananas'],,Rainfed,"['Weeding', 'Pruning']",2.0,1.0,3.0,0.0,0.0,0.0,440.0,140.0,220.0,220.0,,440.0,It's picked from your farm,Supplier,
F-1564,1.0,Luwero,1,yes,3.0,no,,no,,no,Agricultural Use,Agreement/lease,,no,,yes,,yes,,yes,yes,,yes,,yes,,yes,,no,,yes,,yes,,yes,,no,,0.935,1116.318,0.50876,450.0,400.0,2019-06-18 03:00:00Z,0-25%,75-100%,['Bananas'],,Rainfed,"['Pruning', 'Weeding', 'Intercropping']",1.0,1.0,0.0,2.0,2.0,0.0,3.0,400.0,300.0,300.0,,3.0,It's picked from your farm,Supplier,
F-1565,,Luwero,1,Yes,5.0,No,,No,,Yes,100% Agricultural,Other,,No,,No,,Yes,,No,,,Yes,,Yes,,Yes,,No,No child labor employed,Yes,,Yes,,Yes,Unaware of tax obligations,No,No corruption observed,,,0.6454,250.0,582.0,1992-11-13 03:00:00Z,0-25%,75-100%,"Maize, Beans",,Irrigated,"Mulching, Pruning",4.0,7.0,9.0,0.0,1.0,0.0,,1512.0,,299.0,,2292.0,Luwero,Local Trader,
F-1566,,Luwero,1,Yes,5.0,No,,No,,Yes,100% Agricultural,Other,,No,,No,,Yes,,No,,,Yes,,Yes,,Yes,,No,No child labor employed,Yes,,Yes,,Yes,Unaware of tax obligations,No,No corruption observed,,,3.220802,700.0,582.0,1971-12-02 03:00:00Z,0-25%,75-100%,"Maize, Beans",,Irrigated,"Mulching, Pruning",4.0,7.0,9.0,0.0,1.0,0.0,,1512.0,,299.0,,2292.0,Luwero,Local Trader,
F-1567,1.0,Luwero,1,yes,2.0,no,,no,,yes,Agricultural Use,Agreement/lease,,no,,yes,,yes,,no,,,yes,,yes,,yes,,no,,yes,,yes,,yes,,no,,2.375,1078.4,0.72957,1050.0,1000.0,2000-08-08 03:00:00Z,0-25%,75-100%,['Bananas'],,Rainfed,['Using Fertilizers'],1.0,1.0,0.0,2.0,2.0,0.0,250.0,250.0,200.0,200.0,,250.0,It's picked from your farm,Supplier,
F-1568,1.0,Kayunga,1,yes,5.0,no,,no,,yes,Agricultural Use,Agreement/lease,,no,,yes,,yes,,yes,yes,,yes,,yes,,yes,,no,,yes,,yes,,yes,,no,,3.0,1078.1,0.540884,1000.0,1000.0,2003-08-09 03:00:00Z,0-25%,75-100%,['Bananas'],,Rainfed,"['Using Fertilizers', 'Pruning', 'Weeding']",4.0,2.0,5.0,1.0,7.0,0.0,1000.0,800.0,2000.0,2000.0,,1000.0,It's picked from your farm,Supplier,
F-1569,,Nakaseke,5,Yes,4.0,No,,No,,Yes,100% Agricultural,Deed of Property,,No,,Yes,,Yes,,No,,,Yes,,Yes,,Yes,,No,No child labor employed,Yes,,Yes,,Yes,,No,No corruption observed,,,3.416359,1640.0,424.0,1995-06-08 03:00:00Z,0-25%,75-100%,,,Rainfed,"Mulching, Pruning",9.0,7.0,8.0,4.0,4.0,0.0,,1291.0,,2694.0,,2078.0,Nakaseke,Local Trader,
F-1570,,Nakaseke,4,No,6.0,No,,No,,Yes,100% Agricultural,Other,,No,,Yes,,Yes,,No,,,Yes,,Yes,,Yes,,No,No child labor employed,Yes,,Yes,,No,Unaware of tax obligations,No,No corruption observed,,,6.703414,800.0,1004.0,1996-06-12 03:00:00Z,0-25%,75-100%,"Maize, Beans",,Rainfed,"Intercropping, Soil Testing",7.0,4.0,1.0,0.0,6.0,0.0,,52.0,,3620.0,,2260.0,Nakaseke,Local Trader,
F-1571,,Nakaseke,4,No,6.0,No,,No,,Yes,100% Agricultural,Other,,No,,Yes,,Yes,,No,,,Yes,,Yes,,Yes,,No,No child labor employed,Yes,,Yes,,No,Unaware of tax obligations,No,No corruption observed,,,6.703414,400.0,1004.0,1999-09-13 03:00:00Z,0-25%,75-100%,"Maize, Beans",,Rainfed,"Intercropping, Soil Testing",7.0,4.0,1.0,0.0,6.0,0.0,,52.0,,3620.0,,2260.0,Nakaseke,Local Trader,
F-1572,,Nakaseke,4,No,6.0,No,,No,,Yes,100% Agricultural,Other,,No,,Yes,,Yes,,No,,,Yes,,Yes,,Yes,,No,No child labor employed,Yes,,Yes,,No,Unaware of tax obligations,No,No corruption observed,,,2.040168,800.0,1004.0,2000-09-12 03:00:00Z,0-25%,75-100%,"Maize, Beans",,Rainfed,"Intercropping, Soil Testing",7.0,4.0,1.0,0.0,6.0,0.0,,52.0,,3620.0,,2260.0,Nakaseke,Local Trader,
F-1573,,Nakaseke,4,No,6.0,No,,No,,Yes,100% Agricultural,Other,,No,,Yes,,Yes,,No,,,Yes,,Yes,,Yes,,No,No child labor employed,Yes,,Yes,,No,Unaware of tax obligations,No,No corruption observed,,,6.703414,400.0,1004.0,1999-09-13 03:00:00Z,0-25%,75-100%,"Maize, Beans",,Rainfed,"Intercropping, Soil Testing",7.0,4.0,1.0,0.0,6.0,0.0,,52.0,,3620.0,,2260.0,Nakaseke,Local Trader,
F-1574,,Luwero,2,Yes,3.0,Yes,NCA,No,,Yes,100% Agricultural,Deed of Property,,No,,Yes,,Yes,,No,,,Yes,No interaction with cultural leaders,Yes,,Yes,,No,No child labor employed,Yes,,Yes,,Yes,,No,No corruption observed,,,3.600001,1200.0,2827.0,2006-03-12 03:00:00Z,0-25%,75-100%,"Bananas, Cassava",,Irrigated,"Composting, Pest Management",4.0,5.0,1.0,2.0,2.0,0.0,,1581.0,,2935.0,,1066.0,Luwero,Local Trader,
F-1575,1.0,Kayunga,1,yes,8.0,no,,no,,yes,Agricultural Use,Agreement/lease,,no,,yes,,yes,,no,,,yes,,yes,,yes,,no,,yes,,yes,,yes,,no,,0.7999222,1106.095,0.39349,1700.0,1500.0,2000-06-08 03:00:00Z,0-25%,75-100%,['Bananas'],,Rainfed,"['Using Fertilizers', 'Pruning', 'Weeding', 'Intercropping']",10.0,5.0,7.0,8.0,15.0,0.0,1500.0,1350.0,3000.0,3000.0,,1500.0,It's picked from your farm,Supplier,
F-1576,,Nakaseke,2,Yes,7.0,No,,No,,Yes,100% Agricultural,Other,,No,,Yes,,Yes,,No,,,No,No interaction with cultural leaders,Yes,,Yes,,No,No child labor employed,No,,Yes,,Yes,,No,No corruption observed,,,3.255969,82.0,3317.0,2017-03-05 03:00:00Z,0-25%,75-100%,,,Rainfed,"Mulching, Pruning",10.0,1.0,3.0,1.0,5.0,0.0,,229.0,,1471.0,,520.0,Nakaseke,Local Trader,
F-1577,1.0,Luwero,1,yes,2.0,no,,no,,no,Agricultural Use,Customary,,no,,yes,,yes,,no,,,yes,,yes,,yes,,no,,yes,,yes,,yes,,no,,5.685634,1091.183,0.907139,1200.0,800.0,1999-03-10 03:00:00Z,0-25%,75-100%,['Bananas'],,Rainfed,['Using Fertilizers'],2.0,0.0,1.0,1.0,2.0,0.0,425.0,510.0,1000.0,1200.0,500.0,600.0,It's picked from your farm,Supplier,
F-1578,1.0,Nakaseke,2,No,8.0,No,,No,,No,100% Agricultural,Other,,No,,Yes,Lack of resources for buffer zones,Yes,,No,,,Yes,No interaction with cultural leaders,Yes,,Yes,,No,No child labor employed,Yes,,Yes,,Yes,Unaware of tax obligations,No,No corruption observed,,,3.625977,380.0,1060.0,2000-08-13 03:00:00Z,0-25%,75-100%,"Bananas, Cassava",,Rainfed,"Mulching, Pruning",3.0,0.0,8.0,5.0,2.0,0.0,,688.0,,3216.0,,1948.0,Nakaseke,Local Trader,
F-1579,1.0,Nakaseke,2,No,8.0,No,,No,,No,100% Agricultural,Other,,No,,Yes,Lack of resources for buffer zones,Yes,,No,,,Yes,No interaction with cultural leaders,Yes,,Yes,,No,No child labor employed,Yes,,Yes,,Yes,Unaware of tax obligations,No,No corruption observed,,,3.625977,250.0,1060.0,1999-10-12 03:00:00Z,0-25%,75-100%,"Bananas, Cassava",,Rainfed,"Mulching, Pruning",3.0,0.0,8.0,5.0,2.0,0.0,,688.0,,3216.0,,1948.0,Nakaseke,Local Trader,
F-1580,1.0,Nakaseke,2,No,8.0,No,,No,,No,100% Agricultural,Other,,No,,Yes,Lack of resources for buffer zones,Yes,,No,,,Yes,No interaction with cultural leaders,Yes,,Yes,,No,No child labor employed,Yes,,Yes,,Yes,Unaware of tax obligations,No,No corruption observed,,,2.080405,500.0,1060.0,1997-06-13 03:00:00Z,0-25%,75-100%,"Bananas, Cassava",,Rainfed,"Mulching, Pruning",3.0,0.0,8.0,5.0,2.0,0.0,,688.0,,3216.0,,1948.0,Nakaseke,Local Trader,
F-1581,1.0,Luwero,1,yes,4.0,no,,no,,yes,Agricultural Use,Agreement/lease,,no,,yes,,yes,,no,,,yes,,yes,,yes,,no,,yes,,yes,,yes,,no,,5.202,1089.465,0.440887,650.0,600.0,2000-08-12 03:00:00Z,0-25%,75-100%,['Bananas'],,Rainfed,['Intercropping'],1.0,1.0,1.0,1.0,0.0,0.0,400.0,250.0,700.0,700.0,,400.0,It's picked from your farm,Supplier,
F-1582,1.0,Luwero,4,yes,7.0,no,,no,,yes,Agricultural Use,Title,,no,,yes,,yes,,no,,,yes,,yes,,yes,,no,,yes,,yes,,yes,,no,,10.416,1148.4,1.484347,1650.0,1600.0,2019-09-04 03:00:00Z,0-25%,75-100%,['Beans'],,Rainfed,"['Weeding', 'Intercropping']",2.0,4.0,3.0,6.0,1.0,6.0,1800.0,1450.0,2800.0,2800.0,,1800.0,It's picked from your farm,Supplier,
F-1583,,Nakaseke,1,No,3.0,No,,No,,Yes,100% Agricultural,Deed of Property,,No,,Yes,,No,,No,,,Yes,,Yes,,Yes,,No,No child labor employed,Yes,,No,Lack of training on rights,Yes,,No,No corruption observed,,,3.566734,1650.0,461.0,1995-08-12 03:00:00Z,0-25%,75-100%,"Maize, Beans",,Rainfed,"Intercropping, Soil Testing",6.0,2.0,1.0,4.0,4.0,0.0,,265.0,,535.0,,2385.0,Nakaseke,Local Trader,
F-1584,,Nakaseke,3,Yes,5.0,no,,No,,Yes,100% Agricultural,Lease,,No,,Yes,,Yes,,No,,,No,,Yes,,Yes,,No,No child labor employed,Yes,,Yes,,Yes,Unaware of tax obligations,No,No corruption observed,,,3.467619,1600.0,1691.0,,0-25%,75-100%,"Maize, Beans",,Rainfed,"Intercropping, Soil Testing",3.0,3.0,1.0,3.0,1.0,0.0,,591.0,,1347.0,,838.0,Nakaseke,Local Trader,
F-1585,,Luwero,2,Yes,8.0,No,,No,,Yes,100% Agricultural,Lease,,No,,Yes,,Yes,,No,,,No,,Yes,,Yes,,No,No child labor employed,Yes,,Yes,Lack of training on rights,Yes,,No,No corruption observed,,,3.01986,700.0,2474.0,2011-03-12 03:00:00Z,0-25%,75-100%,"Matoke, Groundnuts",,Irrigated,"Mulching, Pruning",0.0,5.0,2.0,0.0,1.0,0.0,,737.0,,608.0,,497.0,Luwero,Local Trader,
F-1586,0.0,Luwero,5,Yes,6.0,No,,No,,Yes,100% Agricultural,Lease,,No,,Yes,,Yes,,No,,,No,,Yes,,Yes,,No,No child labor employed,Yes,,Yes,,No,,No,No corruption observed,,,4.388255,200.0,1139.0,2008-03-12 03:00:00Z,0-25%,75-100%,"Maize, Beans",,Rainfed,"Composting, Pest Management",5.0,0.0,9.0,0.0,4.0,0.0,,395.0,,2734.0,,2323.0,Luwero,Local Trader,
F-1587,1.0,Kayunga,1,yes,4.0,no,,no,,yes,Agricultural Use,Customary,,no,,yes,,yes,,no,,,yes,,yes,,yes,,no,,yes,,yes,,yes,,no,,5.5,1036.1,1.559404,950.0,900.0,2015-02-12 03:00:00Z,0-25%,75-100%,['Bananas'],,Rainfed,"['Weeding', 'Intercropping']",3.0,2.0,2.0,3.0,5.0,5.0,1000.0,850.0,2000.0,2000.0,,1000.0,It's picked from your farm,Supplier,
F-1588,1.0,Kayunga,1,yes,8.0,no,,no,,yes,Agricultural Use,Agreement/lease,,no,,yes,,yes,,no,,,yes,,yes,,Yes,,no,,yes,,yes,,yes,,no,,0.8309732,1106.577,0.346736,1000.0,900.0,2008-04-12 03:00:00Z,0-25%,75-100%,['Bananas'],,Rainfed,['Using Fertilizers'],4.0,3.0,3.0,2.0,0.0,0.0,4000.0,4000.0,7000.0,7000.0,,4000.0,It's picked from your farm,Cooperative representative,
F-1589,,Nakaseke,4,Yes,4.0,No,,No,,Yes,100% Agricultural,Deed of Property,,No,,Yes,,Yes,,No,,,No,,No,,Yes,,No,No child labor employed,No,,No,,Yes,,No,No corruption observed,,,3.096473,1134.0,2437.0,2015-08-16 03:00:00Z,0-25%,75-100%,"Matoke, Groundnuts",,Rainfed,"Composting, Pest Management",5.0,8.0,9.0,0.0,6.0,0.0,,1436.0,,4596.0,,2410.0,Nakaseke,Local Trader,
F-1590,,Luwero,1,No,2.0,No,,No,,Yes,100% Agricultural,Deed of Property,,No,,Yes,Lack of resources for buffer zones,Yes,,No,,,Yes,No interaction with cultural leaders,Yes,,Yes,,No,No child labor employed,Yes,,Yes,,No,Unaware of tax obligations,No,No corruption observed,,,10.85381,2419.0,1005.0,2017-04-06 03:00:00Z,0-25%,75-100%,"Maize, Beans",,Rainfed,"Intercropping, Soil Testing",11.0,0.0,3.0,0.0,9.0,0.0,,582.0,,1744.0,,699.0,Luwero,Local Trader,
F-1591,,Nakaseke,2,Yes,5.0,No,,No,,No,100% Agricultural,Lease,,No,,Yes,,Yes,,No,,,No,,Yes,,Yes,,No,No child labor employed,Yes,,Yes,,Yes,,No,No corruption observed,,,6.069673,1368.0,2492.0,2019-08-10 03:00:00Z,0-25%,75-100%,,,Rainfed,"Intercropping, Soil Testing",1.0,0.0,10.0,2.0,4.0,0.0,,600.0,,2355.0,,1263.0,Nakaseke,Local Trader,
F-1592,,Nakaseke,2,Yes,5.0,No,,No,,No,100% Agricultural,Lease,,No,,Yes,,Yes,,No,,,No,,Yes,,Yes,,No,No child labor employed,Yes,,Yes,,Yes,,No,No corruption observed,,,6.069673,958.0,2492.0,1998-02-19 03:00:00Z,0-25%,75-100%,,,Rainfed,"Intercropping, Soil Testing",1.0,0.0,10.0,2.0,4.0,0.0,,600.0,,2355.0,,1263.0,Nakaseke,Local Trader,
F-1593,,Nakaseke,2,Yes,5.0,No,,No,,No,100% Agricultural,Lease,,No,,Yes,,Yes,,No,,,No,,Yes,,Yes,,No,No child labor employed,Yes,,Yes,,Yes,,No,No corruption observed,,,0.316294,240.0,2492.0,2017-03-01 03:00:00Z,0-25%,75-100%,,,Rainfed,"Intercropping, Soil Testing",1.0,0.0,10.0,2.0,4.0,0.0,,600.0,,2355.0,,1263.0,Nakaseke,Local Trader,
F-1594,1.0,Luwero,4,yes,12.0,no,,no,,yes,Agricultural Use,Title,,no,,yes,,yes,,no,,,yes,,yes,,yes,,no,,yes,,yes,,yes,,no,,5.1,1158.2,3.90775,1400.0,1350.0,2019-04-02 03:00:00Z,0-25%,75-100%,"['Beans', 'Bananas']",,Rainfed,"['Using Fertilizers', 'Pruning', 'Weeding']",4.0,3.0,0.0,7.0,7.0,0.0,1500.0,1350.0,2500.0,2500.0,,1500.0,It's picked from your farm,Supplier,
F-1595,,Nakaseke,1,Yes,10.0,No,KAPEEKA COFFEE FARMERS CORPORATIVE SOCIETY LTD,No,,No,100% Agricultural,Deed of Property,,No,,Yes,,Yes,,No,,,Yes,No interaction with cultural leaders,Yes,,Yes,,No,No child labor employed,Yes,,No,,Yes,,No,No corruption observed,,,5.238211,2500.0,803.0,1950-04-25 03:00:00Z,0-25%,75-100%,,,Rainfed,"Intercropping, Soil Testing",4.0,5.0,4.0,3.0,8.0,0.0,,1975.0,,4266.0,,64.0,Nakaseke,Local Trader,
F-1596,1.0,Nakaseke,2,No,7.0,No,,No,,Yes,100% Agricultural,Other,,No,,Yes,,Yes,,No,,,No,No interaction with cultural leaders,Yes,,Yes,,No,No child labor employed,Yes,,Yes,,No,,No,No corruption observed,,,1.571113,450.0,280.0,2005-02-01 03:00:00Z,0-25%,75-100%,"Maize, Beans",,Rainfed,"Mulching, Pruning",7.0,5.0,8.0,3.0,3.0,0.0,,1961.0,,1283.0,,2331.0,Nakaseke,Local Trader,
F-1597,1.0,Nakaseke,2,No,7.0,No,,No,,Yes,100% Agricultural,Other,,No,,Yes,,Yes,,No,,,No,No interaction with cultural leaders,Yes,,Yes,,No,No child labor employed,Yes,,Yes,,No,,No,No corruption observed,,,4.90458,2000.0,280.0,2000-05-08 03:00:00Z,0-25%,75-100%,"Maize, Beans",,Rainfed,"Mulching, Pruning",7.0,5.0,8.0,3.0,3.0,0.0,,1961.0,,1283.0,,2331.0,Nakaseke,Local Trader,
F-1598,1.0,Kayunga,1,yes,5.0,no,,no,,yes,Agricultural Use,Agreement/lease,,no,,yes,,yes,,no,,,yes,,yes,,Yes,,no,,yes,,yes,,yes,,no,,3.6,1051.8,1.169944,750.0,700.0,2013-03-12 03:00:00Z,0-25%,75-100%,['Bananas'],,Rainfed,['Using Fertilizers'],1.0,0.0,0.0,1.0,0.0,0.0,500.0,350.0,700.0,700.0,,500.0,It's picked from your farm,Cooperative representative,
F-1599,1.0,Kayunga,1,yes,5.0,no,,no,,yes,Natural forest,Customary,,no,,yes,,yes,,yes,yes,,yes,,yes,,yes,,no,,yes,,yes,,yes,,no,,9.97,1095.0,0.9154,900.0,800.0,2011-08-08 03:00:00Z,0-25%,75-100%,['Bananas'],,Rainfed,['Using Fertilizers'],1.0,1.0,1.0,1.0,1.0,0.0,800.0,400.0,1600.0,1600.0,,800.0,It's picked from your farm,Supplier,
F-1600,1.0,Kayunga,1,yes,4.0,no,,no,,yes,Agricultural Use,Agreement/lease,,no,,yes,,yes,,no,,,yes,,yes,,yes,,no,,yes,,yes,,yes,,no,,9.9,1099.5,0.437042,450.0,300.0,2007-02-12 03:00:00Z,0-25%,75-100%,['Bananas'],,Rainfed,"['Intercropping', 'Weeding']",2.0,2.0,3.0,1.0,4.0,0.0,350.0,300.0,700.0,700.0,,350.0,It's picked from your farm,Supplier,
F-1601,,Nakaseke,4,No,7.0,No,,No,,Yes,100% Agricultural,Lease,,No,,Yes,,Yes,,No,,,Yes,,Yes,,Yes,,No,No child labor employed,Yes,,No,,Yes,Unaware of tax obligations,No,No corruption observed,,,3.026637,109.0,2322.0,2013-04-21 03:00:00Z,0-25%,75-100%,"Matoke, Groundnuts",,Rainfed,"Composting, Pest Management",2.0,9.0,7.0,5.0,4.0,0.0,,357.0,,3487.0,,1078.0,Nakaseke,Local Trader,
F-1602,1.0,Kayunga,1,yes,6.0,no,,no,,yes,Agricultural Use,Agreement/lease,,no,,yes,,yes,,yes,yes,,yes,,yes,,yes,,no,,yes,,yes,,yes,,no,,13.4,1054.6,0.820229,1000.0,1000.0,2009-08-09 03:00:00Z,0-25%,75-100%,['Bananas'],,Rainfed,"['Using Fertilizers', 'Pruning', 'Weeding']",2.0,1.0,2.0,1.0,3.0,0.0,1000.0,800.0,2000.0,2000.0,,1000.0,It's picked from your farm,Supplier,
F-1603,1.0,Kayunga,1,yes,8.0,no,,no,,yes,Agricultural Use,Customary,,no,,yes,,yes,,no,,,yes,,yes,,yes,,no,,yes,,yes,,yes,,no,,0.966403,1019.325,0.315071,1700.0,1500.0,2008-07-08 03:00:00Z,0-25%,75-100%,['Bananas'],,Rainfed,"['Using Fertilizers', 'Pruning', 'Weeding', 'Intercropping']",6.0,4.0,4.0,6.0,10.0,0.0,1500.0,1350.0,3000.0,3000.0,,1500.0,It's picked from your farm,Cooperative representative,
F-1604,1.0,Kayunga,1,yes,1.0,no,,no,,yes,Agricultural Use,Customary,,no,,yes,,yes,,yes,yes,,yes,,yes,,yes,,no,,yes,,yes,,yes,,no,,2.5,1075.5,0.553234,1350.0,1300.0,1986-02-13 03:00:00Z,0-25%,75-100%,['Bananas'],,Rainfed,['Intercropping'],3.0,0.0,3.0,0.0,3.0,0.0,1950.0,975.0,3900.0,3900.0,,1950.0,It's picked from your farm,Supplier,
F-1605,1.0,Kayunga,1,yes,5.0,no,,no,,yes,Agricultural Use,Agreement/lease,,no,,yes,,yes,,no,,,yes,,yes,,yes,,no,,yes,,yes,,yes,,no,,2.3,1053.5,0.626128,1600.0,1200.0,2000-03-09 03:00:00Z,0-25%,75-100%,['Bananas'],,Rainfed,"['Weeding', 'Using Fertilizers', 'Pruning']",3.0,1.0,3.0,1.0,4.0,0.0,910.0,920.0,2250.0,2300.0,1900.0,1500.0,It's picked from your farm,Supplier,
F-1606,1.0,Kayunga,1,yes,5.0,no,,no,,yes,Agricultural Use,Customary,,no,,yes,,yes,,no,,,yes,,yes,,yes,,no,,yes,,yes,,yes,,no,,4.3,1034.0,1.669902,1050.0,1000.0,2015-08-13 03:00:00Z,0-25%,75-100%,['Bananas'],,Rainfed,"['Weeding', 'Intercropping']",3.0,3.0,6.0,2.0,6.0,0.0,1000.0,850.0,2000.0,2000.0,,1000.0,It's picked from your farm,Supplier,
F-1607,1.0,Kayunga,1,yes,6.0,no,,no,,yes,Agricultural Use,Agreement/lease,,no,,yes,,yes,,no,,,yes,,yes,,yes,,no,,yes,,yes,,yes,,no,,3.5,861.1,0.990826,1050.0,1000.0,1998-08-12 03:00:00Z,0-25%,75-100%,['Bananas'],,Rainfed,"['Intercropping', 'Weeding']",3.0,3.0,2.0,4.0,6.0,0.0,1100.0,1000.0,2200.0,2200.0,,1100.0,At a hulling station,Supplier,
F-1608,1.0,Kayunga,1,yes,4.0,no,,no,,yes,Agricultural Use,Title,,no,,yes,,yes,,yes,yes,,yes,,yes,,yes,,no,,yes,,yes,,yes,,no,,2.554,1091.8,2.053457,1300.0,1250.0,1990-12-08 03:00:00Z,0-25%,75-100%,['Bananas'],,Rainfed,['Intercropping'],2.0,1.0,3.0,0.0,3.0,0.0,1875.0,938.0,3750.0,3750.0,,1875.0,It's picked from your farm,Supplier,
F-1609,1.0,Luwero,3,yes,6.0,no,,no,,yes,Agricultural Use,Title,,no,,yes,,yes,,no,,,yes,,yes,,yes,,no,,yes,,yes,,yes,,no,,2.1,1139.3,1.114041,1250.0,1200.0,2020-04-21 03:00:00Z,0-25%,75-100%,['Beans'],,Rainfed,"['Pruning', 'Using Fertilizers', 'Weeding']",2.0,2.0,0.0,4.0,4.0,0.0,1500.0,1350.0,2500.0,2500.0,,1500.0,It's picked from your farm,Supplier,
F-1610,,Nakaseke,3,Yes,8.0,No,,No,,Yes,100% Agricultural,Lease,,No,,No,,Yes,,No,,,Yes,,Yes,,Yes,,No,No child labor employed,Yes,,Yes,,Yes,,No,No corruption observed,,,5.403235,200.0,634.0,2004-05-26 03:00:00Z,0-25%,75-100%,"Matoke, Groundnuts",,Rainfed,"Composting, Pest Management",5.0,0.0,3.0,4.0,2.0,0.0,,416.0,,1444.0,,1200.0,Nakaseke,Local Trader,
F-1611,1.0,Luwero,1,yes,5.0,no,,no,,yes,Agricultural Use,Agreement/lease,,no,,yes,,yes,,no,,,yes,,yes,,yes,,no,,yes,,yes,,yes,,no,,0.67,1101.632,1.685952,2300.0,2250.0,2005-11-10 03:00:00Z,0-25%,75-100%,['Bananas'],,Rainfed,['Weeding'],2.0,2.0,3.0,1.0,4.0,0.0,2250.0,2100.0,4500.0,4500.0,,2250.0,It's picked from your farm,Supplier,
F-1612,1.0,Luwero,1,yes,4.0,no,,no,,yes,Agricultural Use,Agreement/lease,,no,,yes,,yes,,yes,yes,,yes,,yes,,yes,,no,,yes,,yes,,yes,,no,,0.01,0.0,0.717017,950.0,900.0,2005-09-09 03:00:00Z,0-25%,75-100%,['Bananas'],,Rainfed,['Using Fertilizers'],3.0,1.0,2.0,2.0,4.0,0.0,100.0,250.0,200.0,200.0,,100.0,It's picked from your farm,Supplier,
F-1613,1.0,Luwero,1,no,9.0,no,,no,,yes,Agricultural Use,Customary,,no,,yes,,yes,,yes,yes,,yes,,yes,,yes,,no,,yes,,yes,,yes,,no,,8.8,1110.9,0.469264,1350.0,1350.0,2009-04-06 03:00:00Z,0-25%,75-100%,"['Bananas', 'Beans']",,Rainfed,"['Using Fertilizers', 'Pruning', 'Weeding', 'Intercropping']",2.0,0.0,0.0,3.0,1.0,0.0,500.0,450.0,1000.0,1000.0,,500.0,It's picked from your farm,Supplier,
F-1614,1.0,Kayunga,2,yes,2.0,no,,no,,no,Natural forest,Title,,no,,yes,,yes,,no,,,yes,,yes,,yes,,no,,yes,,yes,,yes,,no,,5.36,1113.09020996093,1.011538,450.0,100.0,2000-12-12 03:00:00Z,0-25%,75-100%,['Bananas'],,Rainfed,['Using Fertilizers'],0.0,0.0,0.0,0.0,0.0,0.0,50.0,45.0,100.0,100.0,,50.0,It's picked from your farm,Supplier,
F-1615,,Luwero,2,No,9.0,No,,No,,Yes,100% Agricultural,Deed of Property,,No,,Yes,,Yes,,No,,,No,,Yes,,Yes,,No,No child labor employed,Yes,,Yes,,Yes,,No,No corruption observed,,,3.385606,1500.0,991.0,2015-09-16 03:00:00Z,0-25%,75-100%,"Matoke, Groundnuts",,Rainfed,"Mulching, Pruning",3.0,3.0,10.0,5.0,4.0,0.0,,502.0,,278.0,,1981.0,Luwero,Local Trader,
F-1616,1.0,Kayunga,1,yes,3.0,no,,no,,yes,Agricultural Use,Agreement/lease,,no,,yes,,yes,,yes,yes,,yes,,yes,,Yes,,no,,yes,,yes,,yes,,no,,0.72419804,1066.988,0.662921,850.0,800.0,2008-05-12 03:00:00Z,0-25%,75-100%,['Bananas'],,Rainfed,['Using Fertilizers'],1.0,2.0,0.0,3.0,0.0,0.0,500.0,350.0,700.0,700.0,,500.0,It's picked from your farm,Cooperative representative,
F-1617,1.0,Kayunga,1,yes,2.0,no,,no,,no,Agricultural Use,Agreement/lease,,no,,yes,,yes,,yes,yes,,yes,,yes,,yes,,no,,yes,,yes,,yes,,no,,1.0336457,1058.126,1.956026,950.0,900.0,2006-04-12 03:00:00Z,0-25%,75-100%,['Bananas'],,Rainfed,['Using Fertilizers'],3.0,0.0,1.0,2.0,0.0,0.0,700.0,450.0,900.0,900.0,,700.0,It's picked from your farm,Cooperative representative,
F-1618,1.0,Luwero,1,yes,4.0,no,,no,,yes,Agricultural Use,Customary,,no,,yes,,yes,,yes,yes,,yes,,yes,,yes,,no,,yes,,yes,,yes,,no,,7.6,1103.1,2.925016,1350.0,1350.0,2009-06-07 03:00:00Z,0-25%,75-100%,"['Bananas', 'Beans']",,Rainfed,"['Using Fertilizers', 'Pruning', 'Weeding', 'Intercropping']",2.0,0.0,1.0,4.0,1.0,0.0,500.0,450.0,1000.0,1000.0,,500.0,It's picked from your farm,Supplier,
F-1619,1.0,Luwero,3,Yes,7.0,No,,No,,Yes,100% Agricultural,Other,,No,,Yes,,Yes,Limited knowledge of waste management,No,,,No,No interaction with cultural leaders,Yes,,Yes,,No,No child labor employed,Yes,,No,,Yes,,No,No corruption observed,,,2.949969,950.0,1319.0,2000-09-06 03:00:00Z,0-25%,75-100%,"Bananas, Cassava",,Rainfed,"Mulching, Pruning",4.0,5.0,8.0,1.0,7.0,0.0,,1481.0,,2468.0,,1617.0,Luwero,Local Trader,
F-1620,1.0,Luwero,3,Yes,7.0,No,,No,,Yes,100% Agricultural,Other,,No,,Yes,,Yes,Limited knowledge of waste management,No,,,No,No interaction with cultural leaders,Yes,,Yes,,No,No child labor employed,Yes,,No,,Yes,,No,No corruption observed,,,1.281921,400.0,1319.0,1998-03-09 03:00:00Z,0-25%,75-100%,"Bananas, Cassava",,Rainfed,"Mulching, Pruning",4.0,5.0,8.0,1.0,7.0,0.0,,1481.0,,2468.0,,1617.0,Luwero,Local Trader,
F-1621,1.0,Luwero,1,yes,4.0,no,,no,,yes,Agricultural Use,Agreement/lease,,no,,yes,,yes,,no,,,yes,,yes,,yes,,no,,yes,,yes,,yes,,no,,0.763,1067.125,0.390903,1730.0,1680.0,2000-05-10 03:00:00Z,0-25%,75-100%,['Bananas'],,Rainfed,['Weeding'],1.0,1.0,0.0,2.0,2.0,0.0,1800.0,1680.0,3600.0,3600.0,,1800.0,It's picked from your farm,Supplier,
F-1622,,Luwero,3,No,5.0,No,,No,,Yes,100% Agricultural,Lease,,No,,No,,Yes,,No,,,Yes,,Yes,,Yes,,No,No child labor employed,Yes,,Yes,,No,,No,No corruption observed,,,2.020547,420.0,626.0,2010-05-11 03:00:00Z,0-25%,75-100%,"Bananas, Cassava",,Rainfed,"Mulching, Pruning",13.0,9.0,2.0,1.0,4.0,0.0,,1986.0,,3013.0,,1315.0,Luwero,Local Trader,
F-1623,,Luwero,3,No,5.0,No,,No,,Yes,100% Agricultural,Lease,,No,,No,,Yes,,No,,,Yes,,Yes,,Yes,,No,No child labor employed,Yes,,Yes,,No,,No,No corruption observed,,,5.941642,1560.0,626.0,2000-05-08 03:00:00Z,0-25%,75-100%,"Bananas, Cassava",,Rainfed,"Mulching, Pruning",13.0,9.0,2.0,1.0,4.0,0.0,,1986.0,,3013.0,,1315.0,Luwero,Local Trader,
F-1624,1.0,Luwero,1,yes,7.0,no,,no,,yes,Agricultural Use,Agreement/lease,,no,,yes,,yes,,no,,,yes,,yes,,yes,,no,,yes,,yes,,yes,,no,,2.7098987,1147.447,0.326113,450.0,100.0,2015-03-02 03:00:00Z,0-25%,75-100%,['Bananas'],,Rainfed,['Intercropping'],2.0,3.0,3.0,6.0,1.0,0.0,50.0,40.0,100.0,100.0,,50.0,It's picked from your farm,Supplier,
F-1625,1.0,Kayunga,1,yes,8.0,no,,no,,yes,Agricultural Use,Agreement/lease,,no,,yes,,yes,,no,,,yes,,yes,,yes,,no,,yes,,yes,,yes,,no,,1.4264648,1072.401,0.133757,1300.0,1000.0,2000-05-08 03:00:00Z,0-25%,75-100%,['Bananas'],,Rainfed,"['Pruning', 'Weeding', 'Intercropping']",6.0,5.0,6.0,5.0,11.0,0.0,1000.0,900.0,2000.0,2000.0,,1000.0,It's picked from your farm,Supplier,
F-1626,1.0,Luwero,1,yes,6.0,no,,no,,no,Agricultural Use,Title,,no,,yes,,yes,,no,,,yes,,yes,,yes,,no,,yes,,yes,,yes,,no,,0.912,1083.483,1.651964,450.0,112.0,2004-02-19 03:00:00Z,0-25%,75-100%,['Bananas'],,Rainfed,"['Pruning', 'Weeding', 'Using Fertilizers']",2.0,0.0,2.0,0.0,0.0,0.0,850.0,205.0,400.0,400.0,,850.0,It's picked from your farm,Supplier,
F-1627,,Luwero,3,No,2.0,No,,No,,Yes,100% Agricultural,Deed of Property,,No,,Yes,,Yes,,No,,,Yes,No interaction with cultural leaders,Yes,,Yes,,No,No child labor employed,Yes,Irregular schedules due to seasonal work,No,,Yes,,No,No corruption observed,,,4.032785,1200.0,425.0,2005-03-11 03:00:00Z,0-25%,75-100%,"Maize, Beans",,Irrigated,"Composting, Pest Management",10.0,1.0,5.0,1.0,9.0,0.0,,619.0,,461.0,,1490.0,Luwero,Local Trader,
F-1628,,Nakaseke,2,Yes,3.0,No,,No,,Yes,100% Agricultural,Customary,,No,,Yes,,Yes,,No,,,Yes,No interaction with cultural leaders,Yes,,Yes,,No,No child labor employed,No,,Yes,,Yes,,No,No corruption observed,,,1.075761,50.0,366.0,2019-10-20 03:00:00Z,0-25%,75-100%,"Matoke, Groundnuts",,Rainfed,"Composting, Pest Management",4.0,4.0,4.0,0.0,0.0,0.0,,1450.0,,4583.0,,1493.0,Nakaseke,Local Trader,
F-1629,,Nakaseke,2,Yes,3.0,No,,No,,Yes,100% Agricultural,Customary,,No,,Yes,,Yes,,No,,,Yes,No interaction with cultural leaders,Yes,,Yes,,No,No child labor employed,No,,Yes,,Yes,,No,No corruption observed,,,0.491449,50.0,366.0,2017-09-08 03:00:00Z,0-25%,75-100%,"Matoke, Groundnuts",,Rainfed,"Composting, Pest Management",4.0,4.0,4.0,0.0,0.0,0.0,,1450.0,,4583.0,,1493.0,Nakaseke,Local Trader,
F-1630,,Nakaseke,2,Yes,3.0,No,,No,,Yes,100% Agricultural,Customary,,No,,Yes,,Yes,,No,,,Yes,No interaction with cultural leaders,Yes,,Yes,,No,No child labor employed,No,,Yes,,Yes,,No,No corruption observed,,,2.795266,50.0,366.0,2015-05-10 03:00:00Z,0-25%,75-100%,"Matoke, Groundnuts",,Rainfed,"Composting, Pest Management",4.0,4.0,4.0,0.0,0.0,0.0,,1450.0,,4583.0,,1493.0,Nakaseke,Local Trader,
F-1631,,Nakaseke,5,Yes,2.0,Yes,WOTOYITIDDE,No,,Yes,100% Agricultural,Customary,,No,,Yes,,Yes,Limited knowledge of waste management,No,,,No,,Yes,,Yes,,No,No child labor employed,Yes,,Yes,Lack of training on rights,Yes,,No,No corruption observed,,,4.017816,2250.0,1670.0,2010-04-08 03:00:00Z,0-25%,75-100%,,,Rainfed,"Intercropping, Soil Testing",2.0,0.0,7.0,4.0,4.0,0.0,,710.0,,2396.0,,1808.0,Nakaseke,Local Trader,
F-1632,,Nakaseke,5,Yes,2.0,Yes,WOTOYITIDDE,No,,Yes,100% Agricultural,Customary,,No,,Yes,,Yes,Limited knowledge of waste management,No,,,No,,Yes,,Yes,,No,No child labor employed,Yes,,Yes,Lack of training on rights,Yes,,No,No corruption observed,,,11.5008,4500.0,1670.0,1994-09-12 03:00:00Z,0-25%,75-100%,,,Rainfed,"Intercropping, Soil Testing",2.0,0.0,7.0,4.0,4.0,0.0,,710.0,,2396.0,,1808.0,Nakaseke,Local Trader,
F-1633,,Nakaseke,5,Yes,3.0,No,,No,,Yes,100% Agricultural,Other,,No,,No,,Yes,,No,,,Yes,,Yes,,Yes,,No,No child labor employed,Yes,,Yes,,Yes,Unaware of tax obligations,No,No corruption observed,,,7.571722,1350.0,1411.0,1979-03-01 03:00:00Z,0-25%,75-100%,,,Rainfed,"Intercropping, Soil Testing",0.0,0.0,4.0,1.0,3.0,0.0,,1657.0,,3823.0,,74.0,Nakaseke,Local Trader,
F-1634,1.0,Luwero,1,yes,18.0,no,,no,,yes,Agricultural Use,Agreement/lease,,no,,yes,,yes,,no,,,yes,,yes,,yes,,no,,yes,,yes,,yes,,no,,5.268,1150.101,8.436576,3650.0,3600.0,2002-08-10 03:00:00Z,0-25%,75-100%,['Bananas'],,Rainfed,"['Pruning', 'Weeding', 'Intercropping']",1.0,1.0,2.0,1.0,2.0,0.0,2000.0,1800.0,4000.0,4000.0,,2000.0,It's picked from your farm,Supplier,
F-1635,,Luwero,5,Yes,6.0,No,,No,,No,100% Agricultural,Lease,,No,,Yes,,Yes,Limited knowledge of waste management,No,,,No,,Yes,,Yes,,No,No child labor employed,Yes,,Yes,,Yes,,No,No corruption observed,,,4.940503,1800.0,2940.0,2005-05-07 03:00:00Z,0-25%,75-100%,,,Rainfed,"Intercropping, Soil Testing",3.0,4.0,5.0,1.0,6.0,0.0,,1050.0,,1013.0,,1018.0,Luwero,Local Trader,
F-1636,1.0,Luwero,2,yes,6.0,no,,no,,yes,Agricultural Use,Agreement/lease,,no,,yes,,yes,,no,,,yes,,yes,,yes,,no,,yes,,yes,,yes,,no,,9.0,1096.0,0.997446,420.0,1200.0,2000-01-12 03:00:00Z,0-25%,75-100%,"['Bananas', 'Beans']",,Rainfed,"['Pruning', 'Weeding', 'Intercropping']",3.0,2.0,2.0,3.0,5.0,0.0,,1200.0,,2700.0,,1350.0,It's picked from your farm,Supplier,
F-1637,,Luwero,1,Yes,7.0,No,,No,,Yes,100% Agricultural,Deed of Property,,No,,Yes,Lack of resources for buffer zones,Yes,,No,,,No,,Yes,,Yes,,No,No child labor employed,Yes,Irregular schedules due to seasonal work,No,,Yes,,No,No corruption observed,,,3.512121,62.0,764.0,2013-08-10 03:00:00Z,0-25%,75-100%,"Bananas, Cassava",,Rainfed,"Mulching, Pruning",4.0,6.0,4.0,4.0,7.0,0.0,,1295.0,,3507.0,,2045.0,Luwero,Local Trader,
F-1638,1.0,Luwero,1,yes,4.0,no,,no,,yes,Agricultural Use,Title,,no,,yes,,yes,,no,,,yes,,yes,,yes,,no,,yes,,yes,,yes,,no,,6.748,1067.645,3.309845,1250.0,1200.0,2000-09-07 03:00:00Z,0-25%,75-100%,['Bananas'],,Rainfed,['Intercropping'],1.0,1.0,1.0,3.0,0.0,0.0,500.0,500.0,1200.0,1200.0,700.0,700.0,It's picked from your farm,Supplier,
F-1639,1.0,Kayunga,1,yes,6.0,no,,no,,yes,Agricultural Use,Agreement/lease,,no,,yes,,yes,,yes,yes,,yes,,yes,,Yes,,no,,yes,,yes,,yes,,no,,1.1958526,1099.732,0.769626,1000.0,800.0,2008-03-12 03:00:00Z,0-25%,75-100%,['Bananas'],,Rainfed,['Using Fertilizers'],1.0,1.0,0.0,2.0,0.0,0.0,2400.0,1100.0,4000.0,4000.0,,2400.0,It's picked from your farm,other,Highest Bidder
F-1640,1.0,Kayunga,2025-05-10 00:00:00,yes,2.0,no,,no,,no,Agricultural Use,Title,,no,,yes,,yes,,yes,yes,,yes,,yes,,yes,,no,,yes,,yes,,yes,,no,,3.216,1101.07934570312,2.563724,100.0,70.0,2006-07-10 03:00:00Z,0-25%,75-100%,['Beans'],,Irrigated,['Using Fertilizers'],15.0,5.0,10.0,40.0,5.0,5.0,150.0,200.0,100.0,100.0,,150.0,It's picked from your farm,Supplier,
F-1641,1.0,Kayunga,1,yes,5.0,no,,no,,yes,Agricultural Use,Agreement/lease,,no,,yes,,yes,,yes,yes,,yes,,yes,,yes,,no,,yes,,yes,,yes,,no,,10.8,1108.3,0.987557,1400.0,1200.0,2004-08-09 03:00:00Z,0-25%,75-100%,['Bananas'],,Rainfed,"['Using Fertilizers', 'Pruning', 'Weeding']",3.0,2.0,5.0,0.0,5.0,0.0,1200.0,1000.0,2400.0,2400.0,,1200.0,It's picked from your farm,Supplier,
F-1642,,Nakaseke,4,No,8.0,No,,No,,Yes,100% Agricultural,Lease,,No,,Yes,,Yes,,No,,,No,,Yes,,Yes,,No,No child labor employed,Yes,,Yes,,Yes,Unaware of tax obligations,No,No corruption observed,,,5.112308,4586.0,829.0,1990-03-12 03:00:00Z,0-25%,75-100%,,,Rainfed,"Intercropping, Soil Testing",10.0,0.0,9.0,2.0,0.0,0.0,,377.0,,982.0,,1855.0,Nakaseke,Local Trader,
F-1643,1.0,Luwero,1,yes,3.0,no,,no,,yes,Agricultural Use,Agreement/lease,,no,,yes,,yes,,no,,,yes,,yes,,yes,,no,,yes,,yes,,yes,,no,,2.805,1128.134,1.045691,1400.0,1350.0,2004-04-12 03:00:00Z,0-25%,75-100%,['Bananas'],,Rainfed,"['Pruning', 'Weeding', 'Using Fertilizers']",1.0,1.0,2.0,1.0,2.0,0.0,750.0,675.0,1500.0,1500.0,,750.0,It's picked from your farm,Supplier,
F-1644,1.0,Luwero,1,yes,2.0,no,,no,,yes,Agricultural Use,Customary,,no,,yes,,yes,,yes,yes,,yes,,yes,,yes,,no,,yes,,yes,,yes,,no,,2.7596211,1264.542,0.099105,159.0,100.0,2017-03-02 03:00:00Z,0-25%,75-100%,['Bananas'],,Rainfed,['Intercropping'],1.0,0.0,1.0,1.0,1.0,0.0,200.0,60.0,200.0,200.0,,200.0,It's picked from your farm,Supplier,
F-1645,1.0,Luwero,1,yes,7.0,yes,IBERO,no,,yes,Agricultural Use,Title,,no,,yes,,yes,,no,,,yes,,yes,,yes,,no,,yes,,yes,,yes,,no,,1.552,1216.909,2.803773,1350.0,1200.0,2006-02-20 03:00:00Z,0-25%,75-100%,['Bananas'],,Rainfed,"['Pruning', 'Weeding', 'Intercropping']",2.0,2.0,0.0,4.0,0.0,0.0,1500.0,750.0,3000.0,3000.0,,1500.0,At a cooperative,Cooperative representative,
F-1646,1.0,Kayunga,1,yes,2.0,no,,no,,no,Natural forest,Customary,,no,,yes,,yes,,yes,yes,,yes,,yes,,yes,,no,,yes,,yes,,yes,,no,,2.1,1118.0,1.196906,800.0,600.0,1980-08-09 03:00:00Z,0-25%,75-100%,['Bananas'],,Rainfed,['Using Fertilizers'],1.0,0.0,1.0,1.0,0.0,0.0,600.0,300.0,1200.0,1200.0,,600.0,It's picked from your farm,Supplier,
F-1647,1.0,Luwero,2,yes,2.0,no,,no,,yes,Agricultural Use,Title,,no,,yes,,yes,,yes,yes,,yes,,yes,,yes,,no,,yes,,yes,,yes,,no,,1.07,1187.172,0.795984,150.0,100.0,2009-09-13 03:00:00Z,0-25%,75-100%,['Bananas'],,Rainfed,['Using Fertilizers'],2.0,1.0,0.0,2.0,0.0,0.0,45.0,75.0,90.0,90.0,,45.0,It's picked from your farm,Supplier,
F-1648,1.0,Luwero,1,yes,4.0,no,,no,,yes,Agricultural Use,Customary,,no,,yes,,yes,,yes,yes,,yes,,yes,,yes,,no,,yes,,yes,,yes,,no,,8.0,1143.9,2.104043,1350.0,1350.0,2006-05-07 03:00:00Z,0-25%,75-100%,"['Bananas', 'Beans']",,Rainfed,"['Using Fertilizers', 'Pruning', 'Weeding', 'Intercropping']",1.0,0.0,1.0,3.0,1.0,0.0,500.0,450.0,1000.0,1000.0,,500.0,It's picked from your farm,Supplier,
F-1649,1.0,Luwero,2,yes,6.0,no,,no,,yes,Agricultural Use,Customary,,no,,yes,,yes,,no,,,yes,,yes,,yes,,no,,yes,,yes,,yes,,no,,8.0,1110.6,1.372668,2850.0,2800.0,2017-09-12 03:00:00Z,0-25%,75-100%,"['Bananas', 'Beans']",,Rainfed,['Intercropping'],3.0,3.0,0.0,6.0,0.0,0.0,100.0,900.0,2000.0,2000.0,,100.0,It's picked from your farm,Supplier,
F-1650,1.0,Kayunga,1,yes,16.0,no,,no,,yes,Agricultural Use,Customary,,no,,yes,,yes,,no,,,yes,,yes,,yes,,no,,yes,,yes,,yes,,no,,13.899,1028.2,0.435054,1300.0,1200.0,2000-04-14 03:00:00Z,0-25%,75-100%,"['Bananas', 'Beans']",,Rainfed,"['Using Fertilizers', 'Pruning', 'Weeding', 'Intercropping']",4.0,3.0,0.0,7.0,7.0,0.0,600.0,500.0,1200.0,1200.0,,600.0,It's picked from your farm,Hulling Station representative,
F-1651,1.0,Kayunga,2,yes,3.0,no,,no,,yes,Agricultural Use,Title,,no,,yes,,yes,,no,,,yes,,yes,,yes,,no,,yes,,yes,,yes,,no,,1.394,1131.657,0.515228,150.0,100.0,2009-02-12 03:00:00Z,0-25%,75-100%,['Bananas'],,Rainfed,['Using Fertilizers'],3.0,0.0,1.0,1.0,1.0,0.0,50.0,90.0,50.0,50.0,,50.0,It's picked from your farm,Supplier,
F-1652,1.0,Luwero,1,yes,5.0,no,,no,,yes,Agricultural Use,Agreement/lease,,no,,yes,,yes,,no,,,yes,,yes,,yes,,no,,yes,,yes,,yes,,no,,0.738,1116.651,0.87128,6350.0,6300.0,1999-06-07 03:00:00Z,0-25%,75-100%,['Bananas'],,Rainfed,['Weeding'],5.0,4.0,6.0,3.0,9.0,0.0,6750.0,6300.0,9000.0,9000.0,,6750.0,It's picked from your farm,Supplier,
F-1653,,Luwero,4,No,3.0,Yes,WOTOYITIDDE,No,,Yes,100% Agricultural,Deed of Property,,No,,No,Lack of resources for buffer zones,Yes,,No,,,Yes,,Yes,,Yes,,No,No child labor employed,Yes,,No,,Yes,,No,No corruption observed,,,3.065898,900.0,256.0,1986-09-12 03:00:00Z,0-25%,75-100%,"Maize, Beans",,Rainfed,"Composting, Pest Management",4.0,1.0,9.0,2.0,9.0,0.0,,879.0,,4309.0,,2282.0,Luwero,Local Trader,
F-1654,,Nakaseke,3,No,8.0,No,,No,,Yes,100% Agricultural,Deed of Property,,No,,No,,Yes,,No,,,Yes,No interaction with cultural leaders,Yes,,Yes,,No,No child labor employed,No,,Yes,,Yes,,No,No corruption observed,,,3.56198,50.0,1866.0,2015-12-09 03:00:00Z,0-25%,75-100%,"Matoke, Groundnuts",,Rainfed,"Composting, Pest Management",3.0,4.0,10.0,3.0,5.0,0.0,,1488.0,,864.0,,306.0,Nakaseke,Local Trader,
F-1655,,Luwero,1,Yes,3.0,Yes,WOTOYITIDDE,No,,No,100% Agricultural,Other,,No,,Yes,,No,Limited knowledge of waste management,No,,,Yes,,Yes,,Yes,,No,No child labor employed,Yes,,No,Lack of training on rights,Yes,,No,No corruption observed,,,3.187234,1350.0,2596.0,1980-09-04 03:00:00Z,0-25%,75-100%,"Bananas, Cassava",,Rainfed,"Composting, Pest Management",6.0,0.0,5.0,1.0,2.0,0.0,,867.0,,667.0,,660.0,Luwero,Local Trader,
F-1656,1.0,Luwero,1,yes,6.0,no,,no,,yes,Agricultural Use,Agreement/lease,,no,,yes,,yes,,yes,yes,,yes,,yes,,yes,,no,,yes,,yes,,yes,,no,,0.01,0.0,0.470593,1050.0,1000.0,1986-12-05 03:00:00Z,0-25%,75-100%,['Beans'],,Rainfed,['Using Fertilizers'],4.0,2.0,2.0,4.0,5.0,1.0,200.0,250.0,200.0,200.0,,200.0,It's picked from your farm,Supplier,
F-1657,,Nakaseke,1,No,3.0,No,,No,,Yes,100% Agricultural,Customary,,No,,Yes,,Yes,Limited knowledge of waste management,No,,,Yes,No interaction with cultural leaders,Yes,,Yes,,No,No child labor employed,Yes,,Yes,,Yes,,No,No corruption observed,,,3.098326,800.0,1795.0,2007-03-12 03:00:00Z,0-25%,75-100%,"Bananas, Cassava",,Rainfed,"Composting, Pest Management",2.0,4.0,4.0,3.0,1.0,0.0,,1586.0,,1590.0,,1154.0,Nakaseke,Local Trader,
F-1658,1.0,Kayunga,3,yes,9.0,no,,no,,yes,Agricultural Use,Title,,no,,yes,,yes,,yes,yes,,yes,,yes,,yes,,no,,yes,,yes,,yes,,no,,6.5,1126.6,2.784603,2250.0,2200.0,1960-10-10 03:00:00Z,0-25%,75-100%,"['Bananas', 'Beans']",,Rainfed,"['Using Fertilizers', 'Weeding', 'Intercropping', 'Pruning']",5.0,3.0,5.0,2.0,0.0,0.0,5000.0,4700.0,9000.0,9000.0,,5000.0,It's picked from your farm,Cooperative representative,
F-1659,1.0,Luwero,1,yes,7.0,no,,no,,yes,Agricultural Use,Title,,no,,yes,,yes,,yes,yes,,yes,,yes,,yes,,no,,yes,,yes,,yes,,no,,1.129,1107.341,0.604417,440.0,110.0,2000-03-03 03:00:00Z,0-25%,75-100%,['Bananas'],,Rainfed,"['Weeding', 'Pruning']",2.0,0.0,2.0,0.0,0.0,0.0,400.0,120.0,220.0,220.0,,400.0,It's picked from your farm,other,
F-1660,1.0,Luwero,1,yes,2.0,no,,no,,yes,Agricultural Use,Agreement/lease,,no,,yes,,yes,,yes,yes,,yes,,yes,,yes,,no,,yes,,yes,,yes,,no,,1.98,1092.6,2.116694,1050.0,1000.0,1989-02-11 03:00:00Z,0-25%,75-100%,['Bananas'],,Rainfed,['Using Fertilizers'],1.0,1.0,0.0,2.0,2.0,0.0,200.0,250.0,200.0,200.0,,200.0,It's picked from your farm,Supplier,
F-1661,,Nakaseke,4,Yes,9.0,No,,No,,No,100% Agricultural,Other,,No,,No,,Yes,Limited knowledge of waste management,No,,,Yes,,Yes,,Yes,,No,No child labor employed,Yes,,Yes,Lack of training on rights,Yes,,No,No corruption observed,,,14.95137,9000.0,995.0,2011-04-10 03:00:00Z,0-25%,75-100%,"Bananas, Cassava",,Rainfed,"Mulching, Pruning",11.0,10.0,0.0,0.0,9.0,0.0,,1054.0,,1166.0,,1030.0,Nakaseke,Local Trader,
F-1662,1.0,Kayunga,1,yes,8.0,no,,no,,no,Agricultural Use,Agreement/lease,,no,,yes,,yes,,yes,yes,,yes,,yes,,yes,,no,,yes,,yes,,yes,,no,,9.5,1043.0,2.320684,1050.0,1000.0,1999-05-14 03:00:00Z,0-25%,75-100%,"['Bananas', 'Beans']",,Rainfed,"['Pruning', 'Weeding', 'Intercropping']",2.0,2.0,4.0,0.0,1.0,0.0,1500.0,1400.0,3000.0,3000.0,,1500.0,It's picked from your farm,Supplier,
F-1663,1.0,Luwero,1,yes,4.0,no,,no,,yes,Agricultural Use,Agreement/lease,,no,,yes,,yes,,no,,,yes,,yes,,yes,,no,,yes,,yes,,yes,,no,,9.206,1080.966,3.324466,1250.0,1200.0,2000-07-12 03:00:00Z,0-25%,75-100%,['Bananas'],,Rainfed,['Weeding'],1.0,1.0,1.0,3.0,0.0,0.0,500.0,500.0,1200.0,1200.0,600.0,600.0,It's picked from your farm,Supplier,
F-1664,,Nakaseke,5,Yes,7.0,No,,No,,Yes,100% Agricultural,Other,,No,,Yes,,Yes,,No,,,Yes,No interaction with cultural leaders,Yes,,Yes,,No,No child labor employed,Yes,,Yes,,Yes,Unaware of tax obligations,No,No corruption observed,,,3.085567,220.0,2881.0,2012-11-11 03:00:00Z,0-25%,75-100%,"Maize, Beans",,Rainfed,"Intercropping, Soil Testing",5.0,2.0,7.0,3.0,5.0,0.0,,412.0,,2400.0,,1871.0,Nakaseke,Local Trader,
F-1665,,Nakaseke,5,Yes,7.0,No,,No,,Yes,100% Agricultural,Other,,No,,Yes,,Yes,,No,,,Yes,No interaction with cultural leaders,Yes,,Yes,,No,No child labor employed,Yes,,Yes,,Yes,Unaware of tax obligations,No,No corruption observed,,,3.496104,440.0,2881.0,2011-02-11 03:00:00Z,0-25%,75-100%,"Maize, Beans",,Rainfed,"Intercropping, Soil Testing",5.0,2.0,7.0,3.0,5.0,0.0,,412.0,,2400.0,,1871.0,Nakaseke,Local Trader,
F-1666,,Nakaseke,5,Yes,4.0,No,,No,,No,100% Agricultural,Lease,,No,,No,,Yes,,No,,,Yes,No interaction with cultural leaders,Yes,,Yes,,No,No child labor employed,Yes,,Yes,,Yes,,No,No corruption observed,,,4.936279,900.0,1336.0,2014-01-12 03:00:00Z,0-25%,75-100%,"Matoke, Groundnuts",,Rainfed,"Composting, Pest Management",8.0,2.0,8.0,5.0,5.0,0.0,,810.0,,3213.0,,2311.0,Nakaseke,Local Trader,
F-1667,1.0,Kayunga,1,yes,6.0,no,,no,,yes,Agricultural Use,Agreement/lease,,no,,yes,,yes,,yes,yes,,yes,,yes,,Yes,,no,,yes,,yes,,yes,,no,,0.96703845,1030.507,0.195098,800.0,700.0,2005-04-12 03:00:00Z,0-25%,75-100%,['Bananas'],,Rainfed,['Using Fertilizers'],0.0,0.0,1.0,0.0,0.0,0.0,5000.0,5000.0,9000.0,9000.0,,5000.0,It's picked from your farm,Cooperative representative,
F-1668,,Luwero,4,No,2.0,No,Ibero cooperative .,No,,Yes,100% Agricultural,Lease,,No,,Yes,,Yes,,No,,,No,No interaction with cultural leaders,Yes,,Yes,,No,No child labor employed,Yes,,No,,Yes,,No,No corruption observed,,,3.995569,1200.0,321.0,2004-10-01 03:00:00Z,0-25%,75-100%,"Maize, Beans",,Irrigated,"Intercropping, Soil Testing",3.0,2.0,6.0,3.0,0.0,0.0,,279.0,,633.0,,1289.0,Luwero,Local Trader,
F-1669,,Luwero,4,No,2.0,No,Ibero cooperative .,No,,Yes,100% Agricultural,Lease,,No,,Yes,,Yes,,No,,,No,No interaction with cultural leaders,Yes,,Yes,,No,No child labor employed,Yes,,No,,Yes,,No,No corruption observed,,,3.995569,500.0,321.0,2010-08-01 03:00:00Z,0-25%,75-100%,"Maize, Beans",,Irrigated,"Intercropping, Soil Testing",3.0,2.0,6.0,3.0,0.0,0.0,,279.0,,633.0,,1289.0,Luwero,Local Trader,
F-1670,,Luwero,4,No,2.0,No,Ibero cooperative .,No,,Yes,100% Agricultural,Lease,,No,,Yes,,Yes,,No,,,No,No interaction with cultural leaders,Yes,,Yes,,No,No child labor employed,Yes,,No,,Yes,,No,No corruption observed,,,1.467085,400.0,321.0,1999-08-01 03:00:00Z,0-25%,75-100%,"Maize, Beans",,Irrigated,"Intercropping, Soil Testing",3.0,2.0,6.0,3.0,0.0,0.0,,279.0,,633.0,,1289.0,Luwero,Local Trader,
F-1671,1.0,Kayunga,2,yes,6.0,no,,no,,yes,Agricultural Use,Agreement/lease,,no,,yes,,yes,,yes,yes,,yes,,yes,,yes,,no,,yes,,yes,,yes,,no,,9.9,734.4,1.148604,1000.0,1000.0,2000-08-09 03:00:00Z,0-25%,75-100%,['Bananas'],,Rainfed,"['Using Fertilizers', 'Pruning', 'Weeding']",3.0,2.0,5.0,3.0,6.0,0.0,1000.0,800.0,2000.0,2000.0,,1000.0,It's picked from your farm,Supplier,
F-1672,1.0,Luwero,1,yes,3.0,yes,LDC,no,,yes,Agricultural Use,Customary,,no,,yes,,yes,,yes,yes,,yes,,yes,,yes,,no,,yes,,yes,,yes,,no,,1.5060201,1145.606,3.090991,160.0,150.0,2019-02-02 03:00:00Z,75-100%,75-100%,['Bananas'],,Rainfed,['Intercropping'],1.0,1.0,1.0,2.0,1.0,0.0,,50.0,,100.0,,100.0,It's picked from your farm,Supplier,
F-1673,,Nakaseke,2,Yes,4.0,No,,No,,Yes,100% Agricultural,Lease,,No,,Yes,Lack of resources for buffer zones,Yes,,No,,,No,No interaction with cultural leaders,Yes,Issues with equal pay reported,Yes,,No,No child labor employed,Yes,,Yes,,Yes,,No,No corruption observed,,,4.452656,1600.0,1893.0,2009-09-12 03:00:00Z,0-25%,75-100%,"Matoke, Groundnuts",,Rainfed,"Mulching, Pruning",1.0,1.0,10.0,1.0,5.0,0.0,,2000.0,,296.0,,2205.0,Nakaseke,Local Trader,
F-1674,,Nakaseke,3,Yes,3.0,No,,No,,Yes,100% Agricultural,Customary,,No,,Yes,,Yes,,No,,,No,,Yes,,Yes,,No,No child labor employed,Yes,,Yes,,Yes,,No,No corruption observed,,,6.228488,2000.0,3369.0,2009-05-01 03:00:00Z,0-25%,75-100%,,,Rainfed,"Intercropping, Soil Testing",8.0,2.0,9.0,2.0,1.0,0.0,,1322.0,,2984.0,,1308.0,Nakaseke,Local Trader,
F-1675,,Luwero,2,Yes,10.0,No,,No,,No,100% Agricultural,Deed of Property,,No,,Yes,Lack of resources for buffer zones,Yes,,No,,,Yes,,Yes,,Yes,,No,No child labor employed,Yes,,Yes,,No,,No,No corruption observed,,,3.433747,80.0,1269.0,1999-03-02 03:00:00Z,0-25%,75-100%,,,Rainfed,"Composting, Pest Management",7.0,7.0,7.0,5.0,7.0,0.0,,1072.0,,2262.0,,138.0,Luwero,Local Trader,
F-1676,1.0,Kayunga,2,yes,3.0,no,,no,,yes,Agricultural Use,Customary,,no,,yes,,yes,,yes,yes,,yes,,yes,,yes,,no,,yes,,yes,,yes,,no,,2.25,1080.2,0.148097,1350.0,1300.0,1999-08-13 03:00:00Z,0-25%,75-100%,"['Bananas', 'other']",Cassava,Rainfed,['Intercropping'],4.0,0.0,4.0,0.0,4.0,0.0,1950.0,975.0,3900.0,3900.0,,1950.0,It's picked from your farm,Supplier,
F-1677,,Nakaseke,3,No,8.0,No,,No,,No,100% Agricultural,Deed of Property,,No,,Yes,,Yes,,No,,,Yes,No interaction with cultural leaders,Yes,,Yes,,No,No child labor employed,Yes,,No,,Yes,,No,No corruption observed,,,3.753134,800.0,3952.0,1999-01-12 03:00:00Z,0-25%,75-100%,"Bananas, Cassava",,Rainfed,"Composting, Pest Management",1.0,4.0,4.0,4.0,5.0,0.0,,370.0,,2862.0,,1456.0,Nakaseke,Local Trader,
F-1678,,Nakaseke,4,Yes,2.0,No,,No,,Yes,100% Agricultural,Customary,,No,,Yes,,Yes,,No,,,Yes,,Yes,,Yes,,No,No child labor employed,Yes,,Yes,,Yes,,No,No corruption observed,,,5.016417,1750.0,295.0,1990-03-03 03:00:00Z,0-25%,75-100%,"Matoke, Groundnuts",,Rainfed,"Intercropping, Soil Testing",9.0,9.0,6.0,4.0,3.0,0.0,,1691.0,,3625.0,,720.0,Nakaseke,Local Trader,
F-1679,1.0,Luwero,1,yes,4.0,no,,no,,yes,Agricultural Use,Customary,,no,,yes,,yes,,no,,,yes,,yes,,yes,,no,,yes,,yes,,yes,,no,,4.709,1112.63,2.82104,950.0,900.0,2000-09-12 03:00:00Z,0-25%,75-100%,['Bananas'],,Rainfed,['Intercropping'],1.0,1.0,1.0,3.0,0.0,0.0,150.0,150.0,300.0,350.0,200.0,200.0,It's picked from your farm,Supplier,
F-1680,,Luwero,3,No,2.0,No,,No,,Yes,100% Agricultural,Other,,No,,Yes,,Yes,,No,,,Yes,,No,,Yes,,No,No child labor employed,Yes,,No,,No,,No,No corruption observed,,,3.200081,10.0,1292.0,2019-03-02 03:00:00Z,0-25%,75-100%,,,Rainfed,"Intercropping, Soil Testing",8.0,6.0,5.0,0.0,9.0,0.0,,1507.0,,3664.0,,1419.0,Luwero,Local Trader,
F-1681,1.0,Kayunga,1,no,6.0,no,,no,,yes,Agricultural Use,Title,,no,,yes,,yes,,no,,,yes,,yes,,yes,,no,,yes,,yes,,yes,,no,,12.9,1084.69999999999,0.542888,700.0,650.0,2004-07-18 03:00:00Z,0-25%,75-100%,"['Bananas', 'Beans']",,Rainfed,"['Using Fertilizers', 'Pruning', 'Intercropping']",1.0,3.0,2.0,2.0,0.0,0.0,650.0,600.0,1300.0,1300.0,,650.0,It's picked from your farm,Supplier,
F-1682,1.0,Kayunga,1,yes,7.0,no,,no,,yes,Agricultural Use,Agreement/lease,,no,,yes,,yes,,no,,,yes,,yes,,Yes,,no,,yes,,yes,,yes,,no,,0.77723986,1092.366,1.194401,40000.0,2100.0,2009-03-12 03:00:00Z,0-25%,75-100%,['Bananas'],,Rainfed,['Using Fertilizers'],0.0,0.0,0.0,0.0,0.0,0.0,2000.0,3000.0,9000.0,9000.0,,2000.0,It's picked from your farm,other,Highest Bidder
F-1683,1.0,Kayunga,1,yes,6.0,no,,no,,no,Natural forest,Customary,,no,,yes,,yes,,yes,yes,,yes,,yes,,yes,,no,,yes,,yes,,yes,,no,,10.159,1109.8,0.290278,950.0,800.0,2006-08-09 03:00:00Z,0-25%,75-100%,['Bananas'],,Rainfed,['Using Fertilizers'],1.0,1.0,2.0,2.0,0.0,0.0,800.0,400.0,800.0,1600.0,1600.0,800.0,It's picked from your farm,Supplier,
F-1684,,Luwero,2,Yes,8.0,Yes,KIMIKA KIKWATA,No,,Yes,100% Agricultural,Deed of Property,,No,,Yes,,Yes,,No,,,No,No interaction with cultural leaders,Yes,Issues with equal pay reported,Yes,,No,No child labor employed,Yes,,Yes,,Yes,,No,No corruption observed,,,4.413308,400.0,1257.0,2012-03-02 03:00:00Z,0-25%,75-100%,,,Rainfed,"Intercropping, Soil Testing",13.0,9.0,10.0,2.0,12.0,0.0,,261.0,,855.0,,1651.0,Luwero,Local Trader,
F-1685,,Luwero,2,Yes,8.0,Yes,KIMIKA KIKWATA,No,,Yes,100% Agricultural,Deed of Property,,No,,Yes,,Yes,,No,,,No,No interaction with cultural leaders,Yes,Issues with equal pay reported,Yes,,No,No child labor employed,Yes,,Yes,,Yes,,No,No corruption observed,,,3.908515,450.0,1257.0,2009-04-03 03:00:00Z,0-25%,75-100%,,,Rainfed,"Intercropping, Soil Testing",13.0,9.0,10.0,2.0,12.0,0.0,,261.0,,855.0,,1651.0,Luwero,Local Trader,
F-1686,1.0,Kayunga,1,yes,8.0,no,,no,,yes,Agricultural Use,Agreement/lease,,no,,yes,,yes,,no,,,yes,,yes,,yes,,no,,yes,,yes,,yes,,no,,1.1272631,1061.778,0.797977,1200.0,1000.0,2012-07-09 03:00:00Z,0-25%,75-100%,"['Bananas', 'Tobacco']",,Rainfed,"['Pruning', 'Using Fertilizers', 'Intercropping', 'Weeding']",6.0,4.0,4.0,6.0,10.0,0.0,900.0,900.0,2000.0,2000.0,1000.0,1000.0,It's picked from your farm,Supplier,
F-1687,1.0,Luwero,1,yes,4.0,no,,no,,yes,Agricultural Use,Customary,,no,,yes,,yes,,no,,,yes,,yes,,yes,,no,,yes,,yes,,yes,,no,,7.6,1150.0,0.923326,900.0,850.0,2014-07-12 03:00:00Z,0-25%,75-100%,['Bananas'],,Rainfed,['Intercropping'],2.0,2.0,0.0,4.0,0.0,0.0,60.0,800.0,2000.0,2000.0,,60.0,It's picked from your farm,Supplier,
F-1688,,Luwero,1,No,5.0,No,,No,,No,100% Agricultural,Deed of Property,,No,,Yes,Lack of resources for buffer zones,Yes,,No,,,Yes,No interaction with cultural leaders,Yes,,Yes,,No,No child labor employed,Yes,,Yes,,Yes,Unaware of tax obligations,No,No corruption observed,,,3.43592,450.0,2931.0,2015-12-12 03:00:00Z,0-25%,75-100%,"Bananas, Cassava",,Rainfed,"Mulching, Pruning",3.0,5.0,0.0,2.0,3.0,0.0,,1146.0,,4121.0,,54.0,Luwero,Local Trader,
F-1689,1.0,Kayunga,2,yes,1.0,no,,no,,yes,Agricultural Use,Title,,no,,yes,,yes,,yes,yes,,yes,,yes,,yes,,no,,yes,,yes,,yes,,no,,1.029,1121.391,0.226722,100.0,100.0,2020-06-08 03:00:00Z,0-25%,75-100%,['Bananas'],,Rainfed,['Using Fertilizers'],1.0,0.0,1.0,1.0,0.0,0.0,90.0,85.0,45.0,45.0,,90.0,It's picked from your farm,Supplier,
F-1690,1.0,Kayunga,2025-05-10 00:00:00,yes,10.0,no,,no,,no,Agricultural Use,Title,,no,,yes,,yes,,yes,yes,,yes,,yes,,yes,,no,,yes,,yes,,yes,,no,,3.216,1083.27453613281,0.409407,1000.0,100.0,2007-02-17 03:00:00Z,0-25%,75-100%,['Beans'],,Irrigated,['Using Fertilizers'],15.0,5.0,10.0,40.0,5.0,5.0,200.0,100.0,100.0,100.0,,200.0,It's picked from your farm,Supplier,
F-1691,1.0,Kayunga,1,yes,2.0,no,,no,,no,Natural forest,Customary,,no,,yes,,yes,,yes,yes,,yes,,yes,,yes,,no,,yes,,yes,,yes,,no,,4.378,1109.5,1.014915,800.0,600.0,2009-08-08 03:00:00Z,0-25%,75-100%,['Bananas'],,Rainfed,['Using Fertilizers'],1.0,1.0,1.0,2.0,1.0,0.0,600.0,300.0,1200.0,1200.0,,600.0,It's picked from your farm,Supplier,
F-1692,1.0,Luwero,1,yes,3.0,no,,no,,yes,Agricultural Use,Agreement/lease,,no,,yes,,yes,,no,,,yes,,yes,,yes,,no,,yes,,yes,,yes,,no,,0.809,1083.686,1.7843,1050.0,1000.0,2000-07-12 03:00:00Z,0-25%,75-100%,['Bananas'],,Rainfed,['Intercropping'],1.0,1.0,1.0,3.0,0.0,0.0,500.0,300.0,1000.0,1000.0,,500.0,It's picked from your farm,Supplier,
F-1693,1.0,Kayunga,1,yes,4.0,no,,no,,yes,Agricultural Use,Agreement/lease,,no,,yes,,yes,,no,,,yes,,yes,,Yes,,no,,yes,,yes,,yes,,no,,1.3845384,1095.004,2.599766,950.0,900.0,2009-04-12 03:00:00Z,0-25%,75-100%,['Bananas'],,Rainfed,['Using Fertilizers'],6.0,0.0,0.0,2.0,2.0,0.0,600.0,400.0,800.0,800.0,,600.0,It's picked from your farm,Cooperative representative,
F-1694,1.0,Luwero,1,yes,6.0,no,,no,,yes,Agricultural Use,Customary,,no,,yes,,yes,,yes,yes,,yes,,yes,,yes,,no,,yes,,yes,,yes,,no,,4.1,1138.5,1.154936,1350.0,1350.0,2009-07-08 03:00:00Z,0-25%,75-100%,"['Bananas', 'Beans']",,Rainfed,"['Using Fertilizers', 'Pruning', 'Weeding', 'Intercropping']",2.0,0.0,1.0,4.0,1.0,0.0,500.0,450.0,1000.0,1000.0,,500.0,It's picked from your farm,Supplier,
F-1695,1.0,Kayunga,4,yes,12.0,yes,Budaada Eyali Askeka cooperative Society,no,,yes,Agricultural Use,Title,,no,,yes,,yes,,yes,yes,,yes,,yes,,yes,,no,,yes,,yes,,yes,,no,,2.3,1079.3,0.812089,1570.0,1550.0,1999-04-23 03:00:00Z,0-25%,75-100%,['Bananas'],,Rainfed,['Intercropping'],3.0,2.0,5.0,0.0,5.0,0.0,3100.0,1550.0,6200.0,6200.0,,3100.0,It's picked from your farm,Supplier,
F-1696,1.0,Luwero,1,yes,5.0,no,,no,,yes,Agricultural Use,Customary,,no,,yes,,yes,,yes,yes,,yes,,yes,,yes,,no,,yes,,yes,,yes,,no,,4.4,1110.9,2.123625,2250.0,2000.0,2006-05-07 03:00:00Z,0-25%,75-100%,"['Bananas', 'Beans']",,Rainfed,"['Intercropping', 'Weeding', 'Pruning']",1.0,1.0,1.0,4.0,1.0,0.0,900.0,900.0,2000.0,2000.0,1000.0,1000.0,It's picked from your farm,Supplier,
F-1697,1.0,Kayunga,1,yes,2.0,no,,no,,yes,Natural forest,Customary,,no,,yes,,yes,,yes,yes,,yes,,yes,,yes,,no,,yes,,yes,,yes,,no,,8.3,1101.69999999999,0.893931,800.0,600.0,2008-09-09 03:00:00Z,0-25%,75-100%,['Bananas'],,Rainfed,['Using Fertilizers'],1.0,1.0,1.0,1.0,0.0,0.0,600.0,300.0,1200.0,1200.0,,600.0,It's picked from your farm,Supplier,
F-1698,1.0,Luwero,1,yes,13.0,no,,no,,yes,Agricultural Use,Customary,,no,,yes,,yes,,yes,yes,,yes,,yes,,yes,,no,,yes,,yes,,yes,,no,,8.0,1167.7,8.172639,2700.0,2600.0,2008-06-07 03:00:00Z,0-25%,75-100%,"['Bananas', 'Beans']",,Rainfed,"['Using Fertilizers', 'Weeding', 'Intercropping', 'Pruning']",2.0,0.0,2.0,5.0,1.0,0.0,1500.0,1350.0,3000.0,3000.0,,1500.0,It's picked from your farm,Supplier,
F-1699,,Nakaseke,2,No,9.0,No,,No,,Yes,100% Agricultural,Customary,,No,,Yes,,Yes,,No,,,No,,Yes,,Yes,,No,No child labor employed,Yes,,Yes,,Yes,,No,No corruption observed,,,6.889587,2700.0,3369.0,2008-07-20 03:00:00Z,0-25%,75-100%,,,Rainfed,"Composting, Pest Management",7.0,1.0,3.0,5.0,1.0,0.0,,459.0,,1815.0,,578.0,Nakaseke,Local Trader,
F-1700,,Nakaseke,5,Yes,9.0,No,,No,,No,100% Agricultural,Other,,No,,No,,Yes,,No,,,Yes,,Yes,,Yes,,No,No child labor employed,Yes,,Yes,,Yes,,No,No corruption observed,,,3.235695,1350.0,238.0,1930-04-01 02:30:00Z,0-25%,75-100%,"Maize, Beans",,Rainfed,"Composting, Pest Management",13.0,12.0,4.0,4.0,9.0,0.0,,233.0,,2961.0,,1507.0,Nakaseke,Local Trader,
F-1701,1.0,Kayunga,1,yes,10.0,no,,no,,yes,Agricultural Use,Customary,,no,,yes,,yes,,yes,yes,,yes,,yes,,yes,,no,,yes,,yes,,yes,,no,,2.2,1065.2,3.0,1200.0,1000.0,2000-08-09 03:00:00Z,0-25%,75-100%,['Bananas'],,Rainfed,"['Using Fertilizers', 'Pruning', 'Weeding']",3.0,1.0,4.0,0.0,4.0,0.0,1000.0,980.0,900.0,1100.0,1080.0,1000.0,It's picked from your farm,Supplier,
F-1702,1.0,Kayunga,1,yes,5.0,no,,no,,no,Agricultural Use,Agreement/lease,,no,,yes,,yes,,no,,,yes,,yes,,Yes,,no,,yes,,yes,,yes,,no,,3.2,1122.8,1.2,720.0,690.0,2014-08-16 03:00:00Z,0-25%,75-100%,['Bananas'],,Rainfed,['Using Fertilizers'],1.0,0.0,1.0,0.0,1.0,0.0,800.0,780.0,650.0,650.0,640.0,500.0,It's picked from your farm,Cooperative representative,
F-1703,1.0,Kayunga,1,yes,13.0,no,,no,,no,Agricultural Use,Agreement/lease,,no,,yes,,yes,,yes,yes,,yes,,yes,,yes,,no,,yes,,yes,,yes,,no,,6.7,1058.0,3.5,1400.0,1200.0,1999-08-12 03:00:00Z,0-25%,75-100%,"['Bananas', 'Beans']",,Rainfed,"['Pruning', 'Weeding', 'Intercropping']",2.0,1.0,3.0,0.0,3.0,0.0,2400.0,2380.0,1200.0,1200.0,1180.0,1100.0,It's picked from your farm,Supplier,
F-1704,1.0,Luwero,1,yes,6.0,no,,no,,yes,Agricultural Use,Customary,,no,,yes,,yes,,no,,,yes,,yes,,yes,,no,,yes,,yes,,yes,,no,,11.5,1119.9,2.5,1500.0,1470.0,2018-09-12 03:00:00Z,0-25%,75-100%,"['Bananas', 'Beans']",,Rainfed,['Intercropping'],3.0,3.0,0.0,6.0,6.0,0.0,2000.0,1980.0,150.0,1000.0,800.0,100.0,It's picked from your farm,Supplier,
F-1705,1.0,Luwero,1,yes,9.0,no,,no,,no,Agricultural Use,Agreement/lease,,no,,yes,,yes,,yes,yes,,yes,,yes,,yes,,no,,yes,,yes,,yes,,no,,1.353,1124.91,3.5,1400.0,700.0,1990-06-15 03:00:00Z,0-25%,75-100%,"['Bananas', 'Beans']",,Rainfed,"['Pruning', 'Weeding', 'Intercropping']",3.0,3.0,0.0,6.0,6.0,0.0,1000.0,980.0,960.0,1300.0,1280.0,1260.0,It's picked from your farm,Supplier,
F-1706,1.0,Luwero,1,yes,9.0,no,,no,,no,Agricultural Use,Agreement/lease,,no,,yes,,yes,,yes,yes,,yes,,yes,,yes,,no,,yes,,yes,,yes,,no,,1.0,1086.826,2.5,1200.0,1100.0,1998-02-03 03:00:00Z,0-25%,75-100%,['Bananas'],,Rainfed,"['Pruning', 'Weeding']",2.0,2.0,4.0,0.0,4.0,0.0,1000.0,980.0,960.0,2640.0,1320.0,660.0,It's picked from your farm,Supplier,
F-1707,1.0,Luwero,1,yes,4.0,yes,LDC,no,,yes,Agricultural Use,Customary,,no,,yes,,yes,,no,,,yes,,yes,,yes,,no,,yes,,yes,,yes,,no,,8.1,1151.2,5.5,2200.0,1800.0,2016-09-12 03:00:00Z,0-25%,75-100%,['Bananas'],,Rainfed,['Intercropping'],2.0,2.0,0.0,4.0,4.0,0.0,150.0,130.0,110.0,1000.0,800.0,100.0,It's picked from your farm,Supplier,
F-1708,1.0,Luwero,1,yes,5.0,no,,no,,yes,Agricultural Use,Customary,,no,,yes,,yes,,yes,yes,,yes,,yes,,yes,,no,,yes,,yes,,yes,,no,,6.0017467,1140.95,3.5,1400.0,300.0,2016-06-02 03:00:00Z,0-25%,75-100%,['Bananas'],,Rainfed,['Intercropping'],1.0,2.0,3.0,0.0,3.0,0.0,1000.0,980.0,960.0,1000.0,800.0,100.0,It's picked from your farm,Supplier,
F-1709,1.0,Kayunga,1,yes,4.0,no,,no,,yes,Agricultural Use,Agreement/lease,,no,,yes,,yes,,no,,,yes,,yes,,yes,,no,,yes,,yes,,yes,,no,,10.059,1066.8,2.5,1300.0,1000.0,2015-04-02 03:00:00Z,0-25%,75-100%,['Bananas'],,Rainfed,"['Using Fertilizers', 'Pruning', 'Weeding', 'Intercropping']",7.0,3.0,5.0,5.0,10.0,0.0,2000.0,1980.0,1000.0,1000.0,980.0,900.0,At a hulling station,Supplier,
F-1710,1.0,Kayunga,1,yes,2.0,no,,no,,yes,Agricultural Use,Title,,no,,yes,,yes,,yes,yes,,yes,,yes,,yes,,no,,yes,,yes,,yes,,no,,2.3,1135.962,2.5,1000.0,200.0,2006-09-02 03:00:00Z,0-25%,75-100%,['Bananas'],,Rainfed,['Using Fertilizers'],1.0,1.0,0.0,2.0,2.0,0.0,150.0,130.0,110.0,200.0,150.0,90.0,It's picked from your farm,Supplier,
F-1711,1.0,Luwero,1,yes,1.0,no,,no,,yes,Agricultural Use,Agreement/lease,,no,,yes,,yes,,no,,,yes,,yes,,yes,,no,,yes,,yes,,yes,,no,,3.7,1100.6,2.5,1000.0,400.0,1994-10-01 03:00:00Z,0-25%,75-100%,['Bananas'],,Rainfed,['Weeding'],1.0,1.0,1.0,1.0,1.0,1.0,6000.0,5980.0,300.0,300.0,280.0,270.0,It's picked from your farm,Supplier,
F-1712,1.0,Kayunga,1,yes,7.0,no,,no,,yes,Agricultural Use,Agreement/lease,,no,,yes,,yes,,no,,,yes,,yes,,Yes,,no,,yes,,yes,,yes,,no,,0.925,1043.328,2.5,1500.0,1470.0,1969-09-11 03:00:00Z,0-25%,75-100%,"['Bananas', 'Beans']",,Rainfed,"['Pruning', 'Weeding']",0.0,0.0,0.0,0.0,0.0,0.0,3000.0,2980.0,1500.0,1500.0,1480.0,1450.0,It's picked from your farm,Hulling Station representative,
F-1713,1.0,Luwero,1,yes,1.0,no,,no,,no,Agricultural Use,Title,,no,,yes,,yes,,no,,,yes,,yes,,yes,,no,,yes,,yes,,yes,,no,,16.937,1072.778809,5.5,2200.0,410.0,2000-12-12 03:00:00Z,0-25%,75-100%,['Bananas'],,Rainfed,['Using Fertilizers'],0.0,0.0,0.0,0.0,0.0,0.0,150.0,130.0,110.0,1000.0,800.0,50.0,It's picked from your farm,Supplier,
F-1714,1.0,Kayunga,1,no,6.0,no,,no,,no,Natural forest,Customary,,no,,yes,,yes,,yes,yes,,yes,,yes,,yes,,no,,yes,,yes,,yes,,no,,7.446,1117.3,2.0,800.0,600.0,2010-09-09 03:00:00Z,0-25%,75-100%,['Bananas'],,Rainfed,['Using Fertilizers'],1.0,1.0,2.0,0.0,2.0,0.0,1200.0,1180.0,600.0,600.0,580.0,300.0,It's picked from your farm,Supplier,
F-1715,1.0,Luwero,1,yes,15.0,no,,no,,yes,Agricultural Use,Agreement/lease,,no,,yes,,yes,,yes,yes,,yes,,yes,,yes,,no,,yes,,yes,,yes,,no,,12.5,1118.0,3.5,1400.0,366.0,2010-03-30 03:00:00Z,0-25%,75-100%,['Bananas'],,Rainfed,"['Pruning', 'Weeding']",0.0,2.0,2.0,0.0,2.0,0.0,1000.0,980.0,960.0,5000.0,1000.0,980.0,It's picked from your farm,Supplier,
F-1716,1.0,Luwero,1,yes,2.0,no,,no,,no,Agricultural Use,Agreement/lease,,no,,yes,,yes,,yes,yes,,yes,,yes,,yes,,no,,yes,,yes,,yes,,no,,20.682,1147.403,1.5,600.0,400.0,1999-09-15 03:00:00Z,0-25%,75-100%,"['Bananas', 'Beans']",,Rainfed,"['Weeding', 'Intercropping', 'Pruning']",0.0,1.0,0.0,1.0,1.0,0.0,200.0,180.0,160.0,300.0,200.0,180.0,It's picked from your farm,Supplier,
F-1717,1.0,Luwero,3,yes,7.0,no,,no,,yes,Agricultural Use,Customary,,no,,yes,,yes,,yes,yes,,yes,,yes,,yes,,no,,yes,,yes,,yes,,no,,9.5,1169.0,5.5,2200.0,1800.0,2009-08-08 03:00:00Z,0-25%,75-100%,['Bananas'],,Rainfed,"['Using Fertilizers', 'Pruning', 'Weeding', 'Intercropping']",2.0,6.0,6.0,2.0,8.0,0.0,150.0,130.0,110.0,500.0,480.0,450.0,It's picked from your farm,Supplier,
F-1718,1.0,Kayunga,1,yes,6.0,no,,no,,yes,Agricultural Use,Agreement/lease,,no,,yes,,yes,,no,,,yes,,yes,,yes,,no,,yes,,yes,,yes,,no,,0.77552617,1067.254,2.5,1200.0,1000.0,2014-04-07 03:00:00Z,0-25%,75-100%,['Bananas'],,Rainfed,"['Pruning', 'Weeding', 'Intercropping']",5.0,4.0,4.0,5.0,9.0,0.0,150.0,130.0,110.0,1000.0,980.0,900.0,It's picked from your farm,Supplier,
F-1719,1.0,Kayunga,1,yes,8.0,no,,no,,yes,Agricultural Use,Agreement/lease,,no,,yes,,yes,,no,,,yes,,yes,,yes,,no,,yes,,yes,,yes,,no,,1.8535527,1107.342,3.15,1700.0,1500.0,1996-06-09 03:00:00Z,0-25%,75-100%,['Bananas'],,Rainfed,"['Pruning', 'Weeding', 'Intercropping']",5.0,4.0,4.0,5.0,9.0,0.0,3000.0,2980.0,1500.0,1500.0,1480.0,1350.0,It's picked from your farm,Supplier,
F-1720,1.0,Kayunga,1,yes,1.0,no,,no,,yes,Agricultural Use,Title,,no,,yes,,yes,,yes,yes,,yes,,yes,,yes,,no,,yes,,yes,,yes,,no,,9.3,992.4,1.5,850.0,800.0,1998-01-02 03:00:00Z,0-25%,75-100%,"['Bananas', 'Cocoa']",,Rainfed,"['Using Fertilizers', 'Weeding', 'Intercropping']",1.0,0.0,0.0,1.0,1.0,0.0,1600.0,1580.0,1000.0,1000.0,980.0,500.0,It's picked from your farm,Supplier,
F-1721,1.0,Kayunga,1,no,4.0,no,,no,,no,Agricultural Use,Agreement/lease,,no,,yes,,yes,,no,,,yes,,yes,,yes,,no,,yes,,yes,,yes,,no,,0.9366683,1101.309,3.0,1200.0,1170.0,2013-06-06 03:00:00Z,0-25%,75-100%,['Bananas'],,Rainfed,['Using Fertilizers'],2.0,1.0,0.0,3.0,3.0,0.0,150.0,130.0,110.0,900.0,880.0,700.0,It's picked from your farm,Cooperative representative,
F-1722,1.0,Luwero,1,yes,6.0,no,,no,,yes,Agricultural Use,Agreement/lease,,no,,yes,,yes,,yes,yes,,yes,,yes,,yes,,no,,yes,,yes,,yes,,no,,8.0,1085.0,3.5,1400.0,1200.0,2005-03-21 03:00:00Z,0-25%,75-100%,"['Bananas', 'Beans']",,Rainfed,"['Pruning', 'Weeding', 'Intercropping']",2.0,3.0,0.0,5.0,5.0,0.0,1000.0,980.0,960.0,1350.0,1340.0,1200.0,It's picked from your farm,Supplier,
F-1723,1.0,Kayunga,1,no,8.0,no,,no,,no,Agricultural Use,Agreement/lease,,no,,yes,,yes,,no,,,yes,,yes,,yes,,no,,yes,,yes,,yes,,no,,1.0046839,1071.253,3.0,1600.0,1500.0,2013-06-08 03:00:00Z,0-25%,75-100%,"['Bananas', 'Beans']",,Rainfed,"['Using Fertilizers', 'Pruning', 'Weeding', 'Intercropping']",4.0,4.0,4.0,4.0,8.0,0.0,150.0,130.0,110.0,1500.0,1480.0,1350.0,It's picked from your farm,Supplier,
F-1724,1.0,Luwero,1,yes,3.0,yes,LDC,no,,yes,Agricultural Use,Agreement/lease,,no,,yes,,yes,,yes,yes,,yes,,yes,,yes,,no,,yes,,yes,,yes,,no,,1.754,1072.5,3.0,1200.0,1000.0,1999-03-03 03:00:00Z,0-25%,75-100%,['Beans'],,Rainfed,['Using Fertilizers'],0.0,3.0,0.0,3.0,3.0,0.0,150.0,130.0,110.0,200.0,180.0,170.0,It's picked from your farm,Supplier,
F-1725,1.0,Luwero,2,no,5.0,no,,no,,no,Agricultural Use,Customary,others,no,,yes,,yes,,yes,yes,,yes,,yes,,yes,,no,,yes,,yes,,yes,,no,,9.831,1053.610229,3.5,1400.0,250.0,2011-08-05 03:00:00Z,0-25%,75-100%,"['Bananas', 'Beans']",,Rainfed,['Using Fertilizers'],3.0,3.0,2.0,4.0,5.0,1.0,1000.0,980.0,960.0,300.0,100.0,90.0,It's picked from your farm,Supplier,
F-1726,1.0,Kayunga,1,yes,5.0,no,,no,,no,Natural forest,Customary,,no,,yes,,yes,,yes,yes,,yes,,yes,,yes,,no,,yes,,yes,,yes,,no,,2.1,1087.6,2.0,800.0,600.0,1995-07-09 03:00:00Z,0-25%,75-100%,['Bananas'],,Rainfed,['Using Fertilizers'],1.0,0.0,1.0,0.0,1.0,0.0,1200.0,1180.0,600.0,600.0,580.0,300.0,It's picked from your farm,Supplier,
F-1727,1.0,Kayunga,1,no,6.0,no,,no,,no,Agricultural Use,Agreement/lease,,no,,yes,,yes,,yes,yes,,yes,,yes,,Yes,,no,,yes,,yes,,yes,,no,,0.6672387,1092.632,2.0,950.0,900.0,2015-02-13 03:00:00Z,0-25%,75-100%,['Bananas'],,Rainfed,['Using Fertilizers'],2.0,0.0,0.0,2.0,2.0,0.0,800.0,780.0,600.0,600.0,580.0,500.0,It's picked from your farm,Cooperative representative,
F-1728,1.0,Kayunga,1,yes,10.0,no,,no,,no,Natural forest,Customary,,no,,yes,,yes,,yes,yes,,yes,,yes,,yes,,no,,yes,,yes,,yes,,no,,4.711,1075.5,3.0,1200.0,1150.0,1996-07-07 03:00:00Z,0-25%,75-100%,['Bananas'],,Rainfed,['Using Fertilizers'],0.0,1.0,1.0,0.0,1.0,0.0,2000.0,1980.0,1000.0,1000.0,980.0,500.0,It's picked from your farm,Supplier,
F-1729,1.0,Luwero,1,yes,7.0,no,,no,,no,Agricultural Use,Agreement/lease,,no,,yes,,yes,,yes,yes,,yes,,yes,,yes,,no,,yes,,yes,,yes,,no,,3.046,1114.203,1.5,600.0,400.0,2000-06-18 03:00:00Z,0-25%,75-100%,"['Bananas', 'Beans']",,Rainfed,"['Pruning', 'Weeding', 'Intercropping']",1.0,1.0,0.0,2.0,2.0,0.0,1000.0,980.0,960.0,300.0,280.0,200.0,It's picked from your farm,Supplier,
F-1730,1.0,Kayunga,1,yes,5.0,no,,no,,yes,Agricultural Use,Title,,no,,yes,,yes,,yes,yes,,yes,,yes,,yes,,no,,yes,,yes,,yes,,no,,6.3,1088.6,3.5,1400.0,450.0,1980-12-02 03:00:00Z,0-25%,75-100%,"['Bananas', 'Beans']",,Rainfed,"['Using Fertilizers', 'Pruning', 'Weeding', 'Intercropping']",1.0,2.0,1.0,2.0,3.0,0.0,5000.0,4980.0,2500.0,2500.0,2480.0,1700.0,It's picked from your farm,Supplier,
F-1731,1.0,Luwero,1,yes,4.0,yes,LDC,no,,yes,Agricultural Use,Agreement/lease,,no,,yes,,yes,,yes,yes,,yes,,yes,,yes,,no,,yes,,yes,,yes,,no,,2.5937703,1031.983,5.5,2200.0,330.0,2001-03-05 03:00:00Z,0-25%,75-100%,['Bananas'],,Rainfed,['Intercropping'],3.0,2.0,2.0,3.0,5.0,0.0,150.0,130.0,110.0,1000.0,800.0,40.0,It's picked from your farm,Supplier,
F-1732,1.0,Luwero,1,yes,9.0,no,,no,,no,Agricultural Use,Customary,,no,,yes,,yes,,yes,yes,,yes,,yes,,yes,,no,,yes,,yes,,yes,,no,,2.077,1140.9,3.0,1400.0,1350.0,2007-08-14 03:00:00Z,0-25%,75-100%,"['Bananas', 'Beans']",,Rainfed,"['Using Fertilizers', 'Pruning', 'Weeding', 'Intercropping']",2.0,0.0,1.0,1.0,2.0,0.0,1000.0,980.0,960.0,500.0,480.0,450.0,It's picked from your farm,Supplier,
F-1733,1.0,Nakeseke,1,no,7.0,no,,no,,yes,Agricultural Use,Agreement/lease,,no,,yes,,yes,,yes,yes,,yes,,yes,,yes,,no,,yes,,yes,,yes,,no,,1.541,1063.819,5.5,2200.0,1150.0,2014-05-19 03:00:00Z,0-25%,75-100%,['Bananas'],,Rainfed,"['Weeding', 'Using Fertilizers', 'Pruning']",2.0,0.0,2.0,0.0,2.0,0.0,150.0,130.0,110.0,4140.0,2300.0,1352.0,It's picked from your farm,Supplier,
F-1734,1.0,Luwero,1,yes,8.0,no,,no,,yes,Agricultural Use,Customary,,no,,yes,,yes,,no,,,yes,,yes,,yes,,no,,yes,,yes,,yes,,no,,1.1641523,1161.326,5.5,3300.0,3000.0,2008-08-07 03:00:00Z,0-25%,75-100%,['Bananas'],,Rainfed,['Intercropping'],1.0,1.0,2.0,0.0,2.0,0.0,150.0,130.0,110.0,400.0,380.0,300.0,somewhere else,Supplier,
F-1735,1.0,Luwero,1,yes,4.0,no,,no,,no,Agricultural Use,Agreement/lease,,no,,yes,,yes,,yes,yes,,yes,,yes,,yes,,no,,yes,,yes,,yes,,no,,1.282,1114.933,2.5,1000.0,800.0,1998-03-15 03:00:00Z,0-25%,75-100%,['Bananas'],,Rainfed,"['Pruning', 'Weeding', 'Intercropping']",2.0,2.0,0.0,4.0,4.0,0.0,700.0,680.0,600.0,600.0,580.0,560.0,It's picked from your farm,Supplier,
F-1736,1.0,Luwero,1,yes,4.0,no,,no,,no,Agricultural Use,Agreement/lease,,no,,yes,,yes,,yes,yes,,yes,,yes,,yes,,no,,yes,,yes,,yes,,no,,1.298,1081.809,3.5,1400.0,200.0,1999-09-18 03:00:00Z,0-25%,75-100%,"['Bananas', 'Beans']",,Rainfed,"['Pruning', 'Weeding', 'Intercropping']",1.0,1.0,0.0,2.0,2.0,0.0,1000.0,980.0,960.0,400.0,200.0,180.0,It's picked from your farm,Supplier,
F-1737,1.0,Kayunga,1,yes,4.0,no,,no,,yes,Agricultural Use,Customary,,no,,yes,,yes,,no,,,yes,,yes,,yes,,no,,yes,,yes,,yes,,no,,0.8276181,1062.027,3.0,1800.0,1500.0,2009-05-08 03:00:00Z,0-25%,75-100%,['Bananas'],,Rainfed,"['Using Fertilizers', 'Pruning', 'Weeding', 'Intercropping']",10.0,5.0,5.0,10.0,15.0,0.0,3000.0,2980.0,1500.0,1500.0,1480.0,1350.0,At a hulling station,Supplier,
F-1738,1.0,Luwero,1,yes,4.0,no,,no,,yes,Agricultural Use,Title,,no,,yes,,yes,,no,,,yes,,yes,,yes,,no,,yes,,yes,,yes,,no,,6.46,1025.274,5.5,2200.0,1050.0,1998-03-23 03:00:00Z,0-25%,75-100%,['Bananas'],,Rainfed,['Intercropping'],1.0,2.0,0.0,3.0,3.0,0.0,150.0,130.0,110.0,1657.0,1655.0,1491.0,At a hulling station,Supplier,
F-1739,1.0,Luwero,1,yes,7.0,no,,no,,yes,Agricultural Use,Title,,no,,yes,,yes,,no,,,yes,,yes,,yes,,no,,yes,,yes,,yes,,no,,2.5,1117.9,3.0,1250.0,1200.0,2005-05-04 03:00:00Z,0-25%,75-100%,"['Bananas', 'Beans']",,Rainfed,"['Intercropping', 'Using Fertilizers']",2.0,2.0,4.0,0.0,4.0,0.0,1000.0,980.0,600.0,600.0,580.0,400.0,It's picked from your farm,Supplier,
F-1740,1.0,Kayunga,1,yes,13.0,no,,no,,no,Agricultural Use,Title,,no,,yes,,yes,,yes,yes,,yes,,yes,,yes,,no,,yes,,yes,,yes,,no,,2.7,1064.4,5.5,2200.0,1000.0,2013-09-12 03:00:00Z,0-25%,75-100%,"['Bananas', 'Tobacco', 'Beans']",,Both(Rainfed+Irrigated),['Using Fertilizers'],2.0,5.0,2.0,5.0,4.0,3.0,150.0,130.0,110.0,1000.0,800.0,45.0,At a hulling station,Supplier,
F-1741,1.0,Kayunga,1,yes,8.0,no,,no,,no,Agricultural Use,Agreement/lease,,no,,yes,,yes,,no,,,yes,,yes,,yes,,no,,yes,,yes,,yes,,no,,0.83937293,1046.28,3.5,1700.0,1500.0,1990-05-08 03:00:00Z,0-25%,75-100%,['Bananas'],,Rainfed,"['Using Fertilizers', 'Pruning', 'Weeding', 'Intercropping']",8.0,2.0,2.0,8.0,10.0,0.0,3000.0,2980.0,1500.0,1500.0,1480.0,1350.0,It's picked from your farm,Supplier,
F-1742,1.0,Nakeseke,1,yes,4.0,no,,no,,yes,Agricultural Use,Title,,no,,yes,,yes,,yes,yes,,yes,,yes,,yes,,no,,yes,,yes,,yes,,no,,1.472,1046.748,5.5,2200.0,1020.0,2011-03-07 03:00:00Z,0-25%,75-100%,"['Bananas', 'Beans']",,Rainfed,"['Pruning', 'Weeding', 'Intercropping']",2.0,0.0,2.0,0.0,2.0,0.0,150.0,130.0,110.0,5508.0,3060.0,1688.0,It's picked from your farm,Supplier,
F-1743,1.0,Luwero,1,yes,8.0,no,,no,,no,Agricultural Use,Agreement/lease,,no,,yes,,yes,,yes,yes,,yes,,yes,,yes,,no,,yes,,yes,,yes,,no,,2.131,1152.861,2.5,1000.0,200.0,2019-07-18 03:00:00Z,0-25%,75-100%,['Bananas'],,Rainfed,"['Pruning', 'Weeding', 'Intercropping']",1.0,3.0,0.0,4.0,4.0,0.0,1000.0,980.0,900.0,900.0,880.0,860.0,It's picked from your farm,Supplier,
F-1744,1.0,Kayunga,1,yes,7.0,no,,no,,yes,Agricultural Use,Customary,,no,,yes,,yes,,yes,yes,,yes,,yes,,yes,,no,,yes,,yes,,yes,,no,,2.2,1077.2,4.0,1820.0,1800.0,1990-04-11 03:00:00Z,0-25%,75-100%,['Bananas'],,Rainfed,['Intercropping'],3.0,0.0,3.0,0.0,3.0,0.0,5400.0,5380.0,2700.0,2700.0,2680.0,1350.0,It's picked from your farm,Supplier,
F-1745,1.0,Luwero,1,yes,4.0,no,,no,,yes,Agricultural Use,Title,,no,,yes,,yes,,no,,,yes,,yes,,yes,,no,,yes,,yes,,yes,,no,,1.052,1214.921,5.5,2200.0,1000.0,2010-08-22 03:00:00Z,0-25%,75-100%,['Bananas'],,Rainfed,['Intercropping'],2.0,2.0,2.0,2.0,4.0,0.0,150.0,130.0,110.0,600.0,580.0,350.0,It's picked from your farm,Supplier,
F-1746,1.0,Kayunga,1,yes,3.0,no,,no,,yes,Agricultural Use,Agreement/lease,,no,,yes,,yes,,no,,,yes,,yes,,yes,,no,,yes,,yes,,yes,,no,,2.3,1077.900024,3.5,1650.0,1600.0,2018-09-12 03:00:00Z,0-25%,75-100%,['Bananas'],,Rainfed,"['Weeding', 'Intercropping']",5.0,5.0,6.0,4.0,10.0,0.0,4000.0,3980.0,2000.0,2000.0,1980.0,1800.0,At a hulling station,Supplier,
F-1747,1.0,Nakeseke,1,yes,7.0,no,,no,,no,Agricultural Use,Agreement/lease,,no,,yes,,yes,,yes,yes,,yes,,yes,,yes,,no,,yes,,yes,,yes,,no,,1.388,1095.042,5.5,2200.0,1290.0,1999-03-20 03:00:00Z,0-25%,75-100%,"['Bananas', 'Beans']",,Rainfed,"['Weeding', 'Intercropping', 'Pruning']",2.0,0.0,2.0,0.0,2.0,0.0,150.0,130.0,110.0,4644.0,2580.0,1470.0,It's picked from your farm,Supplier,
F-1748,1.0,Luwero,1,yes,4.0,no,,no,,yes,Agricultural Use,Agreement/lease,,no,,yes,,yes,,yes,yes,,yes,,yes,,yes,,no,,yes,,yes,,yes,,no,,7.5,1078.0,5.5,2200.0,310.0,2009-06-23 03:00:00Z,0-25%,75-100%,['Bananas'],,Rainfed,"['Using Fertilizers', 'Pruning', 'Weeding']",3.0,2.0,0.0,5.0,5.0,0.0,150.0,130.0,110.0,5000.0,4980.0,500.0,At a hulling station,Hulling Station representative,
F-1749,1.0,Kayunga,1,yes,9.0,no,,no,,no,Agricultural Use,Agreement/lease,,no,,yes,,yes,,yes,yes,,yes,,yes,,yes,,no,,yes,,yes,,yes,,no,,12.3,1089.0,3.5,1400.0,900.0,1995-02-19 03:00:00Z,0-25%,75-100%,"['Bananas', 'Beans']",,Rainfed,"['Pruning', 'Weeding', 'Intercropping']",1.0,1.0,1.0,1.0,2.0,0.0,1000.0,980.0,960.0,1350.0,1340.0,1200.0,It's picked from your farm,Supplier,
F-1750,1.0,Luwero,1,yes,5.0,no,,no,,yes,Agricultural Use,Customary,,no,,yes,,yes,,yes,yes,,yes,,yes,,yes,,no,,yes,,yes,,yes,,no,,9.5,1137.1,2.5,1000.0,920.0,2008-06-07 03:00:00Z,0-25%,75-100%,"['Bananas', 'Beans']",,Rainfed,"['Using Fertilizers', 'Pruning', 'Weeding', 'Intercropping']",1.0,1.0,1.0,1.0,2.0,0.0,900.0,880.0,450.0,450.0,440.0,405.0,It's picked from your farm,Supplier,
F-1751,1.0,Kayunga,1,yes,5.0,no,,no,,no,Agricultural Use,Agreement/lease,,no,,yes,,yes,,no,,,yes,,yes,,yes,,no,,yes,,yes,,yes,,no,,3.1,1094.9,3.0,1200.0,900.0,2008-03-12 03:00:00Z,0-25%,75-100%,['Bananas'],,Rainfed,['Using Fertilizers'],3.0,0.0,0.0,3.0,3.0,0.0,1000.0,980.0,960.0,800.0,780.0,699.0,It's picked from your farm,Cooperative representative,
F-1752,1.0,Kayunga,1,yes,5.0,no,,no,,yes,Agricultural Use,Agreement/lease,,no,,yes,,yes,,no,,,yes,,yes,,yes,,no,,yes,,yes,,yes,,no,,2.7,1082.7,3.0,1250.0,1200.0,1998-08-12 03:00:00Z,0-25%,75-100%,['Bananas'],,Rainfed,"['Intercropping', 'Weeding']",5.0,5.0,4.0,6.0,10.0,0.0,2600.0,2580.0,1300.0,1300.0,1280.0,1200.0,At a hulling station,Supplier,
F-1753,1.0,Kayunga,1,yes,2.0,no,,no,,no,Agricultural Use,Agreement/lease,,no,,yes,,yes,,no,,,yes,,yes,,yes,,no,,yes,,yes,,yes,,no,,4.848,1050.9,3.0,1200.0,700.0,1979-09-24 03:00:00Z,0-25%,75-100%,"['Bananas', 'Beans']",,Rainfed,"['Weeding', 'Intercropping', 'Pruning']",0.0,2.0,0.0,2.0,2.0,0.0,150.0,130.0,110.0,450.0,440.0,350.0,It's picked from your farm,other,Highest Bidder
F-1754,1.0,Kayunga,1,yes,1.0,no,,no,,no,Natural forest,Title,,no,,yes,,yes,,no,,,yes,,yes,,yes,,no,,yes,,yes,,yes,,no,,10.0,1127.4,5.5,2200.0,400.0,2000-12-12 03:00:00Z,0-25%,75-100%,['Bananas'],,Rainfed,['Using Fertilizers'],0.0,0.0,0.0,0.0,0.0,0.0,150.0,130.0,110.0,1000.0,800.0,55.0,It's picked from your farm,Supplier,
F-1755,1.0,Kayunga,1,yes,12.0,no,,no,,yes,Agricultural Use,Agreement/lease,,no,,yes,,yes,,no,,,yes,,yes,,yes,,no,,yes,,yes,,yes,,no,,8.7,1046.5,2.5,1000.0,800.0,2000-09-09 03:00:00Z,0-25%,75-100%,['Bananas'],,Rainfed,['Weeding'],5.0,3.0,2.0,6.0,8.0,0.0,1600.0,1580.0,800.0,800.0,780.0,650.0,At a hulling station,Supplier,
F-1756,1.0,Luwero,1,yes,4.0,yes,LDC,no,,yes,Agricultural Use,Agreement/lease,,no,,yes,,yes,,yes,yes,,yes,,yes,,yes,,no,,yes,,yes,,yes,,no,,1.3475012,1157.608,5.5,2200.0,200.0,2017-02-02 03:00:00Z,0-25%,75-100%,['Bananas'],,Rainfed,['Intercropping'],2.0,3.0,1.0,4.0,5.0,0.0,150.0,130.0,110.0,150.0,140.0,80.0,It's picked from your farm,Supplier,
F-1757,1.0,Kayunga,1,yes,8.0,no,,no,,yes,Agricultural Use,Agreement/lease,,no,,yes,,yes,,no,,,yes,,yes,,yes,,no,,yes,,yes,,yes,,no,,1.616287,1048.12,3.15,1700.0,1500.0,2000-05-08 03:00:00Z,0-25%,75-100%,"['Bananas', 'Tobacco', 'Beans']",,Rainfed,"['Using Fertilizers', 'Pruning', 'Weeding', 'Intercropping']",7.0,4.0,7.0,4.0,11.0,0.0,1000.0,980.0,960.0,1500.0,1480.0,1350.0,At a hulling station,Supplier,
F-1758,1.0,Kayunga,1,no,6.0,no,,no,,no,Agricultural Use,Title,,no,,yes,,yes,,yes,yes,,yes,,yes,,yes,,no,,yes,,yes,,yes,,no,,1.733,1108.2,3.2,1280.0,200.0,2016-09-12 03:00:00Z,0-25%,75-100%,"['Bananas', 'Tobacco']",,Both(Rainfed+Irrigated),['Using Fertilizers'],1.0,2.0,1.0,2.0,2.0,1.0,150.0,130.0,110.0,1000.0,800.0,100.0,At a hulling station,Supplier,
F-1759,1.0,Luwero,1,yes,8.0,no,,no,,yes,Agricultural Use,Title,,no,,yes,,yes,,no,,,yes,,yes,,yes,,no,,yes,,yes,,yes,,no,,9.565,1156.1,3.0,1300.0,1200.0,2019-04-01 03:00:00Z,0-25%,75-100%,"['Bananas', 'Beans']",,Rainfed,"['Using Fertilizers', 'Pruning', 'Weeding', 'Intercropping']",2.0,4.0,6.0,0.0,6.0,0.0,1000.0,980.0,960.0,1500.0,1480.0,1345.0,It's picked from your farm,Supplier,
F-1760,1.0,Kayunga,1,yes,10.0,no,,no,,yes,Agricultural Use,Agreement/lease,,no,,yes,,yes,,yes,yes,,yes,,yes,,yes,,no,,yes,,yes,,yes,,no,,1.825,1058.1,5.0,2000.0,1800.0,2001-08-09 03:00:00Z,0-25%,75-100%,"['Bananas', 'Beans']",,Rainfed,"['Using Fertilizers', 'Pruning', 'Weeding', 'Intercropping']",4.0,3.0,5.0,2.0,7.0,0.0,2000.0,1980.0,350.0,2200.0,2180.0,400.0,It's picked from your farm,Supplier,
F-1761,1.0,Kayunga,1,yes,4.0,yes,LDC,no,,no,Agricultural Use,Customary,,no,,yes,,yes,,no,,,yes,,yes,,yes,,no,,yes,,yes,,yes,,no,,18.283,1069.0,3.0,1200.0,1000.0,2010-09-13 03:00:00Z,0-25%,75-100%,"['Bananas', 'Beans']",,Rainfed,"['Intercropping', 'Weeding']",3.0,2.0,3.0,2.0,5.0,0.0,150.0,130.0,110.0,1000.0,980.0,850.0,It's picked from your farm,Supplier,
F-1762,1.0,Nakeseke,1,no,5.0,no,,no,,yes,Agricultural Use,Agreement/lease,,no,,yes,,yes,,yes,yes,,yes,,yes,,yes,,no,,yes,,yes,,yes,,no,,2.221,1107.113,5.5,2200.0,1740.0,2000-03-05 03:00:00Z,0-25%,75-100%,"['Bananas', 'Beans']",,Rainfed,"['Pruning', 'Weeding']",2.0,2.0,4.0,0.0,4.0,0.0,150.0,130.0,110.0,9396.0,5220.0,3262.0,It's picked from your farm,Supplier,
F-1763,1.0,Kayunga,1,yes,5.0,no,,no,,yes,Agricultural Use,Customary,,no,,yes,,yes,,yes,yes,,yes,,yes,,yes,,no,,yes,,yes,,yes,,no,,2.16,1051.0,2.5,1200.0,1000.0,2001-07-09 03:00:00Z,0-25%,75-100%,['Bananas'],,Rainfed,"['Using Fertilizers', 'Pruning', 'Weeding']",2.0,2.0,4.0,0.0,4.0,0.0,2000.0,1980.0,1000.0,1000.0,980.0,800.0,It's picked from your farm,Supplier,
F-1764,1.0,Luwero,1,yes,8.0,no,,no,,yes,Agricultural Use,Customary,,no,,yes,,yes,,yes,yes,,yes,,yes,,yes,,no,,yes,,yes,,yes,,no,,10.0,1135.0,2.5,1350.0,1320.0,2008-04-06 03:00:00Z,0-25%,75-100%,"['Bananas', 'Beans']",,Rainfed,"['Using Fertilizers', 'Pruning', 'Intercropping', 'Weeding']",2.0,0.0,0.0,2.0,2.0,0.0,1000.0,980.0,500.0,500.0,480.0,450.0,It's picked from your farm,Supplier,
F-1765,1.0,Luwero,1,yes,6.0,no,,no,,yes,Agricultural Use,Customary,,no,,yes,,yes,,no,,,yes,,yes,,yes,,no,,yes,,yes,,yes,,no,,12.9,1190.7,3.5,1400.0,800.0,2010-09-12 03:00:00Z,0-25%,75-100%,['Bananas'],,Rainfed,['Intercropping'],3.0,3.0,0.0,6.0,6.0,0.0,1000.0,980.0,960.0,1000.0,800.0,100.0,It's picked from your farm,Supplier,
F-1766,1.0,Luwero,1,yes,6.0,yes,Ibero,no,,yes,Agricultural Use,Agreement/lease,,no,,yes,,yes,,no,,,yes,,yes,,yes,,no,,yes,,yes,,yes,,no,,10.833,1109.0,3.5,1400.0,310.0,1996-08-25 03:00:00Z,0-25%,75-100%,['Bananas'],,Rainfed,"['Using Fertilizers', 'Pruning', 'Weeding']",1.0,2.0,3.0,0.0,3.0,0.0,400.0,380.0,200.0,200.0,180.0,160.0,It's picked from your farm,Cooperative representative,
F-1767,1.0,Kayunga,1,yes,12.0,no,,no,,no,Natural forest,Customary,,no,,yes,,yes,,yes,yes,,yes,,yes,,yes,,no,,yes,,yes,,yes,,no,,6.927,1067.2,1.6,960.0,930.0,1999-09-12 03:00:00Z,0-25%,75-100%,['Beans'],,Rainfed,['Using Fertilizers'],4.0,6.0,6.0,4.0,8.0,2.0,800.0,780.0,400.0,400.0,380.0,370.0,At a cooperative,Cooperative representative,
F-1768,1.0,Kayunga,1,yes,6.0,no,,no,,no,Agricultural Use,Agreement/lease,,no,,yes,,yes,,yes,yes,,yes,,yes,,yes,,no,,yes,,yes,,yes,,no,,6.6,1061.2,1.5,900.0,870.0,1960-05-16 03:00:00Z,0-25%,75-100%,"['Bananas', 'Beans']",,Rainfed,"['Pruning', 'Weeding', 'Intercropping']",1.0,1.0,2.0,0.0,2.0,0.0,1800.0,1780.0,900.0,900.0,880.0,800.0,It's picked from your farm,Supplier,
F-1769,1.0,Luwero,1,yes,4.0,no,,no,,yes,Agricultural Use,Customary,,no,,yes,,yes,,no,,,yes,,yes,,yes,,no,,yes,,yes,,yes,,no,,9.3,1129.8,3.5,2100.0,2070.0,2018-09-12 03:00:00Z,0-25%,75-100%,['Bananas'],,Rainfed,['Intercropping'],2.0,2.0,0.0,4.0,4.0,0.0,2000.0,1980.0,150.0,1000.0,800.0,100.0,It's picked from your farm,Supplier,
F-1770,1.0,Luwero,1,yes,8.0,no,,no,,yes,Agricultural Use,Customary,,no,,yes,,yes,,yes,yes,,yes,,yes,,yes,,no,,yes,,yes,,yes,,no,,1.9,1116.5,5.0,2300.0,2250.0,2007-06-07 03:00:00Z,0-25%,75-100%,"['Bananas', 'Beans']",,Rainfed,"['Using Fertilizers', 'Pruning', 'Weeding', 'Intercropping']",2.0,1.0,2.0,1.0,3.0,0.0,1000.0,980.0,960.0,1000.0,980.0,900.0,It's picked from your farm,Supplier,
F-1771,1.0,Luwero,1,yes,5.0,no,,no,,yes,Agricultural Use,Title,,no,,yes,,yes,,no,,,yes,,yes,,yes,,no,,yes,,yes,,yes,,no,,4.342,1140.977,3.5,1780.0,1680.0,2000-12-10 03:00:00Z,0-25%,75-100%,['Bananas'],,Rainfed,['Weeding'],3.0,3.0,2.0,4.0,6.0,0.0,1000.0,980.0,960.0,1800.0,1780.0,1680.0,It's picked from your farm,Supplier,
F-1772,1.0,Nakeseke,1,yes,5.0,no,,no,,yes,Agricultural Use,Agreement/lease,,no,,yes,,yes,,no,,,yes,,yes,,yes,,no,,yes,,yes,,yes,,no,,1.647,1106.372,5.5,2200.0,2000.0,1999-07-08 03:00:00Z,0-25%,75-100%,['Bananas'],,Rainfed,['Intercropping'],1.0,1.0,2.0,0.0,2.0,0.0,150.0,130.0,110.0,800.0,780.0,500.0,It's picked from your farm,Supplier,
F-1773,1.0,Kayunga,1,yes,12.0,no,,no,,no,Natural forest,Customary,,no,,yes,,yes,,yes,yes,,yes,,yes,,yes,,no,,yes,,yes,,yes,,no,,6.258,1065.0,3.0,1200.0,800.0,2000-03-07 03:00:00Z,0-25%,75-100%,['Bananas'],,Rainfed,['Using Fertilizers'],1.0,1.0,2.0,0.0,2.0,0.0,1600.0,1580.0,800.0,800.0,780.0,400.0,It's picked from your farm,Supplier,
F-1774,1.0,Kayunga,1,yes,5.0,no,,no,,no,Agricultural Use,Agreement/lease,,no,,yes,,yes,,no,,,yes,,yes,,yes,,no,,yes,,yes,,yes,,no,,1.625,1043.6,3.2,1300.0,1200.0,1989-04-14 03:00:00Z,0-25%,75-100%,['Bananas'],,Rainfed,"['Using Fertilizers', 'Pruning', 'Weeding']",2.0,2.0,0.0,4.0,4.0,0.0,1000.0,980.0,960.0,600.0,580.0,500.0,It's picked from your farm,Supplier,
F-1775,1.0,Kayunga,1,yes,4.0,no,,no,,yes,Agricultural Use,Agreement/lease,,no,,yes,,yes,,no,,,yes,,yes,,yes,,no,,yes,,yes,,yes,,no,,3.3,1149.4,3.0,1200.0,1000.0,2015-08-12 03:00:00Z,0-25%,75-100%,['Bananas'],,Rainfed,"['Intercropping', 'Weeding']",3.0,3.0,2.0,4.0,6.0,0.0,2000.0,1980.0,1000.0,1000.0,980.0,900.0,At a hulling station,Supplier,
F-1776,1.0,Kayunga,1,no,5.0,no,,no,,yes,Agricultural Use,Customary,,no,,yes,,yes,,no,,,yes,,yes,,yes,,no,,yes,,yes,,yes,,no,,0.98493403,1033.388,2.15,1200.0,1000.0,2018-04-07 03:00:00Z,0-25%,75-100%,"['Bananas', 'Beans']",,Rainfed,"['Pruning', 'Weeding', 'Intercropping']",6.0,2.0,6.0,2.0,8.0,0.0,150.0,130.0,110.0,1000.0,980.0,900.0,It's picked from your farm,Supplier,
F-1777,1.0,Kayunga,1,yes,2.0,no,,no,,no,Agricultural Use,Title,,no,,yes,,yes,,yes,yes,,yes,,yes,,yes,,no,,yes,,yes,,yes,,no,,1.483,1102.3,2.0,950.0,900.0,1998-02-24 03:00:00Z,0-25%,75-100%,"['Bananas', 'Tobacco']",,Rainfed,"['Using Fertilizers', 'Weeding', 'Intercropping']",1.0,0.0,0.0,1.0,1.0,0.0,900.0,880.0,500.0,500.0,480.0,250.0,It's picked from your farm,Supplier,
F-1778,1.0,Kayunga,1,yes,6.0,yes,LDC,no,,yes,Agricultural Use,Agreement/lease,,no,,yes,,yes,,no,,,yes,,yes,,yes,,no,,yes,,yes,,yes,,no,,17.616,1068.9,3.0,1200.0,1000.0,1998-05-12 03:00:00Z,0-25%,75-100%,"['Bananas', 'Beans']",,Rainfed,"['Intercropping', 'Weeding']",3.0,4.0,3.0,4.0,7.0,0.0,150.0,130.0,110.0,1000.0,980.0,850.0,It's picked from your farm,Supplier,
F-1779,1.0,Kayunga,1,yes,6.0,no,,no,,yes,Agricultural Use,Agreement/lease,,no,,yes,,yes,,yes,yes,,yes,,yes,,yes,,no,,yes,,yes,,yes,,no,,1.75,1040.0,2.2,1200.0,1100.0,2008-07-09 03:00:00Z,0-25%,75-100%,"['Bananas', 'Beans']",,Rainfed,"['Using Fertilizers', 'Pruning', 'Weeding', 'Intercropping']",2.0,3.0,3.0,2.0,5.0,0.0,1000.0,980.0,800.0,800.0,780.0,700.0,At a hulling station,Supplier,
F-1780,1.0,Luwero,1,yes,5.0,no,,no,,yes,Agricultural Use,Title,,no,,yes,,yes,,no,,,yes,,yes,,yes,,no,,yes,,yes,,yes,,no,,3.487,1106.199951,5.5,2200.0,1200.0,2000-09-23 03:00:00Z,0-25%,75-100%,['Bananas'],,Rainfed,['Intercropping'],1.0,2.0,2.0,1.0,3.0,0.0,150.0,130.0,110.0,800.0,780.0,400.0,It's picked from your farm,Supplier,
F-1781,1.0,Kayunga,1,yes,8.0,no,,no,,yes,Agricultural Use,Agreement/lease,,no,,yes,,yes,,no,,,yes,,yes,,yes,,no,,yes,,yes,,yes,,no,,0.997454,1093.471,2.5,1300.0,1000.0,2000-04-08 03:00:00Z,0-25%,75-100%,['Bananas'],,Rainfed,"['Pruning', 'Weeding', 'Intercropping']",6.0,4.0,4.0,6.0,10.0,0.0,150.0,130.0,110.0,1000.0,980.0,900.0,It's picked from your farm,Supplier,
F-1782,1.0,Kayunga,1,yes,7.0,no,,no,,no,Agricultural Use,Agreement/lease,,no,,yes,,yes,,no,,,yes,,yes,,yes,,no,,yes,,yes,,yes,,no,,1.2402077,1050.786,3.0,1700.0,1500.0,2000-07-12 03:00:00Z,0-25%,75-100%,['Bananas'],,Rainfed,"['Using Fertilizers', 'Pruning', 'Weeding', 'Intercropping']",4.0,4.0,2.0,6.0,8.0,0.0,3000.0,2980.0,1500.0,1500.0,1480.0,1350.0,It's picked from your farm,Supplier,
F-1783,1.0,Kayunga,1,no,10.0,no,,no,,no,Natural forest,Customary,,no,,yes,,yes,,yes,yes,,yes,,yes,,yes,,no,,yes,,yes,,yes,,no,,9.403,1096.0,3.0,1200.0,800.0,2016-09-09 03:00:00Z,0-25%,75-100%,['Bananas'],,Rainfed,['Using Fertilizers'],1.0,1.0,2.0,0.0,2.0,0.0,800.0,780.0,400.0,800.0,780.0,400.0,It's picked from your farm,Supplier,
F-1784,1.0,Luwero,1,yes,3.0,no,,no,,yes,Natural forest,Agreement/lease,,no,,yes,,yes,,yes,yes,,yes,,yes,,yes,,no,,yes,,yes,,yes,,no,,7.0,1173.0,3.5,1400.0,371.0,2010-03-02 03:00:00Z,0-25%,75-100%,['Bananas'],,Rainfed,"['Using Fertilizers', 'Pruning', 'Weeding']",1.0,1.0,2.0,0.0,2.0,0.0,1000.0,980.0,960.0,7500.0,5000.0,4980.0,At a hulling station,Hulling Station representative,
F-1785,1.0,Kayunga,1,yes,8.0,no,,no,,no,Agricultural Use,Customary,,no,,yes,,yes,,yes,yes,,yes,,yes,,Yes,,no,,yes,,yes,,yes,,no,,1.801,1037.8,3.0,1400.0,1000.0,2000-10-15 03:00:00Z,0-25%,75-100%,['Bananas'],,Rainfed,"['Using Fertilizers', 'Pruning', 'Weeding', 'Intercropping']",3.0,1.0,0.0,4.0,4.0,0.0,2000.0,1980.0,1000.0,1000.0,980.0,900.0,At a hulling station,Hulling Station representative,
F-1786,1.0,Luwero,1,yes,5.0,no,,no,,yes,Agricultural Use,Agreement/lease,,no,,yes,,yes,,no,,,yes,,yes,,yes,,no,,yes,,yes,,yes,,no,,10.2,1116.0,3.5,1400.0,385.0,2010-06-19 03:00:00Z,0-25%,75-100%,['Bananas'],,Rainfed,"['Pruning', 'Weeding', 'Using Fertilizers']",2.0,3.0,0.0,5.0,5.0,0.0,1800.0,1780.0,900.0,900.0,880.0,860.0,It's picked from your farm,Supplier,
F-1787,1.0,Kayunga,1,yes,4.0,no,,no,,yes,Agricultural Use,Agreement/lease,,no,,yes,,yes,,no,,,yes,,yes,,yes,,no,,yes,,yes,,yes,,no,,5.0,1029.6,3.0,1200.0,900.0,2015-05-12 03:00:00Z,0-25%,75-100%,"['Bananas', 'Beans']",,Rainfed,"['Weeding', 'Intercropping']",4.0,7.0,4.0,7.0,11.0,0.0,1000.0,980.0,960.0,1000.0,980.0,850.0,At a hulling station,Supplier,
F-1788,1.0,Kayunga,1,yes,5.0,no,,no,,yes,Agricultural Use,Agreement/lease,,no,,yes,,yes,,no,,,yes,,yes,,yes,,no,,yes,,yes,,yes,,no,,1.2381791,1080.626,3.0,1200.0,1000.0,2005-03-12 03:00:00Z,0-25%,75-100%,['Bananas'],,Rainfed,['Using Fertilizers'],3.0,2.0,0.0,5.0,5.0,0.0,1000.0,980.0,960.0,800.0,780.0,600.0,It's picked from your farm,Cooperative representative,
F-1789,1.0,Luwero,4,no,6.0,no,,no,,yes,Agricultural Use,Agreement/lease,,no,,yes,,yes,,no,,,yes,,yes,,yes,,no,,yes,,yes,,yes,,no,,19.5,1090.0,3.5,1400.0,1200.0,2011-09-11 03:00:00Z,0-25%,75-100%,"['Bananas', 'other']",cassava,Rainfed,"['Pruning', 'Weeding', 'Intercropping']",2.0,3.0,0.0,5.0,5.0,0.0,1000.0,980.0,960.0,1350.0,1340.0,1200.0,It's picked from your farm,Supplier,
F-1790,1.0,Luwero,1,yes,3.0,no,,no,,yes,Agricultural Use,Title,,no,,yes,,yes,,no,,,yes,,yes,,yes,,no,,yes,,yes,,yes,,no,,19.441,1119.546,3.0,1310.0,1260.0,2007-05-10 03:00:00Z,0-25%,75-100%,['Bananas'],,Rainfed,['Weeding'],0.0,2.0,0.0,2.0,2.0,0.0,2700.0,2680.0,1350.0,1350.0,1340.0,1260.0,It's picked from your farm,Supplier,
F-1791,1.0,Kayunga,1,yes,2.0,no,,no,,no,Agricultural Use,Title,,no,,yes,,yes,,yes,yes,,yes,,yes,,yes,,no,,yes,,yes,,yes,,no,,2.3,1063.7,2.5,1000.0,200.0,2004-08-12 03:00:00Z,0-25%,75-100%,"['Bananas', 'Beans', 'Tobacco']",,Both(Rainfed+Irrigated),['Using Fertilizers'],5.0,12.0,14.0,3.0,12.0,5.0,150.0,130.0,110.0,80.0,69.0,52.0,At a hulling station,Supplier,
F-1792,1.0,Luwero,1,yes,5.0,no,,no,,yes,Agricultural Use,Agreement/lease,,no,,yes,,yes,,no,,,yes,,yes,,yes,,no,,yes,,yes,,yes,,no,,1.466,1267.194,3.5,1400.0,1000.0,2000-10-12 03:00:00Z,0-25%,75-100%,['Bananas'],,Rainfed,['Intercropping'],3.0,2.0,3.0,2.0,5.0,0.0,1000.0,980.0,960.0,600.0,580.0,400.0,It's picked from your farm,Supplier,
F-1793,1.0,Luwero,1,yes,4.0,no,,no,,yes,Agricultural Use,Customary,,no,,yes,,yes,,no,,,yes,,yes,,yes,,no,,yes,,yes,,yes,,no,,2.9,1071.6,2.5,1000.0,400.0,2013-10-02 03:00:00Z,0-25%,75-100%,['Bananas'],,Rainfed,['Weeding'],2.0,1.0,1.0,2.0,2.0,1.0,8000.0,7980.0,400.0,400.0,380.0,360.0,It's picked from your farm,Supplier,
F-1794,1.0,Kayunga,1,yes,6.0,no,,no,,yes,Agricultural Use,Customary,,no,,yes,,yes,,no,,,yes,,yes,,yes,,no,,yes,,yes,,yes,,no,,1.2279643,1069.653,3.0,1700.0,1500.0,2000-05-07 03:00:00Z,0-25%,75-100%,['Bananas'],,Rainfed,"['Using Fertilizers', 'Pruning', 'Weeding', 'Intercropping']",6.0,4.0,6.0,4.0,10.0,0.0,150.0,130.0,110.0,1500.0,1480.0,1350.0,It's picked from your farm,Supplier,
F-1795,1.0,Kayunga,1,yes,2.0,no,,no,,yes,Agricultural Use,Customary,,no,,yes,,yes,,no,,,yes,,yes,,yes,,no,,yes,,yes,,yes,,no,,2.6,1081.6,3.0,1200.0,1000.0,2000-05-12 03:00:00Z,0-25%,75-100%,['Beans'],,Rainfed,"['Intercropping', 'Weeding']",3.0,1.0,1.0,3.0,4.0,0.0,2000.0,1980.0,1000.0,1000.0,980.0,800.0,At a hulling station,Supplier,
F-1796,1.0,Kayunga,1,yes,5.0,no,,no,,no,Natural forest,Title,,no,,yes,,yes,,yes,yes,,yes,,yes,,yes,,no,,yes,,yes,,yes,,no,,3.216,1088.966187,2.5,1000.0,500.0,2008-12-12 03:00:00Z,0-25%,75-100%,"['Bananas', 'Beans']",,Rainfed,['Using Fertilizers'],0.0,0.0,0.0,0.0,0.0,0.0,1000.0,980.0,960.0,1000.0,800.0,45.0,It's picked from your farm,Supplier,
F-1797,1.0,Kayunga,1,yes,19.0,no,,no,,no,Agricultural Use,Title,,no,,yes,,yes,,yes,yes,,yes,,yes,,yes,,no,,yes,,yes,,yes,,no,,9.248,1070.3,2.5,1000.0,450.0,2018-09-12 03:00:00Z,0-25%,75-100%,"['Bananas', 'Tobacco']",,Both(Rainfed+Irrigated),['Using Fertilizers'],2.0,5.0,6.0,1.0,5.0,2.0,1000.0,980.0,960.0,1000.0,800.0,75.0,At a hulling station,Supplier,
F-1798,1.0,Kayunga,1,yes,2.0,no,,no,,yes,Agricultural Use,Agreement/lease,,no,,yes,,yes,,yes,yes,,yes,,yes,,yes,,no,,yes,,yes,,yes,,no,,1.2766622,1103.504,2.0,800.0,770.0,2007-04-23 03:00:00Z,0-25%,75-100%,['Bananas'],,Rainfed,['Using Fertilizers'],0.0,0.0,0.0,0.0,0.0,0.0,150.0,130.0,110.0,700.0,680.0,500.0,It's picked from your farm,Cooperative representative,
F-1799,1.0,Kayunga,1,yes,3.0,no,,no,,yes,Agricultural Use,Customary,,no,,yes,,yes,,no,,,yes,,yes,,yes,,no,,yes,,yes,,yes,,no,,2.5,1067.5,3.0,1200.0,1000.0,2012-08-13 03:00:00Z,0-25%,75-100%,"['Bananas', 'Beans']",,Rainfed,"['Intercropping', 'Weeding']",3.0,3.0,3.0,3.0,6.0,0.0,2000.0,1980.0,1000.0,1000.0,980.0,850.0,It's picked from your farm,Supplier,
F-1800,1.0,Kayunga,1,yes,6.0,no,,no,,yes,Agricultural Use,Agreement/lease,,no,,yes,,yes,,no,,,yes,,yes,,yes,,no,,yes,,yes,,yes,,no,,4.1,1114.6,2.5,1050.0,1000.0,1995-09-14 03:00:00Z,0-25%,75-100%,"['Bananas', 'Beans']",,Rainfed,"['Intercropping', 'Weeding']",3.0,3.0,2.0,4.0,6.0,0.0,2000.0,1980.0,1000.0,1000.0,980.0,850.0,It's picked from your farm,Supplier,
F-1801,1.0,Luwero,1,yes,4.0,no,,no,,yes,Agricultural Use,Customary,,no,,yes,,yes,,no,,,yes,,yes,,yes,,no,,yes,,yes,,yes,,no,,13.4,1132.2,3.5,2100.0,2070.0,2017-09-12 03:00:00Z,0-25%,75-100%,"['Bananas', 'Beans']",,Rainfed,['Intercropping'],2.0,0.0,0.0,2.0,2.0,0.0,2000.0,1980.0,150.0,1000.0,800.0,100.0,It's picked from your farm,Supplier,
F-1802,1.0,Luwero,1,yes,3.0,yes,LDC,no,,yes,Agricultural Use,Agreement/lease,,no,,yes,,yes,,no,,,yes,,yes,,yes,,no,,yes,,yes,,yes,,no,,18.166,1149.8,5.5,2200.0,900.0,2019-09-12 03:00:00Z,0-25%,75-100%,['Bananas'],,Rainfed,['Intercropping'],1.0,2.0,0.0,3.0,3.0,0.0,150.0,130.0,110.0,2000.0,1800.0,100.0,It's picked from your farm,Supplier,
F-1803,1.0,Luwero,1,no,5.0,yes,LDC,no,,yes,Agricultural Use,Agreement/lease,,no,,yes,,yes,,no,,,yes,,yes,,yes,,no,,yes,,yes,,yes,,no,,4.5,1123.7,5.5,2200.0,400.0,2013-10-04 03:00:00Z,0-25%,75-100%,['Bananas'],,Rainfed,"['Weeding', 'Intercropping']",1.0,1.0,1.0,1.0,1.0,1.0,150.0,130.0,110.0,250.0,240.0,225.0,It's picked from your farm,Supplier,
F-1804,1.0,Kayunga,1,yes,7.0,no,,no,,no,Natural forest,Customary,,no,,yes,,yes,,yes,yes,,yes,,yes,,yes,,no,,yes,,yes,,yes,,no,,2.2,1089.0,2.0,900.0,800.0,2011-09-09 03:00:00Z,0-25%,75-100%,['Bananas'],,Rainfed,['Using Fertilizers'],1.0,1.0,2.0,0.0,2.0,0.0,1600.0,1580.0,800.0,800.0,780.0,400.0,It's picked from your farm,Supplier,
F-1805,1.0,Kayunga,1,yes,10.0,no,,no,,yes,Agricultural Use,Title,,no,,yes,,yes,,yes,yes,,yes,,yes,,yes,,no,,yes,,yes,,yes,,no,,2.3,1091.5,3.5,1400.0,1300.0,1990-03-17 03:00:00Z,0-25%,75-100%,['Bananas'],,Rainfed,['Intercropping'],4.0,0.0,4.0,0.0,4.0,0.0,3900.0,3880.0,1950.0,1950.0,1940.0,975.0,It's picked from your farm,Supplier,
F-1806,1.0,Luwero,1,no,6.0,no,,no,,yes,Agricultural Use,Agreement/lease,,no,,yes,,yes,,no,,,yes,,yes,,yes,,no,,yes,,yes,,yes,,no,,12.5,1074.0,3.5,1400.0,1200.0,2010-06-11 03:00:00Z,0-25%,75-100%,['Bananas'],,Rainfed,"['Pruning', 'Weeding', 'Intercropping']",1.0,4.0,1.0,4.0,5.0,0.0,1000.0,980.0,960.0,1350.0,1340.0,1200.0,It's picked from your farm,Supplier,
F-1807,1.0,Kayunga,1,yes,10.0,no,,no,,yes,Agricultural Use,Agreement/lease,,no,,yes,,yes,,no,,,yes,,yes,,yes,,no,,yes,,yes,,yes,,no,,1.0731568,1087.255,4.5,2400.0,2000.0,2000-05-09 03:00:00Z,0-25%,75-100%,"['Bananas', 'Beans']",,Rainfed,"['Using Fertilizers', 'Pruning', 'Weeding', 'Intercropping']",10.0,6.0,6.0,10.0,16.0,0.0,8000.0,7980.0,4000.0,4000.0,3980.0,3600.0,It's picked from your farm,Supplier,
F-1808,1.0,Luwero,1,yes,6.0,no,,no,,yes,Agricultural Use,Agreement/lease,,no,,yes,,yes,,yes,yes,,yes,,yes,,yes,,no,,yes,,yes,,yes,,no,,10.9,1134.0,3.5,1400.0,333.0,2010-07-21 03:00:00Z,0-25%,75-100%,['Bananas'],,Rainfed,"['Pruning', 'Weeding']",0.0,2.0,2.0,0.0,2.0,0.0,1000.0,980.0,500.0,500.0,480.0,460.0,It's picked from your farm,Supplier,
F-1809,1.0,Kayunga,1,yes,3.0,no,,no,,no,Agricultural Use,Agreement/lease,,no,,yes,,yes,,no,,,yes,,yes,,yes,,no,,yes,,yes,,yes,,no,,1.2283832,1067.059,2.0,1000.0,900.0,2009-02-17 03:00:00Z,0-25%,75-100%,['Bananas'],,Rainfed,['Using Fertilizers'],2.0,0.0,0.0,2.0,2.0,0.0,1000.0,980.0,960.0,600.0,580.0,409.0,It's picked from your farm,Cooperative representative,
F-1810,1.0,Kayunga,1,no,6.0,no,,no,,yes,Agricultural Use,Agreement/lease,,no,,yes,,yes,,no,,,yes,,yes,,yes,,no,,yes,,yes,,yes,,no,,2.3,1079.4,2.5,1250.0,1200.0,1995-09-07 03:00:00Z,0-25%,75-100%,"['Bananas', 'Beans']",,Rainfed,['Weeding'],7.0,3.0,6.0,4.0,10.0,0.0,2000.0,1980.0,1000.0,1000.0,980.0,900.0,At a hulling station,Hulling Station representative,
F-1811,1.0,Luwero,1,yes,4.0,no,,no,,yes,Agricultural Use,Agreement/lease,,no,,yes,,yes,,no,,,yes,,yes,,yes,,no,,yes,,yes,,yes,,no,,3.2,1084.7,2.5,1000.0,400.0,1998-09-04 03:00:00Z,0-25%,75-100%,['Bananas'],,Rainfed,['Weeding'],1.0,1.0,1.0,1.0,1.0,1.0,9000.0,8980.0,450.0,450.0,440.0,405.0,It's picked from your farm,Supplier,
F-1812,1.0,Luwero,1,yes,3.0,no,,no,,yes,Agricultural Use,Agreement/lease,,no,,yes,,yes,,no,,,yes,,yes,,yes,,no,,yes,,yes,,yes,,no,,5.3,1054.7,3.5,1400.0,400.0,2005-10-01 03:00:00Z,0-25%,75-100%,"['Bananas', 'Beans']",,Rainfed,['Weeding'],1.0,1.0,1.0,1.0,1.0,1.0,9000.0,8980.0,500.0,500.0,480.0,450.0,It's picked from your farm,Supplier,
F-1813,1.0,Kayunga,1,yes,7.0,no,,no,,no,Agricultural Use,Title,,no,,yes,,yes,,yes,yes,,yes,,yes,,yes,,no,,yes,,yes,,yes,,no,,3.216,1075.428223,1.0,400.0,200.0,2005-02-12 03:00:00Z,0-25%,75-100%,['Beans'],,Irrigated,['Using Fertilizers'],10.0,5.0,10.0,5.0,13.0,2.0,150.0,130.0,119.0,159.0,100.0,90.0,It's picked from your farm,Supplier,
F-1814,1.0,Kayunga,1,yes,3.0,no,,no,,no,Agricultural Use,Title,,no,,yes,,yes,,yes,yes,,yes,,yes,,yes,,no,,yes,,yes,,yes,,no,,2.0,1096.1,2.2,900.0,850.0,2019-12-09 03:00:00Z,0-25%,75-100%,"['Bananas', 'Tobacco']",,Both(Rainfed+Irrigated),['Using Fertilizers'],8.0,5.0,3.0,10.0,9.0,4.0,1000.0,980.0,960.0,2000.0,1800.0,85.0,At a hulling station,Supplier,
F-1815,1.0,Luwero,1,yes,7.0,no,,no,,yes,Agricultural Use,Title,,no,,yes,,yes,,no,,,yes,,yes,,yes,,no,,yes,,yes,,yes,,no,,2.271,1158.5,3.0,1250.0,1200.0,2021-04-03 03:00:00Z,0-25%,75-100%,['Bananas'],,Irrigated,"['Using Fertilizers', 'Weeding']",2.0,3.0,5.0,0.0,5.0,0.0,1500.0,1480.0,1460.0,1700.0,1500.0,1340.0,It's picked from your farm,Supplier,
F-1816,1.0,Luwero,1,yes,9.0,no,,no,,yes,Agricultural Use,Agreement/lease,,no,,yes,,yes,,yes,yes,,yes,,yes,,yes,,no,,yes,,yes,,yes,,no,,2.111,1077.783,3.5,1400.0,390.0,1995-03-19 03:00:00Z,0-25%,75-100%,['Bananas'],,Rainfed,"['Using Fertilizers', 'Weeding', 'Pruning']",2.0,2.0,4.0,0.0,4.0,0.0,1000.0,980.0,960.0,780.0,400.0,200.0,At a hulling station,Supplier,
F-1817,1.0,Kayunga,1,yes,7.0,no,,no,,yes,Agricultural Use,Customary,,no,,yes,,yes,,no,,,yes,,yes,,yes,,no,,yes,,yes,,yes,,no,,3.7,1068.6,3.0,1200.0,1000.0,2000-08-13 03:00:00Z,0-25%,75-100%,"['Bananas', 'Beans']",,Rainfed,"['Intercropping', 'Weeding']",4.0,3.0,3.0,4.0,7.0,0.0,2000.0,1980.0,1000.0,1000.0,980.0,850.0,It's picked from your farm,Supplier,
F-1818,1.0,Kayunga,1,yes,2.0,no,,no,,no,Agricultural Use,Title,,no,,yes,,yes,,yes,yes,,yes,,yes,,yes,,no,,yes,,yes,,yes,,no,,3.216,1080.412842,3.5,1400.0,500.0,2009-12-12 03:00:00Z,0-25%,75-100%,"['Bananas', 'Beans']",,Rainfed,['Using Fertilizers'],0.0,0.0,0.0,0.0,0.0,0.0,1000.0,980.0,960.0,109.0,100.0,90.0,It's picked from your farm,Supplier,
F-1819,1.0,Kayunga,2,yes,10.0,no,,no,,no,Agricultural Use,Agreement/lease,,no,,yes,,yes,,no,,,yes,,yes,,yes,,no,,yes,,yes,,yes,,no,,3.7,1167.3,3.0,1200.0,1000.0,2015-03-12 03:00:00Z,0-25%,75-100%,['Bananas'],,Rainfed,['Using Fertilizers'],3.0,0.0,0.0,3.0,3.0,0.0,1000.0,980.0,700.0,700.0,680.0,500.0,It's picked from your farm,Cooperative representative,
F-1820,1.0,Luwero,1,yes,10.0,no,,no,,no,Agricultural Use,Agreement/lease,,no,,yes,,yes,,no,,,yes,,yes,,yes,,no,,yes,,yes,,yes,,no,,5.5,1088.0,5.0,2150.0,2100.0,2010-08-12 03:00:00Z,0-25%,75-100%,['Bananas'],,Rainfed,['Weeding'],3.0,2.0,3.0,2.0,5.0,0.0,2250.0,2240.0,2100.0,2250.0,2240.0,2100.0,It's picked from your farm,Supplier,
F-1821,1.0,Kayunga,1,yes,6.0,yes,LDC,no,,no,Agricultural Use,Agreement/lease,,no,,yes,,yes,,no,,,yes,,yes,,yes,,no,,yes,,yes,,yes,,no,,20.368,1130.551392,5.5,2200.0,400.0,2009-12-12 03:00:00Z,0-25%,75-100%,['Bananas'],,Rainfed,['Using Fertilizers'],0.0,0.0,0.0,0.0,0.0,0.0,150.0,130.0,110.0,200.0,180.0,160.0,It's picked from your farm,Supplier,
F-1822,1.0,Luwero,1,no,4.0,no,,no,,yes,Agricultural Use,Agreement/lease,,no,,yes,,yes,,yes,yes,,yes,,yes,,yes,,no,,yes,,yes,,yes,,no,,2.489,1108.563,3.5,1400.0,350.0,1999-02-03 03:00:00Z,0-25%,75-100%,['Bananas'],,Rainfed,"['Weeding', 'Pruning']",1.0,0.0,1.0,0.0,1.0,0.0,1000.0,980.0,960.0,700.0,400.0,210.0,It's picked from your farm,Supplier,
F-1823,1.0,Kayunga,1,yes,5.0,no,,no,,no,Agricultural Use,Title,,no,,yes,,yes,,yes,yes,,yes,,yes,,yes,,no,,yes,,yes,,yes,,no,,1.5,1055.4,3.1,1240.0,850.0,2007-09-12 03:00:00Z,0-25%,75-100%,"['Bananas', 'Beans']",,Both(Rainfed+Irrigated),['Using Fertilizers'],3.0,2.0,1.0,4.0,5.0,0.0,1000.0,980.0,960.0,2000.0,1800.0,75.0,At a hulling station,Supplier,
F-1824,1.0,Kayunga,1,yes,8.0,no,,no,,yes,Agricultural Use,Agreement/lease,,no,,yes,,yes,,yes,yes,,yes,,yes,,yes,,no,,yes,,yes,,yes,,no,,7.8,1020.6,2.5,1000.0,600.0,2015-04-10 03:00:00Z,0-25%,75-100%,['Bananas'],,Rainfed,['Weeding'],3.0,1.0,0.0,4.0,4.0,0.0,1200.0,1180.0,1160.0,1700.0,1200.0,1000.0,It's picked from your farm,Supplier,
F-1825,1.0,Kayunga,1,no,6.0,no,,no,,yes,Agricultural Use,Agreement/lease,,no,,yes,,yes,,no,,,yes,,yes,,yes,,no,,yes,,yes,,yes,,no,,13.5,1065.3,2.5,1380.0,1330.0,2000-12-11 03:00:00Z,0-25%,75-100%,"['Bananas', 'Beans']",,Rainfed,['Weeding'],4.0,4.0,4.0,4.0,8.0,0.0,2000.0,1980.0,1000.0,1000.0,980.0,900.0,At a hulling station,Supplier,
F-1826,1.0,Luwero,1,yes,5.0,yes,LDC,no,,yes,Agricultural Use,Agreement/lease,,no,,yes,,yes,,no,,,yes,,yes,,yes,,no,,yes,,yes,,yes,,no,,11.3,1177.2,5.5,2200.0,900.0,2019-04-18 03:00:00Z,0-25%,75-100%,['Bananas'],,Rainfed,['Intercropping'],1.0,3.0,0.0,4.0,4.0,0.0,150.0,130.0,110.0,2000.0,1800.0,100.0,It's picked from your farm,Supplier,
F-1827,1.0,Luwero,1,yes,8.0,no,,no,,yes,Agricultural Use,Title,,no,,yes,,yes,,no,,,yes,,yes,,yes,,no,,yes,,yes,,yes,,no,,2.1,1155.9,7.0,3200.0,3150.0,2017-04-02 03:00:00Z,0-25%,75-100%,"['Bananas', 'Beans']",,Rainfed,"['Using Fertilizers', 'Weeding', 'Intercropping']",3.0,5.0,3.0,5.0,8.0,0.0,5000.0,4980.0,3125.0,3125.0,3120.0,2813.0,It's picked from your farm,Supplier,
F-1828,1.0,Luwero,1,yes,3.0,no,,no,,yes,Agricultural Use,Customary,,no,,yes,,yes,,no,,,yes,,yes,,yes,,no,,yes,,yes,,yes,,no,,6.0,1144.4,2.5,1500.0,1470.0,2016-09-13 03:00:00Z,0-25%,75-100%,['Bananas'],,Rainfed,['Intercropping'],1.0,2.0,0.0,3.0,3.0,0.0,2000.0,1980.0,150.0,2000.0,1800.0,100.0,It's picked from your farm,Supplier,
F-1829,1.0,Luwero,1,yes,2.0,no,,no,,yes,Agricultural Use,Customary,,no,,yes,,yes,,no,,,yes,,yes,,yes,,no,,yes,,yes,,yes,,no,,2.9,1054.2,2.5,1000.0,400.0,2012-10-29 03:00:00Z,0-25%,75-100%,['Bananas'],,Rainfed,['Weeding'],1.0,1.0,1.0,1.0,1.0,1.0,5000.0,4980.0,250.0,250.0,240.0,225.0,It's picked from your farm,Supplier,
F-1830,1.0,Kayunga,1,yes,10.0,no,,no,,yes,Agricultural Use,Agreement/lease,,no,,yes,,yes,,yes,yes,,yes,,yes,,yes,,no,,yes,,yes,,yes,,no,,10.437,1068.8,3.5,1400.0,1000.0,2002-08-09 03:00:00Z,0-25%,75-100%,['Bananas'],,Rainfed,"['Using Fertilizers', 'Pruning', 'Weeding']",4.0,2.0,4.0,2.0,6.0,0.0,2000.0,1980.0,1000.0,1000.0,980.0,800.0,It's picked from your farm,Supplier,
F-1831,1.0,Kayunga,1,yes,18.0,no,,no,,no,Agricultural Use,Agreement/lease,,no,,yes,,yes,,yes,yes,,yes,,yes,,yes,,no,,yes,,yes,,yes,,no,,8.4,1021.3,1.5,900.0,870.0,1965-04-12 03:00:00Z,0-25%,75-100%,"['Bananas', 'Beans']",,Rainfed,"['Pruning', 'Weeding', 'Intercropping']",4.0,3.0,3.0,4.0,7.0,0.0,7500.0,7480.0,3700.0,3700.0,3680.0,3500.0,It's picked from your farm,Supplier,
F-1832,1.0,Kayunga,1,no,3.0,no,,no,,no,Natural forest,Customary,,no,,yes,,yes,,yes,yes,,yes,,yes,,yes,,no,,yes,,yes,,yes,,no,,2.192,1071.2,3.0,1200.0,1000.0,2016-08-08 03:00:00Z,0-25%,75-100%,['Bananas'],,Rainfed,['Using Fertilizers'],1.0,1.0,2.0,0.0,2.0,0.0,2000.0,1980.0,500.0,500.0,480.0,250.0,It's picked from your farm,Supplier,
F-1833,1.0,Kayunga,1,yes,5.0,no,,no,,yes,Agricultural Use,Agreement/lease,,no,,yes,,yes,,no,,,yes,,yes,,Yes,,no,,yes,,yes,,yes,,no,,3.531,1045.99,2.5,1500.0,1470.0,1958-01-01 03:00:00Z,0-25%,75-100%,"['Bananas', 'Beans']",,Rainfed,"['Pruning', 'Weeding']",0.0,0.0,0.0,0.0,0.0,0.0,5000.0,4980.0,2500.0,2500.0,2480.0,2450.0,It's picked from your farm,Hulling Station representative,
F-1834,1.0,Kayunga,1,yes,11.0,no,,no,,yes,Agricultural Use,Title,,no,,yes,,yes,,yes,yes,,yes,,yes,,yes,,no,,yes,,yes,,yes,,no,,3.151,1083.5,2.0,950.0,900.0,1990-08-20 03:00:00Z,0-25%,75-100%,"['Bananas', 'Beans']",,Rainfed,['Intercropping'],4.0,0.0,4.0,0.0,4.0,0.0,3600.0,3580.0,1800.0,1800.0,1780.0,900.0,It's picked from your farm,Supplier,
F-1835,1.0,Kayunga,1,no,6.0,no,,no,,no,Agricultural Use,Title,,no,,yes,,yes,,yes,yes,,yes,,yes,,yes,,no,,yes,,yes,,yes,,no,,10.72,1093.160034,3.5,1400.0,500.0,2009-12-12 03:00:00Z,0-25%,75-100%,['Bananas'],,Rainfed,['Using Fertilizers'],0.0,0.0,0.0,0.0,0.0,0.0,1000.0,980.0,960.0,2000.0,1800.0,45.0,It's picked from your farm,Supplier,
F-1836,1.0,Kayunga,1,yes,2.0,no,,no,,yes,Agricultural Use,Customary,,no,,yes,,yes,,no,,,yes,,yes,,yes,,no,,yes,,yes,,yes,,no,,9.2,1071.3,2.5,1000.0,800.0,1989-02-12 03:00:00Z,0-25%,75-100%,['Beans'],,Rainfed,"['Intercropping', 'Weeding']",4.0,3.0,3.0,4.0,7.0,0.0,1600.0,1580.0,800.0,800.0,780.0,750.0,At a hulling station,Supplier,
F-1837,1.0,Luwero,1,yes,6.0,yes,LDC,no,,yes,Agricultural Use,Customary,,no,,yes,,yes,,no,,,yes,,yes,,yes,,no,,yes,,yes,,yes,,no,,13.1,1194.3,5.5,2200.0,1800.0,2019-09-13 03:00:00Z,0-25%,75-100%,['Bananas'],,Rainfed,['Intercropping'],2.0,3.0,0.0,5.0,5.0,0.0,150.0,130.0,110.0,2000.0,1800.0,100.0,It's picked from your farm,Supplier,
F-1838,1.0,Kayunga,1,yes,3.0,no,,no,,yes,Agricultural Use,Agreement/lease,,no,,yes,,yes,,no,,,yes,,yes,,yes,,no,,yes,,yes,,yes,,no,,8.6,1066.5,3.5,2050.0,2000.0,2009-07-24 03:00:00Z,0-25%,75-100%,['Bananas'],,Rainfed,['Weeding'],1.0,2.0,1.0,2.0,3.0,0.0,2500.0,2480.0,1700.0,1700.0,1680.0,225.0,At a hulling station,Hulling Station representative,
F-1839,1.0,Luwero,1,yes,10.0,no,,no,,yes,Agricultural Use,Agreement/lease,,no,,yes,,yes,,yes,yes,,yes,,yes,,yes,,no,,yes,,yes,,yes,,no,,18.395,1106.300049,5.5,2200.0,2170.0,1988-10-08 03:00:00Z,0-25%,75-100%,['Bananas'],,Rainfed,['Using Fertilizers'],5.0,5.0,5.0,5.0,5.0,5.0,150.0,130.0,110.0,1000.0,500.0,480.0,At a hulling station,Supplier,
F-1840,1.0,Kayunga,1,yes,5.0,no,,no,,yes,Agricultural Use,Agreement/lease,,no,,yes,,yes,,yes,yes,,yes,,yes,,yes,,no,,yes,,yes,,yes,,no,,2.664,1064.871,2.5,1500.0,1470.0,1988-01-01 03:00:00Z,0-25%,75-100%,"['Bananas', 'Beans']",,Rainfed,"['Pruning', 'Weeding']",0.0,0.0,0.0,0.0,0.0,0.0,4000.0,3980.0,2000.0,2000.0,1980.0,1950.0,It's picked from your farm,Hulling Station representative,
F-1841,1.0,Kayunga,1,yes,6.0,no,,no,,yes,Agricultural Use,Customary,,no,,yes,,yes,,no,,,yes,,yes,,yes,,no,,yes,,yes,,yes,,no,,1.0054264,1086.289,2.5,1200.0,1000.0,2014-04-07 03:00:00Z,0-25%,75-100%,['Bananas'],,Rainfed,"['Using Fertilizers', 'Pruning', 'Weeding', 'Intercropping']",3.0,3.0,3.0,3.0,6.0,0.0,150.0,130.0,110.0,1000.0,980.0,900.0,At a hulling station,Supplier,
F-1842,1.0,Luwero,1,yes,5.0,yes,LDC,no,,yes,Agricultural Use,Customary,,no,,yes,,yes,,no,,,yes,,yes,,yes,,no,,yes,,yes,,yes,,no,,11.0,1182.2,5.5,2200.0,1800.0,2018-09-12 03:00:00Z,0-25%,75-100%,['Bananas'],,Rainfed,['Intercropping'],3.0,3.0,0.0,6.0,6.0,0.0,150.0,130.0,110.0,2000.0,1800.0,100.0,It's picked from your farm,Supplier,
F-1843,1.0,Kayunga,1,no,2.0,no,,no,,no,Natural forest,Customary,,no,,yes,,yes,,yes,yes,,yes,,yes,,yes,,no,,yes,,yes,,yes,,no,,2.1,1109.6,3.0,1200.0,1000.0,2000-06-08 03:00:00Z,0-25%,75-100%,['Bananas'],,Rainfed,['Using Fertilizers'],1.0,1.0,1.0,1.0,2.0,0.0,2000.0,1980.0,1000.0,1000.0,980.0,500.0,It's picked from your farm,Supplier,
F-1844,1.0,Nakeseke,1,yes,14.0,no,,no,,yes,Agricultural Use,Agreement/lease,,no,,yes,,yes,,no,,,yes,,yes,,yes,,no,,yes,,yes,,yes,,no,,18.966,1128.400024,5.5,2200.0,1000.0,2010-09-03 03:00:00Z,0-25%,75-100%,"['Bananas', 'Wheat']",,Both(Rainfed+Irrigated),['Using Fertilizers'],0.0,0.0,0.0,0.0,0.0,0.0,150.0,130.0,110.0,2000.0,1800.0,500.0,It's picked from your farm,other,Individuals
F-1845,1.0,Luwero,1,yes,4.0,no,,no,,yes,Agricultural Use,Customary,,no,,yes,,yes,,yes,yes,,yes,,yes,,yes,,no,,yes,,yes,,yes,,no,,10.5,1145.8,5.5,2200.0,1350.0,2004-09-01 03:00:00Z,0-25%,75-100%,"['Bananas', 'Beans']",,Rainfed,"['Using Fertilizers', 'Pruning', 'Weeding', 'Intercropping']",2.0,1.0,0.0,3.0,3.0,0.0,150.0,130.0,110.0,500.0,480.0,450.0,It's picked from your farm,Supplier,
F-1846,1.0,Kayunga,1,yes,9.0,no,,no,,yes,Agricultural Use,Agreement/lease,,no,,yes,,yes,,no,,,yes,,yes,,yes,,no,,yes,,yes,,yes,,no,,8.5,1123.7,3.5,2100.0,2000.0,2000-09-14 03:00:00Z,0-25%,75-100%,['Bananas'],,Rainfed,['Weeding'],2.0,2.0,0.0,4.0,4.0,0.0,2300.0,2280.0,1500.0,1500.0,1480.0,1460.0,At a hulling station,Supplier,
F-1847,1.0,Kayunga,1,yes,4.0,yes,LDC,no,,yes,Agricultural Use,Agreement/lease,,no,,yes,,yes,,no,,,yes,,yes,,yes,,no,,yes,,yes,,yes,,no,,4.7,1055.4,3.0,1200.0,1000.0,2007-09-12 03:00:00Z,0-25%,75-100%,"['Bananas', 'Beans']",,Rainfed,"['Intercropping', 'Weeding']",2.0,2.0,2.0,2.0,4.0,0.0,150.0,130.0,110.0,1000.0,980.0,850.0,At a hulling station,Supplier,
F-1848,1.0,Kayunga,1,no,10.0,no,,no,,no,Agricultural Use,Title,,no,,yes,,yes,,yes,yes,,yes,,yes,,yes,,no,,yes,,yes,,yes,,no,,9.1,1102.2,2.5,1250.0,1200.0,1999-05-14 03:00:00Z,0-25%,75-100%,"['Bananas', 'Beans']",,Rainfed,"['Pruning', 'Weeding', 'Intercropping']",1.0,1.0,1.0,1.0,2.0,0.0,2400.0,2380.0,1200.0,1200.0,1180.0,1100.0,It's picked from your farm,Supplier,
F-1849,1.0,Kayunga,1,yes,3.0,no,,no,,yes,Agricultural Use,Agreement/lease,,no,,yes,,yes,,no,,,yes,,yes,,yes,,no,,yes,,yes,,yes,,no,,2.7,1108.0,2.0,800.0,700.0,2018-05-12 03:00:00Z,0-25%,75-100%,['Bananas'],,Rainfed,"['Weeding', 'Intercropping']",3.0,2.0,3.0,2.0,5.0,0.0,1500.0,1480.0,750.0,750.0,740.0,700.0,At a hulling station,Supplier,
F-1850,1.0,Luwero,1,yes,5.0,yes,LDC,no,,yes,Agricultural Use,Customary,,no,,yes,,yes,,yes,yes,,yes,,yes,,yes,,no,,yes,,yes,,yes,,no,,13.154057,1928.257,5.5,2200.0,200.0,2011-03-02 03:00:00Z,0-25%,75-100%,['Bananas'],,Rainfed,['Intercropping'],1.0,2.0,2.0,1.0,3.0,0.0,150.0,130.0,110.0,150.0,140.0,100.0,It's picked from your farm,Supplier,
F-1851,1.0,Kayunga,1,yes,5.0,no,,no,,yes,Agricultural Use,Agreement/lease,,no,,yes,,yes,,yes,yes,,yes,,yes,,Yes,,no,,yes,,yes,,yes,,no,,0.7917121,1102.388,1.2,720.0,690.0,2008-04-13 03:00:00Z,0-25%,75-100%,['Bananas'],,Rainfed,['Using Fertilizers'],1.0,0.0,0.0,1.0,1.0,0.0,900.0,880.0,750.0,750.0,740.0,650.0,It's picked from your farm,Cooperative representative,
F-1852,1.0,Kayunga,1,yes,3.0,no,,no,,yes,Agricultural Use,Title,,no,,yes,,yes,,yes,yes,,yes,,yes,,yes,,no,,yes,,yes,,yes,,no,,2.955,1088.9,2.5,1000.0,800.0,1990-10-02 03:00:00Z,0-25%,75-100%,"['Bananas', 'Cocoa']",,Rainfed,"['Using Fertilizers', 'Weeding']",0.0,1.0,0.0,1.0,1.0,0.0,800.0,780.0,500.0,800.0,780.0,500.0,At a hulling station,Supplier,
F-1853,1.0,Luwero,1,yes,3.0,no,,no,,yes,Agricultural Use,Title,,no,,yes,,yes,,no,,,yes,,yes,,yes,,no,,yes,,yes,,yes,,no,,2.3,1114.0,4.5,2050.0,2000.0,2019-09-07 03:00:00Z,0-25%,75-100%,"['Bananas', 'Beans']",,Rainfed,"['Using Fertilizers', 'Weeding', 'Intercropping']",4.0,4.0,5.0,3.0,8.0,0.0,2400.0,2380.0,1000.0,9000.0,2400.0,2380.0,It's picked from your farm,Supplier,
F-1854,1.0,Luwero,1,yes,2.0,no,,no,,yes,Agricultural Use,Customary,,no,,yes,,yes,,yes,yes,,yes,,yes,,yes,,no,,yes,,yes,,yes,,no,,9.6,1156.9,5.5,2200.0,1350.0,2006-08-06 03:00:00Z,0-25%,75-100%,"['Bananas', 'Beans']",,Rainfed,"['Using Fertilizers', 'Pruning', 'Intercropping', 'Weeding']",3.0,1.0,4.0,0.0,4.0,0.0,150.0,130.0,110.0,500.0,480.0,450.0,It's picked from your farm,Supplier,
F-1855,1.0,Kayunga,1,no,3.0,no,,no,,no,Agricultural Use,Title,,no,,yes,,yes,,yes,yes,,yes,,yes,,yes,,no,,yes,,yes,,yes,,no,,2.4,1098.9,1.5,900.0,870.0,1990-11-02 03:00:00Z,0-25%,75-100%,"['Tobacco', 'Beans']",,Rainfed,"['Using Fertilizers', 'Weeding', 'Intercropping']",0.0,1.0,0.0,1.0,1.0,0.0,1600.0,1580.0,800.0,800.0,780.0,400.0,It's picked from your farm,Supplier,
F-1856,1.0,Luwero,1,no,2.0,yes,LDC,no,,yes,Agricultural Use,Customary,,no,,yes,,yes,,no,,,yes,,yes,,yes,,no,,yes,,yes,,yes,,no,,3.1,1059.7,5.5,2200.0,400.0,2016-10-04 03:00:00Z,0-25%,75-100%,"['Bananas', 'Beans']",,Rainfed,['Weeding'],1.0,1.0,1.0,1.0,1.0,1.0,150.0,130.0,110.0,300.0,280.0,270.0,It's picked from your farm,Supplier,
F-1857,1.0,Kayunga,1,yes,4.0,no,,no,,no,Agricultural Use,Agreement/lease,,no,,yes,,yes,,yes,yes,,yes,,yes,,yes,,no,,yes,,yes,,yes,,no,,1.2730029,1065.282,2.3,1000.0,900.0,2008-03-12 03:00:00Z,0-25%,75-100%,['Bananas'],,Rainfed,['Using Fertilizers'],3.0,0.0,0.0,3.0,3.0,0.0,1000.0,980.0,960.0,600.0,580.0,400.0,It's picked from your farm,Cooperative representative,
F-1858,1.0,Kayunga,1,yes,4.0,no,,no,,no,Agricultural Use,Title,,no,,yes,,yes,,yes,yes,,yes,,yes,,yes,,no,,yes,,yes,,yes,,no,,9.7,1082.3,2.5,1500.0,1470.0,2011-01-01 03:00:00Z,0-25%,75-100%,"['Bananas', 'Cocoa']",,Rainfed,"['Using Fertilizers', 'Weeding', 'Intercropping']",1.0,0.0,0.0,1.0,1.0,0.0,3000.0,2980.0,1500.0,1500.0,1480.0,1000.0,It's picked from your farm,Supplier,
F-1859,1.0,Kayunga,1,yes,2.0,no,,no,,yes,Agricultural Use,Title,,no,,yes,,yes,,yes,yes,,yes,,yes,,yes,,no,,yes,,yes,,yes,,no,,3.216,1098.246094,2.5,1000.0,200.0,2009-12-12 03:00:00Z,0-25%,75-100%,"['Bananas', 'Beans']",,Irrigated,['Using Fertilizers'],1.0,1.0,0.0,2.0,2.0,0.0,150.0,130.0,110.0,2000.0,1800.0,90.0,At a hulling station,Supplier,
F-1860,1.0,Nakeseke,1,yes,8.0,no,,no,,yes,Agricultural Use,Title,,no,,yes,,yes,,no,,,yes,,yes,,yes,,no,,yes,,yes,,yes,,no,,1.107,1056.406,5.5,2200.0,1600.0,2000-12-12 03:00:00Z,0-25%,75-100%,['Bananas'],,Rainfed,['Intercropping'],2.0,1.0,3.0,0.0,3.0,0.0,150.0,130.0,110.0,500.0,480.0,400.0,It's picked from your farm,Supplier,
F-1861,1.0,Kayunga,1,yes,3.0,no,,no,,no,Agricultural Use,Agreement/lease,,no,,yes,,yes,,yes,yes,,yes,,yes,,yes,,no,,yes,,yes,,yes,,no,,7.766,1077.8,2.5,1000.0,800.0,2000-04-08 03:00:00Z,0-25%,75-100%,"['Bananas', 'Beans']",,Rainfed,"['Pruning', 'Weeding', 'Intercropping']",1.0,2.0,1.0,2.0,3.0,0.0,2400.0,2380.0,1200.0,1200.0,1180.0,1100.0,It's picked from your farm,Supplier,
F-1862,1.0,Nakeseke,1,yes,5.0,no,,no,,yes,Agricultural Use,Title,,no,,yes,,yes,,no,,,yes,,yes,,yes,,no,,yes,,yes,,yes,,no,,1.478,1134.687,5.5,2200.0,1200.0,1999-03-12 03:00:00Z,0-25%,75-100%,['Bananas'],,Rainfed,['Intercropping'],2.0,2.0,2.0,2.0,4.0,0.0,150.0,130.0,110.0,500.0,480.0,400.0,It's picked from your farm,Supplier,
F-1863,1.0,Kayunga,1,yes,4.0,no,,no,,yes,Agricultural Use,Agreement/lease,,no,,yes,,yes,,no,,,yes,,yes,,yes,,no,,yes,,yes,,yes,,no,,3.955,1017.0,3.0,1200.0,1000.0,2016-05-12 03:00:00Z,0-25%,75-100%,"['Sorghum', 'Bananas']",,Rainfed,"['Weeding', 'Intercropping']",3.0,3.0,2.0,4.0,6.0,0.0,2400.0,2380.0,1200.0,1200.0,1180.0,1050.0,At a hulling station,Supplier,
F-1864,1.0,Kayunga,1,yes,4.0,no,,no,,yes,Agricultural Use,Agreement/lease,,no,,yes,,yes,,yes,yes,,yes,,yes,,yes,,no,,yes,,yes,,yes,,no,,1.625,1072.0,3.0,1200.0,900.0,2000-07-09 03:00:00Z,0-25%,75-100%,"['Bananas', 'Beans']",,Rainfed,"['Using Fertilizers', 'Pruning', 'Weeding', 'Intercropping']",2.0,0.0,2.0,0.0,2.0,0.0,900.0,880.0,860.0,1000.0,980.0,900.0,It's picked from your farm,Supplier,
F-1865,1.0,Kayunga,1,yes,5.0,no,,no,,no,Agricultural Use,Title,,no,,yes,,yes,,yes,yes,,yes,,yes,,yes,,no,,yes,,yes,,yes,,no,,17.93,1052.4,1.5,900.0,870.0,2011-01-01 03:00:00Z,0-25%,75-100%,"['Bananas', 'Tobacco']",,Rainfed,"['Intercropping', 'Using Fertilizers']",1.0,0.0,0.0,1.0,1.0,0.0,1800.0,1780.0,900.0,900.0,880.0,500.0,It's picked from your farm,Supplier,
F-1866,1.0,Luwero,1,yes,6.0,no,,no,,yes,Agricultural Use,Customary,,no,,yes,,yes,,yes,yes,,yes,,yes,,yes,,no,,yes,,yes,,yes,,no,,8.4,1147.2,2.5,1000.0,800.0,2019-09-13 03:00:00Z,0-25%,75-100%,['Bananas'],,Rainfed,['Intercropping'],3.0,3.0,0.0,6.0,6.0,0.0,1000.0,980.0,960.0,2000.0,1800.0,100.0,It's picked from your farm,Supplier,
F-1867,1.0,Luwero,1,yes,6.0,yes,LDC,no,,yes,Agricultural Use,Agreement/lease,,no,,yes,,yes,,yes,yes,,yes,,yes,,yes,,no,,yes,,yes,,yes,,no,,1.326,1078.722,5.5,2200.0,200.0,2013-03-02 03:00:00Z,0-25%,75-100%,['Bananas'],,Rainfed,['Intercropping'],2.0,1.0,1.0,2.0,3.0,0.0,150.0,130.0,110.0,2000.0,1800.0,50.0,It's picked from your farm,Supplier,
F-1868,1.0,Luwero,1,yes,9.0,no,,no,,yes,Agricultural Use,Title,,no,,yes,,yes,,no,,,yes,,yes,,yes,,no,,yes,,yes,,yes,,no,,16.997,1128.8,3.0,1300.0,1200.0,2019-04-04 03:00:00Z,0-25%,75-100%,"['Bananas', 'Beans']",,Rainfed,"['Using Fertilizers', 'Pruning', 'Intercropping']",0.0,4.0,2.0,2.0,4.0,0.0,1000.0,980.0,960.0,1500.0,1480.0,1350.0,It's picked from your farm,Supplier,
F-1869,1.0,Kayunga,1,yes,3.0,no,,no,,no,Agricultural Use,Title,,no,,yes,,yes,,yes,yes,,yes,,yes,,yes,,no,,yes,,yes,,yes,,no,,2.3,1100.7,2.0,950.0,900.0,1980-01-02 03:00:00Z,0-25%,75-100%,"['Bananas', 'Tobacco']",,Rainfed,"['Using Fertilizers', 'Weeding', 'Intercropping']",0.0,1.0,0.0,1.0,1.0,0.0,1800.0,1780.0,900.0,900.0,880.0,500.0,It's picked from your farm,Supplier,
F-1870,1.0,Luwero,1,yes,3.0,no,,no,,no,Agricultural Use,Agreement/lease,,no,,yes,,yes,,no,,,yes,,yes,,yes,,no,,yes,,yes,,yes,,no,,9.0,1074.0,3.5,1400.0,1200.0,2020-12-12 03:00:00Z,0-25%,75-100%,['Bananas'],,Rainfed,"['Pruning', 'Weeding', 'Intercropping']",3.0,2.0,1.0,4.0,5.0,0.0,1000.0,980.0,960.0,1350.0,1340.0,1200.0,It's picked from your farm,Supplier,
F-1871,1.0,Kayunga,1,yes,5.0,no,,no,,no,Agricultural Use,Title,,no,,yes,,yes,,yes,yes,,yes,,yes,,yes,,no,,yes,,yes,,yes,,no,,2.2,1052.3,1.5,600.0,200.0,2009-04-12 03:00:00Z,0-25%,75-100%,"['Bananas', 'Tobacco']",,Both(Rainfed+Irrigated),['Using Fertilizers'],4.0,5.0,8.0,1.0,6.0,3.0,800.0,780.0,150.0,2000.0,1800.0,95.0,At a hulling station,Supplier,
F-1872,1.0,Kayunga,1,yes,1.0,no,,no,,no,Agricultural Use,Title,,no,,yes,,yes,,yes,yes,,yes,,yes,,yes,,no,,yes,,yes,,yes,,no,,8.5,1069.7,1.5,900.0,870.0,2011-01-02 03:00:00Z,0-25%,75-100%,"['Bananas', 'Beans']",,Rainfed,"['Using Fertilizers', 'Weeding', 'Intercropping']",1.0,0.0,0.0,1.0,1.0,0.0,1800.0,1780.0,900.0,900.0,880.0,500.0,It's picked from your farm,Supplier,
F-1873,1.0,Kayunga,1,yes,2.0,no,,no,,no,Agricultural Use,Title,,no,,yes,,yes,,yes,yes,,yes,,yes,,yes,,no,,yes,,yes,,yes,,no,,8.1,1062.5,2.5,1000.0,800.0,2000-08-16 03:00:00Z,0-25%,75-100%,"['Bananas', 'Beans']",,Rainfed,"['Pruning', 'Weeding', 'Intercropping']",1.0,1.0,2.0,0.0,2.0,0.0,2400.0,2380.0,1200.0,1200.0,1180.0,1100.0,It's picked from your farm,Supplier,
F-1874,1.0,Nakeseke,1,yes,6.0,no,,no,,yes,Agricultural Use,Title,,no,,yes,,yes,,no,,,yes,,yes,,yes,,no,,yes,,yes,,yes,,no,,1.848,1095.832,5.5,2200.0,1200.0,1999-05-21 03:00:00Z,0-25%,75-100%,['Bananas'],,Rainfed,['Intercropping'],2.0,2.0,2.0,2.0,4.0,0.0,150.0,130.0,110.0,500.0,480.0,300.0,It's picked from your farm,Supplier,
F-1875,1.0,Kayunga,1,yes,8.0,no,,no,,yes,Agricultural Use,Agreement/lease,,no,,yes,,yes,,no,,,yes,,yes,,yes,,no,,yes,,yes,,yes,,no,,0.953935,1050.265,3.15,1600.0,1500.0,2000-06-07 03:00:00Z,0-25%,75-100%,['Bananas'],,Rainfed,"['Pruning', 'Weeding', 'Intercropping']",8.0,2.0,7.0,3.0,10.0,0.0,150.0,130.0,110.0,1500.0,1480.0,1350.0,It's picked from your farm,Supplier,
F-1876,1.0,Luwero,1,yes,6.0,no,,no,,yes,Agricultural Use,Title,,no,,yes,,yes,,no,,,yes,,yes,,yes,,no,,yes,,yes,,yes,,no,,11.5,1147.9,3.5,1400.0,1200.0,2020-09-15 03:00:00Z,0-25%,75-100%,"['Bananas', 'Beans']",,Rainfed,"['Using Fertilizers', 'Pruning', 'Weeding', 'Intercropping']",2.0,3.0,5.0,0.0,5.0,0.0,1000.0,980.0,960.0,1500.0,1480.0,1350.0,It's picked from your farm,Supplier,
F-1877,1.0,Kayunga,1,yes,4.0,no,,no,,no,Agricultural Use,Customary,,no,,yes,,yes,,no,,,yes,,yes,,yes,,no,,yes,,yes,,yes,,no,,6.765,1091.1,2.0,900.0,800.0,2013-05-12 03:00:00Z,0-25%,75-100%,['Wheat'],,Rainfed,"['Weeding', 'Intercropping']",4.0,3.0,3.0,4.0,7.0,0.0,1000.0,980.0,960.0,800.0,780.0,700.0,It's picked from your farm,Supplier,
F-1878,1.0,Kayunga,1,no,4.0,no,,no,,no,Agricultural Use,Agreement/lease,,no,,yes,,yes,,no,,,yes,,yes,,yes,,no,,yes,,yes,,yes,,no,,0.89564353,1019.427,2.0,1000.0,900.0,2015-05-12 03:00:00Z,0-25%,75-100%,['Bananas'],,Rainfed,['Using Fertilizers'],2.0,0.0,0.0,2.0,2.0,0.0,1000.0,980.0,960.0,600.0,580.0,470.0,It's picked from your farm,Cooperative representative,
F-1879,1.0,Luwero,1,yes,8.0,yes,LDC,no,,yes,Agricultural Use,Customary,,no,,yes,,yes,,no,,,yes,,yes,,yes,,no,,yes,,yes,,yes,,no,,9.1,1267.9,5.5,2200.0,1350.0,2017-09-12 03:00:00Z,0-25%,75-100%,"['Bananas', 'Beans']",,Rainfed,['Intercropping'],8.0,5.0,0.0,13.0,13.0,0.0,150.0,130.0,110.0,1000.0,980.0,800.0,It's picked from your farm,Supplier,
F-1880,1.0,Kayunga,1,no,6.0,no,,no,,no,Natural forest,Customary,,no,,yes,,yes,,yes,yes,,yes,,yes,,yes,,no,,yes,,yes,,yes,,no,,2.0,1089.1,2.0,800.0,600.0,2011-09-09 03:00:00Z,0-25%,75-100%,['Bananas'],,Rainfed,['Using Fertilizers'],1.0,1.0,1.0,1.0,2.0,0.0,1200.0,1180.0,600.0,600.0,580.0,300.0,It's picked from your farm,Supplier,
F-1881,1.0,Nakeseke,1,yes,5.0,no,,no,,no,Agricultural Use,Agreement/lease,,no,,yes,,yes,,yes,yes,,yes,,yes,,yes,,no,,yes,,yes,,yes,,no,,5.37,1126.627,5.5,2200.0,1350.0,1986-04-24 03:00:00Z,0-25%,75-100%,"['Bananas', 'Beans']",,Rainfed,"['Pruning', 'Weeding', 'Intercropping']",1.0,0.0,0.0,1.0,1.0,0.0,150.0,130.0,110.0,7290.0,4050.0,2045.0,It's picked from your farm,Supplier,
F-1882,1.0,Luwero,1,yes,8.0,no,,no,,yes,Agricultural Use,Title,,no,,yes,,yes,,no,,,yes,,yes,,yes,,no,,yes,,yes,,yes,,no,,9.311,1150.4,3.0,1300.0,1200.0,2020-04-02 03:00:00Z,0-25%,75-100%,"['Bananas', 'Beans']",,Rainfed,"['Pruning', 'Using Fertilizers', 'Intercropping']",4.0,4.0,3.0,5.0,8.0,0.0,1000.0,980.0,960.0,1500.0,1480.0,1470.0,It's picked from your farm,Supplier,
F-1883,1.0,Kayunga,1,no,2.0,no,,no,,no,Natural forest,Title,,no,,yes,,yes,,yes,yes,,yes,,yes,,yes,,no,,yes,,yes,,yes,,no,,8.576,1114.594971,2.5,1000.0,400.0,2000-12-12 03:00:00Z,0-25%,75-100%,['Bananas'],,Rainfed,['Using Fertilizers'],0.0,0.0,0.0,0.0,0.0,0.0,150.0,130.0,110.0,2000.0,1800.0,45.0,It's picked from your farm,Supplier,
F-1884,1.0,Kayunga,1,yes,5.0,yes,LDC,no,,yes,Agricultural Use,Customary,,no,,yes,,yes,,no,,,yes,,yes,,yes,,no,,yes,,yes,,yes,,no,,4.0,1058.0,3.0,1200.0,1000.0,2000-08-13 03:00:00Z,0-25%,75-100%,"['Bananas', 'Beans']",,Rainfed,"['Intercropping', 'Weeding']",3.0,3.0,3.0,3.0,6.0,0.0,150.0,130.0,110.0,1000.0,980.0,850.0,It's picked from your farm,Supplier,
F-1885,1.0,Luwero,1,yes,8.0,no,,no,,yes,Agricultural Use,Agreement/lease,,no,,yes,,yes,,no,,,yes,,yes,,yes,,no,,yes,,yes,,yes,,no,,18.5,1060.0,3.5,1400.0,1200.0,2010-06-11 03:00:00Z,0-25%,75-100%,['Bananas'],,Rainfed,"['Pruning', 'Weeding', 'Intercropping']",2.0,4.0,0.0,6.0,6.0,0.0,1000.0,980.0,960.0,1350.0,1340.0,1200.0,It's picked from your farm,Supplier,
F-1886,1.0,Kayunga,1,yes,6.0,no,,no,,no,Agricultural Use,Title,,no,,yes,,yes,,yes,yes,,yes,,yes,,yes,,no,,yes,,yes,,yes,,no,,0.6909012,1112.76,1.4,560.0,200.0,2009-09-12 03:00:00Z,0-25%,75-100%,"['Bananas', 'Tobacco', 'Beans']",,Both(Rainfed+Irrigated),['Using Fertilizers'],4.0,53.0,25.0,32.0,45.0,12.0,150.0,130.0,110.0,2000.0,1800.0,49.0,At a hulling station,Supplier,
F-1887,1.0,Kayunga,1,yes,5.0,no,,no,,no,Agricultural Use,Title,,no,,yes,,yes,,yes,yes,,yes,,yes,,yes,,no,,yes,,yes,,yes,,no,,8.632,1087.6,1.5,600.0,200.0,1998-08-09 03:00:00Z,0-25%,75-100%,"['Bananas', 'Tobacco']",,Both(Rainfed+Irrigated),['Using Fertilizers'],2.0,10.0,12.0,0.0,8.0,4.0,600.0,580.0,150.0,2000.0,1800.0,40.0,At a hulling station,Supplier,
F-1888,1.0,Kayunga,1,yes,2.0,no,,no,,no,Agricultural Use,Title,,no,,yes,,yes,,yes,yes,,yes,,yes,,yes,,no,,yes,,yes,,yes,,no,,3.216,1079.018188,1.0,400.0,200.0,2006-09-10 03:00:00Z,0-25%,75-100%,['Beans'],,Irrigated,['Using Fertilizers'],10.0,5.0,10.0,5.0,13.0,2.0,150.0,130.0,110.0,150.0,100.0,90.0,It's picked from your farm,Supplier,
F-1889,1.0,Kayunga,1,yes,8.0,no,,no,,yes,Agricultural Use,Customary,,no,,yes,,yes,,yes,yes,,yes,,yes,,yes,,no,,yes,,yes,,yes,,no,,10.466,1045.7,3.5,2000.0,1970.0,2000-09-12 03:00:00Z,0-25%,75-100%,['Bananas'],,Rainfed,['Using Fertilizers'],20.0,10.0,10.0,20.0,18.0,12.0,5000.0,4980.0,2500.0,2500.0,2480.0,2250.0,At a hulling station,Hulling Station representative,
F-1890,1.0,Kayunga,1,yes,8.0,no,,no,,yes,Agricultural Use,Agreement/lease,,no,,yes,,yes,,no,,,yes,,yes,,yes,,no,,yes,,yes,,yes,,no,,2.3,1069.6,3.0,1250.0,1200.0,2000-05-12 03:00:00Z,0-25%,75-100%,['Bananas'],,Rainfed,"['Intercropping', 'Weeding']",5.0,5.0,5.0,5.0,10.0,0.0,1200.0,1180.0,1000.0,1200.0,1180.0,1000.0,At a hulling station,Supplier,
F-1891,1.0,Kayunga,1,yes,5.0,no,,no,,no,Agricultural Use,Title,,no,,yes,,yes,,yes,yes,,yes,,yes,,yes,,no,,yes,,yes,,yes,,no,,0.9983847,1226.463,1.5,600.0,200.0,2009-09-12 03:00:00Z,0-25%,75-100%,['Bananas'],,Both(Rainfed+Irrigated),['Using Fertilizers'],4.0,14.0,10.0,8.0,13.0,5.0,900.0,880.0,150.0,2000.0,1800.0,50.0,At a hulling station,Supplier,
F-1892,1.0,Kayunga,1,yes,5.0,yes,LDC,no,,no,Natural forest,Title,,no,,yes,,yes,,yes,yes,,yes,,yes,,yes,,no,,yes,,yes,,yes,,no,,11.792,1096.42334,5.5,2200.0,450.0,2016-06-10 03:00:00Z,0-25%,75-100%,"['Bananas', 'Beans']",,Rainfed,['Using Fertilizers'],0.0,0.0,0.0,0.0,0.0,0.0,150.0,130.0,110.0,2000.0,1800.0,90.0,It's picked from your farm,Supplier,
F-1893,1.0,Kayunga,1,yes,7.0,no,,no,,yes,Natural forest,Customary,,no,,yes,,yes,,yes,yes,,yes,,yes,,yes,,no,,yes,,yes,,yes,,no,,2.661,1070.3,2.0,800.0,600.0,2008-09-09 03:00:00Z,0-25%,75-100%,['Bananas'],,Rainfed,['Using Fertilizers'],0.0,1.0,1.0,0.0,1.0,0.0,1600.0,1580.0,800.0,800.0,780.0,400.0,It's picked from your farm,Supplier,
F-1894,1.0,Kayunga,1,no,5.0,no,,no,,no,Agricultural Use,Agreement/lease,,no,,yes,,yes,,no,,,yes,,yes,,yes,,no,,yes,,yes,,yes,,no,,0.764647,1094.962,3.0,1309.0,1209.0,2010-05-12 03:00:00Z,0-25%,75-100%,['Bananas'],,Rainfed,['Using Fertilizers'],4.0,1.0,2.0,3.0,5.0,0.0,1000.0,980.0,960.0,800.0,780.0,600.0,It's picked from your farm,Cooperative representative,
F-1895,1.0,Nakeseke,3,yes,9.0,no,,no,,yes,Agricultural Use,Agreement/lease,,no,,yes,,yes,,no,,,yes,,yes,,no,paid according to the work done,no,,yes,,yes,,yes,,no,,19.6,1123.6,5.5,2200.0,390.0,2015-03-20 03:00:00Z,0-25%,75-100%,['Bananas'],,Rainfed,"['Pruning', 'Weeding']",0.0,2.0,2.0,0.0,2.0,0.0,150.0,130.0,110.0,5000.0,4980.0,4250.0,It's picked from your farm,Supplier,
F-1896,1.0,Kayunga,1,yes,8.0,no,,no,,yes,Agricultural Use,Agreement/lease,,no,,yes,,yes,,no,,,yes,,yes,,yes,,no,,yes,,yes,,yes,,no,,0.96223056,1045.232,3.15,1700.0,1500.0,2000-06-08 03:00:00Z,0-25%,75-100%,['Bananas'],,Rainfed,"['Using Fertilizers', 'Pruning', 'Weeding', 'Intercropping']",4.0,2.0,2.0,4.0,6.0,0.0,150.0,130.0,110.0,1500.0,1480.0,1350.0,It's picked from your farm,Supplier,
F-1897,1.0,Kayunga,1,yes,5.0,no,,no,,no,Agricultural Use,Customary,,no,,yes,,yes,,no,,,yes,,yes,,yes,,no,,yes,,yes,,yes,,no,,3.8,1117.3,3.1,1240.0,750.0,1956-07-12 03:00:00Z,0-25%,75-100%,"['Bananas', 'Cocoa', 'Beans']",,Rainfed,"['Pruning', 'Using Fertilizers', 'Weeding', 'Intercropping']",3.0,2.0,5.0,0.0,5.0,0.0,2150.0,2130.0,1000.0,1000.0,990.0,980.0,It's picked from your farm,other,Highest Bidder
F-1898,1.0,Kayunga,1,no,4.0,no,,no,,yes,Agricultural Use,Agreement/lease,,no,,yes,,yes,,yes,yes,,yes,,yes,,yes,,no,,yes,,yes,,yes,,no,,2.2,1039.2,1.0,450.0,400.0,2011-05-12 03:00:00Z,0-25%,75-100%,['Bananas'],,Rainfed,['Using Fertilizers'],0.0,0.0,0.0,0.0,0.0,0.0,1000.0,980.0,500.0,800.0,780.0,500.0,It's picked from your farm,other,Highest Bidder
F-1899,1.0,Luwero,1,no,2.0,no,,no,,yes,Agricultural Use,Title,,no,,yes,,yes,,yes,yes,,yes,,yes,,yes,,no,,yes,,yes,,yes,,no,,14.283,1159.664,2.5,1000.0,200.0,2006-09-11 03:00:00Z,0-25%,75-100%,['Bananas'],,Rainfed,['Using Fertilizers'],1.0,1.0,0.0,2.0,2.0,0.0,150.0,130.0,110.0,2000.0,1800.0,80.0,It's picked from your farm,Supplier,
F-1900,1.0,Luwero,1,yes,4.0,no,,no,,yes,Agricultural Use,Title,,no,,yes,,yes,,no,,,yes,,yes,,yes,,no,,yes,,yes,,yes,,no,,5.6,1101.3,3.5,1400.0,1200.0,2015-09-09 03:00:00Z,0-25%,75-100%,"['Bananas', 'Beans']",,Rainfed,"['Using Fertilizers', 'Intercropping']",5.0,4.0,4.0,5.0,9.0,0.0,2000.0,1980.0,1200.0,1200.0,1180.0,1100.0,It's picked from your farm,Supplier,
F-1901,1.0,Kayunga,1,yes,5.0,no,,no,,yes,Agricultural Use,Customary,,no,,yes,,yes,,no,,,yes,,yes,,yes,,no,,yes,,yes,,yes,,no,,7.7,1067.4,2.5,1050.0,1000.0,2005-07-15 03:00:00Z,0-25%,75-100%,"['Bananas', 'Beans']",,Rainfed,"['Intercropping', 'Weeding']",2.0,3.0,2.0,3.0,5.0,0.0,2000.0,1980.0,1000.0,1000.0,980.0,850.0,It's picked from your farm,Supplier,
F-1902,1.0,Kayunga,1,yes,8.0,no,,no,,yes,Agricultural Use,Agreement/lease,,no,,yes,,yes,,no,,,yes,,yes,,yes,,no,,yes,,yes,,yes,,no,,1.833,1062.3,2.5,1500.0,1470.0,2012-07-09 03:00:00Z,0-25%,75-100%,['Bananas'],,Rainfed,"['Using Fertilizers', 'Pruning', 'Weeding', 'Intercropping']",8.0,2.0,2.0,8.0,10.0,0.0,3000.0,2980.0,1500.0,1500.0,1480.0,1350.0,It's picked from your farm,Supplier,
F-1903,1.0,Kayunga,1,yes,6.0,no,,no,,no,Agricultural Use,Agreement/lease,,no,,yes,,yes,,yes,yes,,yes,,yes,,yes,,no,,yes,,yes,,yes,,no,,10.9,1715.9,3.5,1400.0,1000.0,1994-05-01 03:00:00Z,0-25%,75-100%,"['Bananas', 'Beans']",,Rainfed,"['Pruning', 'Weeding', 'Intercropping']",1.0,1.0,1.0,1.0,2.0,0.0,1000.0,980.0,960.0,1500.0,1480.0,1400.0,It's picked from your farm,Supplier,
F-1904,1.0,Luwero,1,yes,7.0,no,,no,,yes,Agricultural Use,Agreement/lease,,no,,yes,,yes,,no,,,yes,,yes,,yes,,no,,yes,,yes,,yes,,no,,12.973,1096.553,3.5,1400.0,1260.0,2010-08-07 03:00:00Z,0-25%,75-100%,['Bananas'],,Rainfed,['Weeding'],4.0,0.0,2.0,2.0,4.0,0.0,2700.0,2680.0,1350.0,1350.0,1340.0,1260.0,It's picked from your farm,Supplier,
F-1905,1.0,Luwero,1,yes,5.0,yes,LDC,no,,yes,Agricultural Use,Customary,,no,,yes,,yes,,yes,yes,,yes,,yes,,yes,,no,,yes,,yes,,yes,,no,,1.5744909,1034.086,5.5,2200.0,300.0,2011-03-02 03:00:00Z,0-25%,75-100%,['Bananas'],,Rainfed,['Intercropping'],2.0,2.0,1.0,3.0,4.0,0.0,150.0,130.0,110.0,150.0,140.0,75.0,It's picked from your farm,Supplier,
F-1906,1.0,Kayunga,1,yes,5.0,no,,no,,no,Agricultural Use,Title,,no,,yes,,yes,,yes,yes,,yes,,yes,,yes,,no,,yes,,yes,,yes,,no,,7.9,1097.2,5.5,2200.0,1000.0,2020-08-01 03:00:00Z,0-25%,75-100%,['Beans'],,Both(Rainfed+Irrigated),['Using Fertilizers'],15.0,12.0,18.0,9.0,19.0,8.0,800.0,780.0,150.0,2000.0,1800.0,36.0,At a hulling station,Supplier,
F-1907,1.0,Luwero,1,yes,5.0,no,,no,,yes,Agricultural Use,Customary,,no,,yes,,yes,,yes,yes,,yes,,yes,,yes,,no,,yes,,yes,,yes,,no,,1.7416027,1117.991,2.5,1000.0,200.0,2019-03-02 03:00:00Z,0-25%,75-100%,['Bananas'],,Rainfed,['Intercropping'],1.0,1.0,2.0,0.0,2.0,0.0,150.0,130.0,110.0,2000.0,1800.0,100.0,It's picked from your farm,Supplier,
F-1908,1.0,Kayunga,1,yes,8.0,no,,no,,yes,Agricultural Use,Agreement/lease,,no,,yes,,yes,,yes,yes,,yes,,yes,,yes,,no,,yes,,yes,,yes,,no,,1.9,1050.5,3.0,1200.0,1000.0,2010-08-08 03:00:00Z,0-25%,75-100%,['Bananas'],,Rainfed,"['Using Fertilizers', 'Pruning', 'Weeding']",2.0,1.0,3.0,0.0,3.0,0.0,500.0,480.0,450.0,600.0,580.0,500.0,It's picked from your farm,Supplier,
F-1909,1.0,Kayunga,1,yes,4.0,no,,no,,no,Agricultural Use,Agreement/lease,,no,,yes,,yes,,yes,yes,,yes,,yes,,yes,,no,,yes,,yes,,yes,,no,,4.2,1105.8,2.0,1100.0,1000.0,2009-03-12 03:00:00Z,0-25%,75-100%,['Bananas'],,Rainfed,['Using Fertilizers'],2.0,0.0,0.0,2.0,2.0,0.0,1000.0,980.0,960.0,700.0,680.0,500.0,It's picked from your farm,Cooperative representative,
F-1910,1.0,Luwero,1,yes,6.0,no,,no,,yes,Agricultural Use,Title,,no,,yes,,yes,,no,,,yes,,yes,,yes,,no,,yes,,yes,,yes,,no,,0.591,1064.051,5.0,2200.0,2100.0,1989-07-10 03:00:00Z,0-25%,75-100%,['Bananas'],,Rainfed,['Weeding'],2.0,2.0,0.0,4.0,4.0,0.0,1000.0,980.0,960.0,2250.0,2240.0,2100.0,It's picked from your farm,Supplier,
F-1911,1.0,Luwero,1,yes,4.0,no,,no,,yes,Agricultural Use,Agreement/lease,,no,,yes,,yes,,no,,,yes,,yes,,yes,,no,,yes,,yes,,yes,,no,,0.952,1142.117,5.5,2200.0,300.0,1998-09-12 03:00:00Z,0-25%,75-100%,['Bananas'],,Rainfed,['Using Fertilizers'],2.0,1.0,1.0,2.0,2.0,1.0,150.0,130.0,110.0,250.0,200.0,100.0,At a hulling station,Supplier,
F-1912,1.0,Luwero,1,yes,20.0,no,,no,,yes,Agricultural Use,Customary,,no,,yes,,yes,,yes,yes,,yes,,yes,,yes,,no,,yes,,yes,,yes,,no,,9.6,1148.1,5.5,2700.0,2670.0,2008-08-09 03:00:00Z,0-25%,75-100%,"['Bananas', 'Beans']",,Rainfed,"['Using Fertilizers', 'Pruning', 'Weeding', 'Intercropping']",2.0,0.0,0.0,2.0,2.0,0.0,150.0,130.0,110.0,1000.0,980.0,900.0,It's picked from your farm,Supplier,
F-1913,1.0,Kayunga,1,yes,10.0,no,,no,,yes,Agricultural Use,Agreement/lease,,no,,yes,,yes,,no,,,yes,,yes,,yes,,no,,yes,,yes,,yes,,no,,0.74725175,1074.092,3.17,1700.0,1500.0,1990-04-08 03:00:00Z,0-25%,75-100%,['Bananas'],,Rainfed,"['Using Fertilizers', 'Weeding', 'Intercropping', 'Pruning']",4.0,3.0,3.0,4.0,7.0,0.0,1000.0,980.0,960.0,1500.0,1480.0,1350.0,It's picked from your farm,Supplier,
F-1914,1.0,Kayunga,1,no,3.0,no,,no,,no,Agricultural Use,Agreement/lease,,no,,yes,,yes,,no,,,yes,,yes,,yes,,no,,yes,,yes,,yes,,no,,0.7596458,1095.826,2.0,900.0,800.0,2010-06-12 03:00:00Z,0-25%,75-100%,['Bananas'],,Rainfed,['Using Fertilizers'],2.0,0.0,0.0,2.0,2.0,0.0,1000.0,980.0,960.0,500.0,480.0,350.0,It's picked from your farm,Cooperative representative,
F-1915,1.0,Luwero,1,yes,2.0,no,,no,,yes,Agricultural Use,Title,,no,,yes,,yes,,no,,,yes,,yes,,yes,,no,,yes,,yes,,yes,,no,,0.649,1059.968,3.5,1400.0,1260.0,2012-08-10 03:00:00Z,0-25%,75-100%,['Bananas'],,Rainfed,['Weeding'],0.0,1.0,0.0,1.0,1.0,0.0,1000.0,980.0,960.0,1350.0,1340.0,1260.0,It's picked from your farm,Supplier,
F-1916,1.0,Kayunga,1,yes,4.0,no,,no,,no,Agricultural Use,Agreement/lease,,no,,yes,,yes,,yes,yes,,yes,,yes,,Yes,,no,,yes,,yes,,yes,,no,,0.73332125,1174.177,2.3,1050.0,1000.0,2011-04-11 03:00:00Z,0-25%,75-100%,['Bananas'],,Rainfed,['Using Fertilizers'],3.0,2.0,2.0,3.0,5.0,0.0,1000.0,980.0,800.0,800.0,780.0,600.0,It's picked from your farm,Cooperative representative,
F-1917,1.0,Kayunga,1,yes,3.0,no,,no,,no,Agricultural Use,Agreement/lease,,no,,yes,,yes,,no,,,yes,,yes,,yes,,no,,yes,,yes,,yes,,no,,3.3,1120.9,3.0,1200.0,900.0,2006-08-12 03:00:00Z,0-25%,75-100%,['Bananas'],,Rainfed,"['Weeding', 'Intercropping']",3.0,3.0,4.0,2.0,6.0,0.0,2000.0,1980.0,1000.0,1000.0,980.0,850.0,It's picked from your farm,Supplier,
F-1918,1.0,Kayunga,1,yes,5.0,no,,no,,no,Agricultural Use,Agreement/lease,,no,,yes,,yes,,yes,yes,,yes,,yes,,yes,,no,,yes,,yes,,yes,,no,,0.7723083,1024.254,1.0,400.0,200.0,2009-09-12 03:00:00Z,0-25%,75-100%,['Beans'],,Both(Rainfed+Irrigated),"['Using Fertilizers', 'Intercropping']",15.0,10.0,10.0,15.0,18.0,7.0,900.0,880.0,150.0,2000.0,1800.0,45.0,It's picked from your farm,Supplier,
F-1919,1.0,Luwero,1,yes,5.0,no,,no,,yes,Agricultural Use,Customary,,no,,yes,,yes,,yes,yes,,yes,,yes,,yes,,no,,yes,,yes,,yes,,no,,2.151,1113.2,3.0,1400.0,1350.0,2009-09-07 03:00:00Z,0-25%,75-100%,"['Bananas', 'Beans']",,Rainfed,"['Using Fertilizers', 'Pruning', 'Weeding', 'Intercropping']",2.0,0.0,1.0,1.0,2.0,0.0,1000.0,980.0,960.0,500.0,480.0,450.0,It's picked from your farm,Supplier,
F-1920,1.0,Kayunga,1,yes,6.0,no,,no,,yes,Agricultural Use,Agreement/lease,,no,,yes,,yes,,no,,,yes,,yes,,yes,,no,,yes,,yes,,yes,,no,,4.4,1057.6,2.5,1350.0,1300.0,1997-05-02 03:00:00Z,0-25%,75-100%,"['Bananas', 'Beans']",,Rainfed,['Weeding'],8.0,5.0,7.0,6.0,13.0,0.0,2000.0,1980.0,1000.0,1000.0,980.0,900.0,At a hulling station,Supplier,
F-1921,1.0,Kayunga,1,yes,12.0,no,,no,,no,Agricultural Use,Title,,no,,yes,,yes,,yes,yes,,yes,,yes,,yes,,no,,yes,,yes,,yes,,no,,0.80304515,1094.454,1.0,400.0,200.0,2009-09-12 03:00:00Z,0-25%,75-100%,"['Bananas', 'Beans']",,Both(Rainfed+Irrigated),"['Using Fertilizers', 'Intercropping']",5.0,30.0,30.0,5.0,28.0,7.0,800.0,780.0,150.0,2000.0,1800.0,35.0,It's picked from your farm,Supplier,
F-1922,1.0,Luwero,1,yes,2.0,no,,no,,yes,Agricultural Use,Customary,,no,,yes,,yes,,no,,,yes,,yes,,yes,,no,,yes,,yes,,yes,,no,,3.8645937,1210.607,3.5,1400.0,200.0,2019-12-13 03:00:00Z,0-25%,75-100%,['Bananas'],,Rainfed,['Weeding'],0.0,1.0,0.0,1.0,1.0,0.0,1000.0,980.0,960.0,2000.0,1800.0,40.0,somewhere else,other,Highest Bidder
F-1923,1.0,Luwero,1,yes,4.0,no,,no,,yes,Agricultural Use,Title,,no,,yes,,yes,,no,,,yes,,yes,,yes,,no,,yes,,yes,,yes,,no,,1.007,1141.741,2.5,1310.0,1260.0,2000-08-10 03:00:00Z,0-25%,75-100%,['Bananas'],,Rainfed,['Weeding'],1.0,1.0,0.0,2.0,2.0,0.0,2700.0,2680.0,1350.0,1350.0,1340.0,1260.0,It's picked from your farm,Supplier,
F-1924,1.0,Kayunga,1,no,3.0,no,,no,,no,Agricultural Use,Agreement/lease,,no,,yes,,yes,,yes,yes,,yes,,yes,,yes,,no,,yes,,yes,,yes,,no,,0.7186674,1094.288,2.0,800.0,770.0,2011-04-12 03:00:00Z,0-25%,75-100%,['Bananas'],,Rainfed,['Using Fertilizers'],0.0,0.0,0.0,0.0,0.0,0.0,150.0,130.0,110.0,790.0,780.0,600.0,It's picked from your farm,Cooperative representative,
F-1925,1.0,Kayunga,1,no,5.0,no,,no,,no,Agricultural Use,Title,,no,,yes,,yes,,yes,yes,,yes,,yes,,yes,,no,,yes,,yes,,yes,,no,,1.716,1084.3,2.6,1040.0,850.0,2009-09-12 03:00:00Z,0-25%,75-100%,"['Bananas', 'Tobacco']",,Both(Rainfed+Irrigated),['Using Fertilizers'],4.0,5.0,3.0,6.0,8.0,1.0,1000.0,980.0,960.0,85.0,75.0,36.0,At a hulling station,Hulling Station representative,
F-1926,1.0,Kayunga,1,yes,6.0,no,,no,,no,Agricultural Use,Title,,no,,yes,,yes,,yes,yes,,yes,,yes,,yes,,no,,yes,,yes,,yes,,no,,1.833,1133.7,2.2,880.0,649.0,2018-09-12 03:00:00Z,0-25%,75-100%,"['Bananas', 'Tobacco']",,Both(Rainfed+Irrigated),['Using Fertilizers'],3.0,6.0,8.0,1.0,5.0,4.0,150.0,130.0,110.0,650.0,640.0,58.0,At a hulling station,Supplier,
F-1927,1.0,Kayunga,1,yes,8.0,no,,no,,no,Agricultural Use,Agreement/lease,,no,,yes,,yes,,yes,yes,,yes,,yes,,yes,,no,,yes,,yes,,yes,,no,,9.1,1066.5,3.5,1400.0,1200.0,1996-02-03 03:00:00Z,0-25%,75-100%,"['Bananas', 'Beans']",,Rainfed,"['Pruning', 'Weeding', 'Intercropping']",1.0,1.0,1.0,1.0,2.0,0.0,3600.0,3580.0,1800.0,1800.0,1780.0,1700.0,It's picked from your farm,Supplier,
F-1928,1.0,Kayunga,1,yes,3.0,no,,no,,yes,Agricultural Use,Customary,,no,,yes,,yes,,yes,yes,,yes,,yes,,yes,,no,,yes,,yes,,yes,,no,,1.55,1048.3,3.1,1240.0,1000.0,2004-02-09 03:00:00Z,0-25%,75-100%,['Bananas'],,Rainfed,"['Using Fertilizers', 'Pruning', 'Weeding']",3.0,1.0,4.0,0.0,4.0,0.0,2000.0,1980.0,1000.0,1000.0,980.0,800.0,It's picked from your farm,Supplier,
F-1929,1.0,Kayunga,1,yes,6.0,no,,no,,no,Agricultural Use,Title,,no,,yes,,yes,,yes,yes,,yes,,yes,,yes,,no,,yes,,yes,,yes,,no,,3.6,1049.8,1.5,800.0,750.0,2009-09-12 03:00:00Z,0-25%,75-100%,"['Bananas', 'Tobacco', 'Beans']",,Both(Rainfed+Irrigated),['Using Fertilizers'],5.0,2.0,6.0,1.0,5.0,2.0,700.0,680.0,150.0,2000.0,1800.0,85.0,At a hulling station,Supplier,
F-1930,1.0,Kayunga,1,yes,3.0,no,,no,,yes,Agricultural Use,Customary,,no,,yes,,yes,,no,,,yes,,yes,,yes,,no,,yes,,yes,,yes,,no,,2.3,1087.6,3.0,1200.0,900.0,2014-04-12 03:00:00Z,0-25%,75-100%,"['Bananas', 'Beans']",,Rainfed,['Intercropping'],4.0,3.0,4.0,3.0,7.0,0.0,1800.0,1780.0,900.0,900.0,880.0,750.0,It's picked from your farm,Supplier,
F-1931,1.0,Luwero,1,yes,2.0,no,,no,,yes,Agricultural Use,Agreement/lease,,no,,yes,,yes,,yes,yes,,yes,,yes,,yes,,no,,yes,,yes,,yes,,no,,19.821,1106.5,5.5,2200.0,1000.0,2000-02-19 03:00:00Z,0-25%,75-100%,['Bananas'],,Rainfed,['Using Fertilizers'],1.0,1.0,0.0,2.0,2.0,0.0,150.0,130.0,110.0,250.0,200.0,180.0,It's picked from your farm,Supplier,
F-1932,1.0,Luwero,1,yes,4.0,no,,no,,yes,Agricultural Use,Agreement/lease,,no,,yes,,yes,,no,,,yes,,yes,,yes,,no,,yes,,yes,,yes,,no,,4.994,1086.856,3.0,1200.0,1000.0,1999-04-13 03:00:00Z,0-25%,75-100%,['Bananas'],,Rainfed,['Intercropping'],1.0,1.0,1.0,1.0,2.0,0.0,900.0,880.0,400.0,400.0,380.0,300.0,It's picked from your farm,Supplier,
F-1933,1.0,Luwero,1,yes,8.0,no,,no,,yes,Agricultural Use,Agreement/lease,,no,,yes,,yes,,yes,yes,,yes,,yes,,yes,,no,,yes,,yes,,yes,,no,,,,2.5,1050.0,1000.0,2000-01-10 03:00:00Z,0-25%,75-100%,['Bananas'],,Rainfed,['Using Fertilizers'],4.0,4.0,4.0,4.0,4.0,4.0,200.0,180.0,150.0,2000.0,1800.0,100.0,It's picked from your farm,Supplier,
F-1934,1.0,Kayunga,1,yes,4.0,no,,no,,yes,Agricultural Use,Agreement/lease,,no,,yes,,yes,,no,,,yes,,yes,,yes,,no,,yes,,yes,,yes,,no,,10.0,1041.0,2.5,1050.0,1000.0,2012-06-14 03:00:00Z,0-25%,75-100%,"['Bananas', 'Beans']",,Rainfed,"['Intercropping', 'Weeding']",3.0,2.0,3.0,2.0,5.0,0.0,2000.0,1980.0,1000.0,1000.0,980.0,850.0,It's picked from your farm,Supplier,
F-1935,1.0,Kayunga,1,no,4.0,no,,no,,no,Agricultural Use,Title,,no,,yes,,yes,,yes,yes,,yes,,yes,,yes,,no,,yes,,yes,,yes,,no,,4.288,1099.84729,2.4,960.0,800.0,1996-01-02 03:00:00Z,0-25%,75-100%,"['Bananas', 'Tobacco']",,Rainfed,"['Using Fertilizers', 'Weeding', 'Intercropping']",1.0,0.0,0.0,1.0,1.0,0.0,1600.0,1580.0,800.0,800.0,780.0,400.0,It's picked from your farm,Supplier,
F-1936,1.0,Kayunga,1,no,1.0,no,,no,,no,Agricultural Use,Agreement/lease,,no,,yes,,yes,,no,,,yes,,yes,,Yes,,no,,yes,,yes,,yes,,no,,3.0,1066.8,1.2,720.0,700.0,2015-05-12 03:00:00Z,0-25%,75-100%,['Bananas'],,Rainfed,['Using Fertilizers'],1.0,0.0,0.0,1.0,1.0,0.0,900.0,880.0,600.0,600.0,580.0,400.0,It's picked from your farm,Cooperative representative,
F-1937,1.0,Luwero,1,no,7.0,no,,no,,yes,Agricultural Use,Title,,no,,yes,,yes,,yes,yes,,yes,,yes,,yes,,no,,yes,,yes,,yes,,no,,17.207,1076.192,2.5,1070.0,1020.0,2018-08-04 03:00:00Z,0-25%,75-100%,"['Bananas', 'Beans']",,Rainfed,"['Pruning', 'Weeding', 'Intercropping']",12.0,3.0,0.0,15.0,15.0,0.0,2900.0,2880.0,1450.0,1450.0,1440.0,1305.0,At a hulling station,Supplier,
F-1938,1.0,Kayunga,1,yes,4.0,no,,no,,no,Agricultural Use,Agreement/lease,,no,,yes,,yes,,yes,yes,,yes,,yes,,Yes,,no,,yes,,yes,,yes,,no,,2.3,1092.5,2.3,1250.0,1200.0,2009-03-12 03:00:00Z,0-25%,75-100%,['Bananas'],,Rainfed,['Using Fertilizers'],3.0,3.0,2.0,4.0,6.0,0.0,1000.0,980.0,750.0,750.0,740.0,550.0,It's picked from your farm,Cooperative representative,
F-1939,1.0,Luwero,2,yes,5.0,yes,LDC,no,,yes,Agricultural Use,Customary,,no,,yes,,yes,,no,,,yes,,yes,,yes,,no,,yes,,yes,,yes,,no,,10.5,1127.5,5.5,2200.0,1800.0,2017-09-13 03:00:00Z,0-25%,75-100%,['Bananas'],,Rainfed,['Intercropping'],2.0,3.0,0.0,5.0,5.0,0.0,150.0,130.0,110.0,2000.0,1800.0,100.0,It's picked from your farm,Supplier,
F-1940,1.0,Nakeseke,2,yes,3.0,no,,no,,yes,Agricultural Use,Agreement/lease,,no,,yes,,yes,,yes,yes,,yes,,yes,,yes,,no,,yes,,yes,,yes,,no,,2.072,1102.728,5.5,2200.0,1000.0,2001-05-10 03:00:00Z,0-25%,75-100%,"['Bananas', 'Beans']",,Rainfed,"['Pruning', 'Weeding']",3.0,0.0,3.0,0.0,3.0,0.0,150.0,130.0,110.0,5600.0,3300.0,1700.0,It's picked from your farm,Supplier,
F-1941,1.0,Kayunga,1,yes,13.0,no,,no,,no,Agricultural Use,Agreement/lease,,no,,yes,,yes,,no,,,yes,,yes,,yes,,no,,yes,,yes,,yes,,no,,2.093,1040.1,3.0,1200.0,700.0,2018-04-20 03:00:00Z,0-25%,75-100%,['Beans'],,Rainfed,"['Intercropping', 'Weeding']",4.0,2.0,0.0,6.0,6.0,0.0,1000.0,980.0,960.0,500.0,480.0,400.0,It's picked from your farm,Hulling Station representative,
F-1942,1.0,Kayunga,1,yes,9.0,no,,no,,no,Agricultural Use,Agreement/lease,,no,,yes,,yes,,yes,yes,,yes,,yes,,yes,,no,,yes,,yes,,yes,,no,,16.8,1082.3,5.5,2200.0,1300.0,1998-07-10 03:00:00Z,0-25%,75-100%,"['Bananas', 'Beans']",,Rainfed,"['Pruning', 'Weeding', 'Intercropping']",1.0,1.0,1.0,1.0,2.0,0.0,150.0,130.0,110.0,1900.0,1880.0,1800.0,It's picked from your farm,Supplier,
F-1943,1.0,Kayunga,1,yes,3.0,no,,no,,no,Agricultural Use,Title,,no,,yes,,yes,,yes,yes,,yes,,yes,,yes,,no,,yes,,yes,,yes,,no,,1.566,1103.8,2.5,1000.0,319.0,2009-09-12 03:00:00Z,0-25%,75-100%,"['Bananas', 'Tobacco']",,Both(Rainfed+Irrigated),['Using Fertilizers'],5.0,2.0,6.0,1.0,5.0,2.0,150.0,130.0,110.0,2000.0,1800.0,80.0,At a hulling station,Supplier,
F-1944,1.0,Kayunga,1,yes,4.0,no,,no,,yes,Agricultural Use,Title,,no,,yes,,yes,,yes,yes,,yes,,yes,,yes,,no,,yes,,yes,,yes,,no,,2.0,1088.7,2.0,850.0,800.0,1999-07-02 03:00:00Z,0-25%,75-100%,['Bananas'],,Rainfed,"['Using Fertilizers', 'Weeding']",0.0,1.0,0.0,1.0,1.0,0.0,1000.0,980.0,500.0,800.0,780.0,400.0,At a hulling station,Supplier,
F-1945,1.0,Luwero,1,yes,4.0,no,,no,,yes,Agricultural Use,Title,,no,,yes,,yes,,no,,,yes,,yes,,yes,,no,,yes,,yes,,yes,,no,,1.271,1120.072,4.0,1780.0,1680.0,1990-05-10 03:00:00Z,0-25%,75-100%,['Bananas'],,Rainfed,['Weeding'],2.0,2.0,2.0,2.0,4.0,0.0,1000.0,980.0,960.0,1800.0,1780.0,1680.0,It's picked from your farm,Supplier,
F-1946,1.0,Luwero,1,yes,8.0,no,,no,,yes,Agricultural Use,Customary,,no,,yes,,yes,,no,,,yes,,yes,,yes,,no,,yes,,yes,,yes,,no,,9.1,1154.7,3.5,2100.0,2070.0,2017-09-12 03:00:00Z,0-25%,75-100%,['Bananas'],,Rainfed,['Intercropping'],4.0,4.0,0.0,8.0,8.0,0.0,2000.0,1980.0,150.0,2000.0,1800.0,100.0,It's picked from your farm,Supplier,
F-1947,1.0,Luwero,1,yes,9.0,no,,no,,yes,Agricultural Use,Agreement/lease,,no,,yes,,yes,,no,,,yes,,yes,,yes,,no,,yes,,yes,,yes,,no,,10.666,1137.0,3.5,1400.0,310.0,2010-02-18 03:00:00Z,0-25%,75-100%,['Bananas'],,Rainfed,"['Pruning', 'Weeding']",2.0,1.0,3.0,0.0,3.0,0.0,500.0,480.0,250.0,250.0,240.0,220.0,At a hulling station,Hulling Station representative,
F-1948,1.0,Luwero,1,yes,17.0,no,,no,,yes,Agricultural Use,Agreement/lease,,no,,yes,,yes,,no,,,yes,,yes,,yes,,no,,yes,,yes,,yes,,no,,4.5,1120.0,8.0,3200.0,1000.0,2000-07-28 03:00:00Z,0-25%,75-100%,['Bananas'],,Rainfed,"['Pruning', 'Weeding']",3.0,2.0,0.0,5.0,5.0,0.0,2000.0,1980.0,1960.0,2500.0,2480.0,2460.0,It's picked from your farm,Supplier,
F-1949,1.0,Kayunga,1,yes,5.0,no,,no,,yes,Agricultural Use,Title,,no,,yes,,yes,,yes,yes,,yes,,yes,,yes,,no,,yes,,yes,,yes,,no,,10.812,1088.9,4.5,1800.0,450.0,1970-09-01 03:00:00Z,0-25%,75-100%,"['Bananas', 'Millet', 'Beans', 'Sorghum']",,Rainfed,"['Using Fertilizers', 'Pruning', 'Weeding', 'Intercropping']",1.0,2.0,1.0,2.0,3.0,0.0,4000.0,3980.0,2000.0,2000.0,1980.0,1000.0,It's picked from your farm,Supplier,
F-1950,1.0,Kayunga,1,no,3.0,no,,no,,no,Natural forest,Customary,,no,,yes,,yes,,yes,yes,,yes,,yes,,yes,,no,,yes,,yes,,yes,,no,,3.0,1116.1,1.5,800.0,600.0,2019-08-09 03:00:00Z,0-25%,75-100%,['Bananas'],,Rainfed,['Using Fertilizers'],1.0,1.0,1.0,1.0,2.0,0.0,1200.0,1180.0,600.0,600.0,580.0,300.0,It's picked from your farm,Supplier,
F-1951,1.0,Kayunga,1,yes,3.0,no,,no,,no,Agricultural Use,Title,,no,,yes,,yes,,yes,yes,,yes,,yes,,yes,,no,,yes,,yes,,yes,,no,,1.65,1108.8,2.3,920.0,300.0,2019-02-12 03:00:00Z,0-25%,75-100%,"['Bananas', 'Tobacco']",,Both(Rainfed+Irrigated),['Using Fertilizers'],6.0,3.0,2.0,7.0,5.0,4.0,150.0,130.0,110.0,200.0,100.0,90.0,At a hulling station,Supplier,
F-1952,1.0,Kayunga,1,yes,3.0,no,,no,,yes,Agricultural Use,Customary,,no,,yes,,yes,,no,,,yes,,yes,,yes,,no,,yes,,yes,,yes,,no,,2.8,1068.9,3.0,1200.0,1000.0,2011-07-13 03:00:00Z,0-25%,75-100%,"['Bananas', 'Beans']",,Rainfed,"['Intercropping', 'Weeding']",2.0,3.0,2.0,3.0,5.0,0.0,1000.0,980.0,960.0,1000.0,980.0,850.0,It's picked from your farm,Supplier,
F-1953,1.0,Luwero,2,no,2.0,no,,no,,no,Agricultural Use,Title,,no,,yes,,yes,,yes,yes,,yes,,yes,,yes,,no,,yes,,yes,,yes,,no,,7.504,1089.213135,2.5,1000.0,400.0,2000-12-12 03:00:00Z,0-25%,75-100%,['Bananas'],,Rainfed,['Using Fertilizers'],0.0,0.0,0.0,0.0,0.0,0.0,150.0,130.0,110.0,2000.0,1800.0,45.0,It's picked from your farm,Supplier,
F-1954,1.0,Luwero,1,yes,8.0,no,,no,,no,Agricultural Use,Agreement/lease,,no,,yes,,yes,,yes,yes,,yes,,yes,,yes,,no,,yes,,yes,,yes,,no,,1.038,1089.639,2.5,1100.0,1000.0,1992-03-25 03:00:00Z,0-25%,75-100%,['Bananas'],,Rainfed,['Weeding'],2.0,1.0,3.0,0.0,3.0,0.0,1000.0,980.0,960.0,7000.0,3000.0,1500.0,It's picked from your farm,Supplier,
F-1955,1.0,Luwero,1,yes,4.0,no,,no,,yes,Agricultural Use,Customary,,no,,yes,,yes,,yes,yes,,yes,,yes,,yes,,no,,yes,,yes,,yes,,no,,0.821,1085.225,2.3,920.0,500.0,2019-04-17 03:00:00Z,0-25%,75-100%,"['Bananas', 'Beans']",,Rainfed,['Using Fertilizers'],1.0,1.0,2.0,0.0,2.0,0.0,1000.0,980.0,960.0,2000.0,1800.0,50.0,It's picked from your farm,Supplier,
F-1956,1.0,Luwero,1,yes,6.0,no,,no,,yes,Agricultural Use,Title,,no,,yes,,yes,,no,,,yes,,yes,,yes,,no,,yes,,yes,,yes,,no,,8.8,1097.8,3.5,1400.0,1200.0,2020-09-04 03:00:00Z,0-25%,75-100%,"['Bananas', 'Beans']",,Rainfed,"['Using Fertilizers', 'Weeding', 'Intercropping']",2.0,2.0,4.0,0.0,4.0,0.0,1000.0,980.0,960.0,1500.0,1480.0,1350.0,It's picked from your farm,Supplier,
F-1957,1.0,Kayunga,1,yes,6.0,no,,no,,yes,Agricultural Use,Customary,,no,,yes,,yes,,yes,yes,,yes,,yes,,yes,,no,,yes,,yes,,yes,,no,,2.8,1069.4,2.2,1320.0,1290.0,2000-08-09 03:00:00Z,0-25%,75-100%,"['Bananas', 'Beans']",,Rainfed,"['Using Fertilizers', 'Pruning', 'Weeding', 'Intercropping']",5.0,1.0,4.0,2.0,6.0,0.0,4000.0,3980.0,2000.0,2000.0,1980.0,1500.0,At a hulling station,Supplier,
F-1958,1.0,Luwero,1,yes,4.0,no,,no,,yes,Agricultural Use,Customary,,no,,yes,,yes,,no,,,yes,,yes,,yes,,no,,yes,,yes,,yes,,no,,0.624,1086.793,3.5,1400.0,1000.0,2000-12-13 03:00:00Z,0-25%,75-100%,['Bananas'],,Rainfed,['Intercropping'],1.0,1.0,1.0,1.0,2.0,0.0,1200.0,1180.0,600.0,600.0,580.0,300.0,It's picked from your farm,Supplier,
F-1959,1.0,Kayunga,1,yes,9.0,no,,no,,no,Agricultural Use,Title,,no,,yes,,yes,,yes,yes,,yes,,yes,,yes,,no,,yes,,yes,,yes,,no,,14.485,1082.9,3.0,1300.0,1200.0,2000-04-14 03:00:00Z,0-25%,75-100%,"['Bananas', 'Beans']",,Rainfed,"['Pruning', 'Weeding']",1.0,1.0,1.0,1.0,2.0,0.0,1000.0,980.0,960.0,1800.0,1780.0,1700.0,It's picked from your farm,Supplier,
F-1960,1.0,Luwero,1,yes,2.0,no,,no,,yes,Agricultural Use,Customary,,no,,yes,,yes,,yes,yes,,yes,,yes,,yes,,no,,yes,,yes,,yes,,no,,8.8,1145.6,5.5,3300.0,3270.0,2007-09-08 03:00:00Z,0-25%,75-100%,"['Bananas', 'Beans']",,Rainfed,"['Using Fertilizers', 'Pruning', 'Weeding', 'Intercropping']",3.0,1.0,4.0,0.0,4.0,0.0,150.0,130.0,110.0,4000.0,3980.0,3600.0,It's picked from your farm,Supplier,
F-1961,1.0,Kayunga,1,yes,6.0,no,,no,,yes,Agricultural Use,Customary,,no,,yes,,yes,,yes,yes,,yes,,yes,,yes,,no,,yes,,yes,,yes,,no,,2.5,1069.3,3.0,1370.0,1350.0,1990-02-18 03:00:00Z,0-25%,75-100%,['Bananas'],,Rainfed,['Intercropping'],2.0,2.0,4.0,0.0,4.0,0.0,4050.0,4030.0,2025.0,2025.0,2010.0,1013.0,It's picked from your farm,Supplier,
F-1962,1.0,Kayunga,1,yes,6.0,no,,no,,no,Agricultural Use,Title,,no,,yes,,yes,,yes,yes,,yes,,yes,,yes,,no,,yes,,yes,,yes,,no,,2.5,1078.1,2.3,920.0,640.0,2008-09-13 03:00:00Z,0-25%,75-100%,"['Bananas', 'Tobacco']",,Both(Rainfed+Irrigated),['Using Fertilizers'],6.0,3.0,2.0,7.0,5.0,4.0,150.0,130.0,110.0,2000.0,1800.0,85.0,At a hulling station,Supplier,
F-1963,1.0,Luwero,1,yes,4.0,yes,LDC,no,,yes,Agricultural Use,Customary,,no,,yes,,yes,,no,,,yes,,yes,,yes,,no,,yes,,yes,,yes,,no,,3.5,1102.6,5.5,2200.0,400.0,2000-10-02 03:00:00Z,0-25%,75-100%,['Bananas'],,Rainfed,"['Weeding', 'Intercropping']",2.0,1.0,1.0,2.0,2.0,1.0,150.0,130.0,110.0,250.0,240.0,225.0,It's picked from your farm,Supplier,
F-1964,1.0,Kayunga,1,yes,5.0,no,,no,,yes,Agricultural Use,Customary,,no,,yes,,yes,,no,,,yes,,yes,,yes,,no,,yes,,yes,,yes,,no,,5.8,1068.4,3.0,1200.0,1000.0,1990-11-19 03:00:00Z,0-25%,75-100%,"['Bananas', 'Beans']",,Rainfed,"['Intercropping', 'Weeding']",3.0,2.0,3.0,2.0,5.0,0.0,1000.0,980.0,960.0,1000.0,980.0,850.0,At a hulling station,Supplier,
F-1965,1.0,Kayunga,1,yes,2.0,no,,no,,no,Agricultural Use,Title,,no,,yes,,yes,,yes,yes,,yes,,yes,,yes,,no,,yes,,yes,,yes,,no,,1.1538348,1126.306,1.5,600.0,200.0,2007-09-15 03:00:00Z,0-25%,75-100%,"['Bananas', 'Tobacco']",,Both(Rainfed+Irrigated),['Using Fertilizers'],2.0,3.0,4.0,1.0,3.0,2.0,900.0,880.0,150.0,2000.0,1800.0,68.0,At a hulling station,Supplier,
F-1966,1.0,Luwero,1,yes,8.0,no,,no,,yes,Agricultural Use,Title,,no,,yes,,yes,,no,,,yes,,yes,,yes,,no,,yes,,yes,,yes,,no,,2.492,1133.2,3.0,1300.0,1200.0,2019-04-01 03:00:00Z,0-25%,75-100%,"['Bananas', 'Beans']",,Rainfed,"['Using Fertilizers', 'Intercropping', 'Weeding']",4.0,4.0,4.0,4.0,8.0,0.0,1000.0,980.0,960.0,1500.0,1480.0,1340.0,It's picked from your farm,Supplier,
F-1967,1.0,Luwero,1,yes,4.0,no,,no,,no,Agricultural Use,Agreement/lease,,no,,yes,,yes,,yes,yes,,yes,,yes,,yes,,no,,yes,,yes,,yes,,no,,1.99,1102.738,3.5,1400.0,700.0,1990-07-15 03:00:00Z,0-25%,75-100%,['Bananas'],,Rainfed,"['Pruning', 'Weeding', 'Intercropping']",2.0,2.0,0.0,4.0,4.0,0.0,1000.0,980.0,960.0,500.0,480.0,460.0,It's picked from your farm,Supplier,
F-1968,1.0,Luwero,1,yes,5.0,no,,no,,yes,Agricultural Use,Customary,,no,,yes,,yes,,yes,yes,,yes,,yes,,yes,,no,,yes,,yes,,yes,,no,,2.2,1130.8,8.0,3600.0,3570.0,2007-04-05 03:00:00Z,0-25%,75-100%,"['Bananas', 'Beans']",,Rainfed,"['Using Fertilizers', 'Pruning', 'Weeding', 'Intercropping']",2.0,1.0,1.0,2.0,3.0,0.0,4000.0,3980.0,2000.0,2000.0,1980.0,1800.0,It's picked from your farm,Supplier,
F-1969,1.0,Kayunga,1,yes,8.0,no,,no,,yes,Agricultural Use,Agreement/lease,,no,,yes,,yes,,no,,,yes,,yes,,yes,,no,,yes,,yes,,yes,,no,,1.062168,1065.857,3.5,1700.0,1500.0,2000-07-08 03:00:00Z,0-25%,75-100%,['Bananas'],,Rainfed,"['Using Fertilizers', 'Pruning', 'Weeding', 'Intercropping']",10.0,2.0,4.0,8.0,12.0,0.0,3000.0,2980.0,1500.0,1500.0,1480.0,1350.0,It's picked from your farm,Supplier,
F-1970,1.0,Luwero,1,yes,12.0,no,,no,,yes,Agricultural Use,Title,,no,,yes,,yes,,yes,yes,,yes,,yes,,yes,,no,,yes,,yes,,yes,,no,,2.533,1130.319,5.5,3300.0,3270.0,1990-05-03 03:00:00Z,0-25%,75-100%,['Bananas'],,Rainfed,"['Pruning', 'Weeding']",11.0,2.0,2.0,11.0,13.0,0.0,9000.0,8980.0,8960.0,9000.0,8980.0,8960.0,It's picked from your farm,Supplier,
F-1971,1.0,Kayunga,1,yes,5.0,no,,no,,yes,Agricultural Use,Agreement/lease,,no,,yes,,yes,,yes,yes,,yes,,yes,,yes,,no,,yes,,yes,,yes,,no,,2.858,1064.8,2.5,1000.0,200.0,2020-04-21 03:00:00Z,0-25%,75-100%,['Bananas'],,Rainfed,"['Pruning', 'Weeding']",1.0,1.0,0.0,2.0,2.0,0.0,9000.0,8980.0,1000.0,9000.0,8980.0,5000.0,It's picked from your farm,other,Highest Bidder
F-1972,1.0,Nakeseke,1,yes,4.0,no,,no,,yes,Agricultural Use,Customary,,no,,yes,,yes,,yes,yes,,yes,,yes,,yes,,no,,yes,,yes,,yes,,no,,7.8,1186.2,5.5,2200.0,1800.0,2001-08-01 03:00:00Z,0-25%,75-100%,['Beans'],,Rainfed,['Using Fertilizers'],0.0,0.0,0.0,0.0,0.0,0.0,150.0,130.0,110.0,1500.0,1480.0,1350.0,It's picked from your farm,Supplier,
F-1973,1.0,Kayunga,1,yes,5.0,no,,no,,yes,Agricultural Use,Agreement/lease,,no,,yes,,yes,,yes,yes,,yes,,yes,,Yes,,no,,yes,,yes,,yes,,no,,1.0643917,1066.742,1.2,720.0,700.0,2009-03-12 03:00:00Z,0-25%,75-100%,['Bananas'],,Rainfed,['Using Fertilizers'],2.0,0.0,0.0,2.0,2.0,0.0,800.0,780.0,700.0,700.0,680.0,500.0,It's picked from your farm,Cooperative representative,
F-1974,1.0,Luwero,1,yes,5.0,no,,no,,yes,Agricultural Use,Agreement/lease,,no,,yes,,yes,,no,,,yes,,yes,,yes,,no,,yes,,yes,,yes,,no,,9.0,1117.0,5.5,2200.0,378.0,2000-06-30 03:00:00Z,0-25%,75-100%,['Bananas'],,Rainfed,"['Using Fertilizers', 'Pruning', 'Weeding']",3.0,3.0,6.0,0.0,6.0,0.0,150.0,130.0,110.0,3000.0,2980.0,2960.0,At a hulling station,Hulling Station representative,
F-1975,1.0,Kayunga,1,yes,10.0,no,,no,,yes,Agricultural Use,Agreement/lease,,no,,yes,,yes,,yes,yes,,yes,,yes,,Yes,,no,,yes,,yes,,yes,,no,,3.7,1112.2,1.2,720.0,690.0,2010-03-12 03:00:00Z,0-25%,75-100%,['Bananas'],,Rainfed,['Using Fertilizers'],3.0,2.0,0.0,5.0,5.0,0.0,700.0,680.0,509.0,509.0,500.0,300.0,It's picked from your farm,Cooperative representative,
F-1976,1.0,Kayunga,1,yes,3.0,no,,no,,no,Agricultural Use,Agreement/lease,,no,,yes,,yes,,yes,yes,,yes,,yes,,yes,,no,,yes,,yes,,yes,,no,,0.78356504,1078.853,2.0,900.0,800.0,2008-05-12 03:00:00Z,0-25%,75-100%,['Bananas'],,Rainfed,['Using Fertilizers'],2.0,1.0,1.0,2.0,3.0,0.0,1000.0,980.0,960.0,700.0,680.0,50.0,It's picked from your farm,Cooperative representative,
F-1977,1.0,Kayunga,1,yes,1.0,no,,no,,no,Natural forest,Title,,no,,yes,,yes,,yes,yes,,yes,,yes,,yes,,no,,yes,,yes,,yes,,no,,9.648001,1083.548828,5.5,2200.0,400.0,2009-12-12 03:00:00Z,0-25%,75-100%,['Bananas'],,Rainfed,['Using Fertilizers'],0.0,0.0,0.0,0.0,0.0,0.0,150.0,130.0,110.0,2000.0,1800.0,45.0,It's picked from your farm,Supplier,
F-1978,1.0,Kayunga,1,yes,5.0,no,,no,,no,Agricultural Use,Customary,,no,,yes,,yes,,no,,,yes,,yes,,yes,,no,,yes,,yes,,yes,,no,,2.7,1087.7,3.0,1200.0,1000.0,2015-05-12 03:00:00Z,0-25%,75-100%,['Bananas'],,Rainfed,"['Weeding', 'Intercropping']",3.0,3.0,3.0,3.0,6.0,0.0,2000.0,1980.0,1000.0,1000.0,980.0,850.0,At a hulling station,Supplier,
F-1979,1.0,Luwero,1,yes,1.0,no,,no,,yes,Agricultural Use,Title,,no,,yes,,yes,,yes,yes,,yes,,yes,,yes,,no,,yes,,yes,,yes,,no,,1.397,1141.906,2.5,1000.0,200.0,2000-02-19 03:00:00Z,0-25%,75-100%,['Bananas'],,Rainfed,['Using Fertilizers'],1.0,1.0,1.0,1.0,2.0,0.0,150.0,130.0,110.0,2000.0,1800.0,95.0,It's picked from your farm,Supplier,
F-1980,1.0,Luwero,1,yes,4.0,no,,no,,yes,Agricultural Use,Title,,no,,yes,,yes,,no,,,yes,,yes,,yes,,no,,yes,,yes,,yes,,no,,1.092,1121.28,3.0,1360.0,1260.0,1995-04-12 03:00:00Z,0-25%,75-100%,['Bananas'],,Rainfed,['Weeding'],3.0,2.0,2.0,3.0,5.0,0.0,1000.0,980.0,960.0,1350.0,1340.0,1260.0,It's picked from your farm,Supplier,
F-1981,1.0,Kayunga,1,yes,3.0,no,,no,,no,Agricultural Use,Title,,no,,yes,,yes,,yes,yes,,yes,,yes,,yes,,no,,yes,,yes,,yes,,no,,2.4,1069.1,3.1,1240.0,640.0,2014-09-12 03:00:00Z,0-25%,75-100%,"['Bananas', 'Millet']",,Both(Rainfed+Irrigated),['Using Fertilizers'],6.0,3.0,2.0,7.0,5.0,4.0,1000.0,980.0,960.0,2000.0,1800.0,90.0,At a hulling station,Supplier,
F-1982,1.0,Kayunga,1,yes,6.0,no,,no,,no,Agricultural Use,Title,,no,,yes,,yes,,yes,yes,,yes,,yes,,yes,,no,,yes,,yes,,yes,,no,,6.856,1074.1,2.5,1000.0,200.0,2013-09-12 03:00:00Z,0-25%,75-100%,"['Bananas', 'Beans']",,Both(Rainfed+Irrigated),['Using Fertilizers'],3.0,2.0,5.0,0.0,3.0,2.0,1000.0,980.0,960.0,2000.0,1800.0,65.0,At a hulling station,Supplier,
F-1983,1.0,Luwero,1,yes,8.0,no,,no,,yes,Agricultural Use,Title,,no,,yes,,yes,,no,,,yes,,yes,,yes,,no,,yes,,yes,,yes,,no,,2.4,1150.9,3.0,1300.0,1200.0,2020-04-14 03:00:00Z,0-25%,75-100%,"['Bananas', 'Beans']",,Rainfed,"['Using Fertilizers', 'Intercropping']",4.0,3.0,2.0,5.0,7.0,0.0,1000.0,980.0,960.0,1500.0,1480.0,1340.0,It's picked from your farm,Supplier,
F-1984,1.0,Kayunga,1,yes,4.0,no,,no,,yes,Agricultural Use,Customary,,no,,yes,,yes,,no,,,yes,,yes,,yes,,no,,yes,,yes,,yes,,no,,2.3,1065.8,3.0,1200.0,1000.0,2000-08-09 03:00:00Z,0-25%,75-100%,['Bananas'],,Rainfed,"['Pruning', 'Weeding', 'Intercropping']",3.0,0.0,3.0,0.0,3.0,0.0,1000.0,980.0,900.0,1100.0,1080.0,950.0,It's picked from your farm,Supplier,
F-1985,1.0,Luwero,1,no,3.0,no,,no,,no,Agricultural Use,Title,,no,,yes,,yes,,no,,,yes,,yes,,yes,,no,,yes,,yes,,yes,,no,,0.767,1106.364,3.0,1360.0,1260.0,2000-01-07 03:00:00Z,0-25%,75-100%,['Bananas'],,Rainfed,['Pruning'],2.0,1.0,0.0,3.0,3.0,0.0,1000.0,980.0,960.0,1350.0,1340.0,1260.0,At a hulling station,Supplier,
F-1986,1.0,Kayunga,1,no,2.0,no,,no,,no,Agricultural Use,Title,,no,,yes,,yes,,yes,yes,,yes,,yes,,yes,,no,,yes,,yes,,yes,,no,,1.633,1098.7,2.0,850.0,800.0,1970-02-03 03:00:00Z,0-25%,75-100%,"['Bananas', 'Tobacco']",,Rainfed,"['Using Fertilizers', 'Weeding', 'Intercropping']",0.0,1.0,0.0,1.0,1.0,0.0,1600.0,1580.0,800.0,800.0,780.0,400.0,It's picked from your farm,Supplier,
F-1987,1.0,Kayunga,1,yes,4.0,no,,no,,yes,Agricultural Use,Customary,,no,,yes,,yes,,no,,,yes,,yes,,yes,,no,,yes,,yes,,yes,,no,,2.8,1068.5,3.0,1200.0,1000.0,2018-05-12 03:00:00Z,0-25%,75-100%,['Bananas'],,Rainfed,"['Weeding', 'Intercropping']",3.0,3.0,4.0,2.0,6.0,0.0,1000.0,980.0,960.0,1000.0,980.0,850.0,It's picked from your farm,Supplier,
F-1988,1.0,Luwero,1,yes,6.0,no,,no,,yes,Agricultural Use,Agreement/lease,,no,,yes,,yes,,yes,yes,,yes,,yes,,yes,,no,,yes,,yes,,yes,,no,,0.925,1115.938,3.5,1450.0,1350.0,2000-04-12 03:00:00Z,0-25%,75-100%,"['Bananas', 'Beans']",,Rainfed,"['Pruning', 'Weeding', 'Intercropping']",2.0,0.0,2.0,0.0,2.0,0.0,1000.0,980.0,960.0,500.0,480.0,450.0,It's picked from your farm,Supplier,
F-1989,1.0,Luwero,1,yes,5.0,no,,no,,yes,Agricultural Use,Agreement/lease,,no,,yes,,yes,,no,,,yes,,yes,,yes,,no,,yes,,yes,,yes,,no,,0.707,1118.528,3.0,1310.0,1260.0,2000-12-10 03:00:00Z,0-25%,75-100%,['Bananas'],,Rainfed,['Weeding'],1.0,1.0,0.0,2.0,2.0,0.0,2700.0,2680.0,1350.0,1350.0,1340.0,1260.0,It's picked from your farm,Supplier,
F-1990,1.0,Luwero,1,yes,5.0,no,,no,,yes,Agricultural Use,Agreement/lease,,yes,Land Wrangles,yes,,yes,,no,,,yes,,yes,,yes,,no,,yes,,yes,,yes,,no,,4.335,1181.67,5.5,2200.0,1000.0,2009-02-15 03:00:00Z,0-25%,75-100%,"['Bananas', 'other']",trees,Rainfed,"['Pruning', 'Weeding', 'Intercropping']",1.0,1.0,0.0,2.0,2.0,0.0,150.0,130.0,110.0,1000.0,980.0,500.0,somewhere else,other,Highest Bidder
F-1991,1.0,Kayunga,1,yes,3.0,yes,LDC,no,,,Agricultural Use,Agreement/lease,,no,,yes,,yes,,no,,,yes,,yes,,yes,,no,,yes,,yes,,yes,,no,,13.936001,1086.394043,5.5,2200.0,400.0,2009-12-12 03:00:00Z,0-25%,75-100%,['Bananas'],,Rainfed,['Using Fertilizers'],0.0,9.0,0.0,9.0,9.0,0.0,150.0,130.0,110.0,2000.0,1800.0,56.0,It's picked from your farm,Supplier,
F-1992,1.0,Luwero,1,yes,7.0,no,,no,,no,Agricultural Use,Customary,,no,,yes,,yes,,yes,yes,,yes,,yes,,yes,,no,,yes,,yes,,yes,,no,,6.1,1132.1,4.5,1800.0,1770.0,2007-07-08 03:00:00Z,0-25%,75-100%,"['Bananas', 'Beans']",,Rainfed,"['Using Fertilizers', 'Pruning', 'Weeding', 'Intercropping']",2.0,0.0,1.0,1.0,2.0,0.0,2000.0,1980.0,1000.0,1000.0,980.0,900.0,It's picked from your farm,Supplier,
F-1993,1.0,Kayunga,1,yes,3.0,no,,no,,yes,Agricultural Use,Customary,,no,,yes,,yes,,no,,,yes,,yes,,yes,,no,,yes,,yes,,yes,,no,,2.2,1064.2,3.0,1200.0,1000.0,2010-08-12 03:00:00Z,0-25%,75-100%,"['Bananas', 'Beans']",,Rainfed,"['Intercropping', 'Weeding']",2.0,2.0,2.0,2.0,4.0,0.0,1000.0,980.0,960.0,1000.0,980.0,850.0,It's picked from your farm,Supplier,
F-1994,1.0,Kayunga,1,yes,5.0,no,,no,,yes,Agricultural Use,Agreement/lease,,no,,yes,,yes,,yes,yes,,yes,,yes,,yes,,no,,yes,,yes,,yes,,no,,4.683,1078.3,3.2,1280.0,1000.0,2000-03-09 03:00:00Z,0-25%,75-100%,['Bananas'],,Rainfed,"['Using Fertilizers', 'Pruning', 'Weeding']",3.0,3.0,5.0,1.0,6.0,0.0,1200.0,1180.0,1000.0,1000.0,980.0,800.0,It's picked from your farm,Supplier,
F-1995,1.0,Luwero,1,yes,3.0,no,,no,,yes,Agricultural Use,Title,,no,,yes,,yes,,yes,yes,,yes,,yes,,yes,,no,,yes,,yes,,yes,,no,,1.891,1131.83,3.5,1400.0,1080.0,2018-08-12 03:00:00Z,0-25%,75-100%,"['Bananas', 'Beans']",,Rainfed,"['Pruning', 'Weeding', 'Intercropping']",6.0,6.0,0.0,12.0,12.0,0.0,1000.0,980.0,960.0,1150.0,1140.0,1035.0,At a hulling station,Supplier,
F-1996,1.0,Nakeseke,2,yes,5.0,no,,no,,yes,Agricultural Use,Agreement/lease,,no,,yes,,yes,,no,,,yes,,yes,,no,its according to agreed amount,no,,yes,,yes,,yes,,no,,7.7,1105.8,5.5,2200.0,350.0,2017-05-21 03:00:00Z,0-25%,75-100%,['Bananas'],,Rainfed,"['Pruning', 'Weeding']",2.0,2.0,4.0,0.0,4.0,0.0,150.0,130.0,110.0,4000.0,3980.0,3400.0,It's picked from your farm,Supplier,
F-1997,1.0,Kayunga,1,yes,6.0,no,,no,,yes,Agricultural Use,Agreement/lease,,no,,yes,,yes,,no,,,yes,,yes,,yes,,no,,yes,,yes,,yes,,no,,0.7819025,1106.13,2.5,1300.0,1000.0,2000-06-07 03:00:00Z,0-25%,75-100%,['Bananas'],,Rainfed,"['Pruning', 'Weeding', 'Intercropping']",6.0,2.0,2.0,6.0,8.0,0.0,150.0,130.0,110.0,1000.0,980.0,900.0,At a hulling station,Supplier,
F-1998,1.0,Luwero,1,yes,5.0,no,,no,,yes,Agricultural Use,Agreement/lease,,no,,yes,,yes,,no,,,yes,,yes,,yes,,no,,yes,,yes,,yes,,no,,13.659,3770.921,3.0,1310.0,1260.0,2006-07-08 03:00:00Z,0-25%,75-100%,['Bananas'],,Rainfed,['Weeding'],1.0,0.0,0.0,1.0,1.0,0.0,2700.0,2680.0,1350.0,1350.0,1340.0,1260.0,It's picked from your farm,Supplier,
F-1999,1.0,Luwero,1,yes,5.0,no,,no,,yes,Agricultural Use,Agreement/lease,,no,,yes,,yes,,no,,,yes,,yes,,yes,,no,,yes,,yes,,yes,,no,,5.0,1093.0,2.5,1000.0,400.0,1998-10-01 03:00:00Z,0-25%,75-100%,['Bananas'],,Rainfed,"['Intercropping', 'Weeding']",1.0,1.0,1.0,1.0,1.0,1.0,7000.0,6980.0,350.0,350.0,340.0,315.0,It's picked from your farm,Supplier,
F-2000,1.0,Luwero,1,yes,2.0,no,,no,,yes,Agricultural Use,Agreement/lease,,no,,yes,,yes,,yes,yes,,yes,,yes,,yes,,no,,yes,,yes,,yes,,no,,2.368,1179.639,5.5,2200.0,300.0,2002-09-13 03:00:00Z,0-25%,75-100%,['Bananas'],,Rainfed,['Using Fertilizers'],1.0,1.0,0.0,2.0,2.0,0.0,150.0,130.0,110.0,150.0,140.0,100.0,It's picked from your farm,Supplier,
F-2001,1.0,Kayunga,1,yes,5.0,no,,no,,no,Agricultural Use,Title,,no,,yes,,yes,,yes,yes,,yes,,yes,,yes,,no,,yes,,yes,,yes,,no,,0.82318133,1029.504,1.0,400.0,200.0,2003-03-12 03:00:00Z,0-25%,75-100%,"['Bananas', 'Beans']",,Both(Rainfed+Irrigated),"['Using Fertilizers', 'Intercropping']",15.0,10.0,10.0,15.0,17.0,8.0,4000.0,3980.0,150.0,2000.0,1800.0,25.0,It's picked from your farm,Supplier,
F-2002,1.0,Kayunga,1,yes,8.0,no,,no,,yes,Agricultural Use,Customary,,no,,yes,,yes,,no,,,yes,,yes,,yes,,no,,yes,,yes,,yes,,no,,1.6595577,1048.231,3.0,1700.0,1500.0,2008-06-08 03:00:00Z,0-25%,75-100%,['Bananas'],,Rainfed,"['Using Fertilizers', 'Pruning', 'Weeding', 'Intercropping']",8.0,5.0,5.0,8.0,13.0,0.0,3000.0,2980.0,1500.0,1500.0,1480.0,1350.0,It's picked from your farm,Supplier,
F-2003,1.0,Kayunga,1,yes,10.0,no,,no,,yes,Agricultural Use,Agreement/lease,,no,,yes,,yes,,no,,,yes,,yes,,yes,,no,,yes,,yes,,yes,,no,,1.525,1043.8,3.2,1300.0,800.0,2020-08-12 03:00:00Z,0-25%,75-100%,['Bananas'],,Rainfed,"['Using Fertilizers', 'Pruning', 'Weeding', 'Intercropping']",4.0,2.0,0.0,6.0,6.0,0.0,1000.0,980.0,960.0,5000.0,4980.0,4960.0,It's picked from your farm,Cooperative representative,
F-2004,1.0,Kayunga,1,yes,5.0,no,,no,,no,Agricultural Use,Customary,,no,,yes,,yes,,no,,,yes,,yes,,yes,,no,,yes,,yes,,yes,,no,,3.2,1035.8,2.5,1000.0,800.0,2019-08-12 03:00:00Z,0-25%,75-100%,"['Bananas', 'Beans']",,Rainfed,"['Weeding', 'Intercropping']",4.0,3.0,3.0,4.0,7.0,0.0,1000.0,980.0,960.0,900.0,880.0,800.0,At a hulling station,Supplier,
F-2005,1.0,Kayunga,1,yes,3.0,no,,no,,no,Agricultural Use,Title,,no,,yes,,yes,,yes,yes,,yes,,yes,,yes,,no,,yes,,yes,,yes,,no,,0.735702,1101.84,1.0,400.0,200.0,2010-04-13 03:00:00Z,0-25%,75-100%,"['Bananas', 'Tobacco', 'Beans']",,Both(Rainfed+Irrigated),['Using Fertilizers'],5.0,20.0,20.0,5.0,22.0,3.0,800.0,780.0,150.0,2000.0,1800.0,39.0,It's picked from your farm,Supplier,
F-2006,1.0,Kayunga,1,yes,4.0,yes,LDC,no,,yes,Agricultural Use,Agreement/lease,,no,,yes,,yes,,no,,,yes,,yes,,yes,,no,,yes,,yes,,yes,,no,,5.3,993.6,5.5,2200.0,1000.0,2019-07-12 03:00:00Z,0-25%,75-100%,['Bananas'],,Rainfed,"['Weeding', 'Intercropping']",3.0,3.0,4.0,2.0,6.0,0.0,150.0,130.0,110.0,1000.0,980.0,850.0,It's picked from your farm,Supplier,
F-2007,1.0,Luwero,1,yes,3.0,no,,no,,yes,Agricultural Use,Agreement/lease,,no,,yes,,yes,,yes,yes,,yes,,yes,,yes,,no,,yes,,yes,,yes,,no,,7.4,1106.400024,2.5,1050.0,1000.0,1990-05-10 03:00:00Z,0-25%,75-100%,['Bananas'],,Rainfed,['Using Fertilizers'],2.0,1.0,0.0,3.0,3.0,0.0,200.0,180.0,170.0,250.0,200.0,180.0,It's picked from your farm,Supplier,
F-2008,1.0,Kayunga,1,yes,8.0,no,,no,,no,Agricultural Use,Title,,no,,yes,,yes,,yes,yes,,yes,,yes,,yes,,no,,yes,,yes,,yes,,no,,1.9,1098.4,3.0,1300.0,1200.0,1990-08-09 03:00:00Z,0-25%,75-100%,['Bananas'],,Rainfed,['Intercropping'],5.0,0.0,5.0,0.0,5.0,0.0,1300.0,1280.0,600.0,1400.0,1380.0,700.0,It's picked from your farm,Supplier,
F-2009,1.0,Kayunga,1,no,4.0,no,,no,,yes,Agricultural Use,Agreement/lease,,no,,yes,,yes,,no,,,yes,,yes,,Yes,,no,,yes,,yes,,yes,,no,,2.0,1106.4,2.3,920.0,800.0,2010-02-12 03:00:00Z,0-25%,75-100%,['Bananas'],,Rainfed,['Using Fertilizers'],1.0,0.0,0.0,1.0,1.0,0.0,1000.0,980.0,800.0,800.0,780.0,600.0,It's picked from your farm,Cooperative representative,
F-2010,1.0,Kayunga,1,yes,5.0,no,,no,,yes,Agricultural Use,Customary,,no,,yes,,yes,,no,,,yes,,yes,,yes,,no,,yes,,yes,,yes,,no,,4.3,1057.8,3.0,1200.0,1000.0,2004-07-12 03:00:00Z,0-25%,75-100%,"['Bananas', 'Beans']",,Rainfed,"['Intercropping', 'Weeding']",2.0,3.0,2.0,3.0,5.0,0.0,2000.0,1980.0,1000.0,1000.0,980.0,850.0,It's picked from your farm,Supplier,
F-2011,1.0,Kayunga,1,yes,4.0,yes,LDC,no,,no,Agricultural Use,Customary,,no,,yes,,yes,,no,,,yes,,yes,,yes,,no,,yes,,yes,,yes,,no,,3.8,1217.2,3.0,1200.0,1170.0,2000-05-12 03:00:00Z,0-25%,75-100%,"['Bananas', 'Beans']",,Rainfed,"['Weeding', 'Intercropping']",4.0,3.0,5.0,2.0,7.0,0.0,150.0,130.0,110.0,1500.0,1480.0,1350.0,It's picked from your farm,Supplier,
F-2012,1.0,Luwero,1,yes,4.0,no,,no,,no,Agricultural Use,Agreement/lease,,no,,yes,,yes,,yes,yes,,yes,,yes,,yes,,no,,yes,,yes,,yes,,no,,5.229,1086.555,2.5,1100.0,1000.0,2001-03-19 03:00:00Z,0-25%,75-100%,['Bananas'],,Rainfed,['Weeding'],2.0,1.0,3.0,0.0,3.0,0.0,1000.0,980.0,960.0,7000.0,3000.0,1200.0,It's picked from your farm,Supplier,
F-2013,1.0,Kayunga,1,yes,9.0,no,,no,,yes,Agricultural Use,Title,,no,,yes,,yes,,no,,,yes,,yes,,yes,,no,,yes,,yes,,yes,,no,,9.209,1090.0,3.5,1400.0,250.0,1990-09-12 03:00:00Z,0-25%,75-100%,"['Bananas', 'Beans', 'Millet']",,Rainfed,"['Using Fertilizers', 'Pruning', 'Weeding', 'Intercropping']",1.0,2.0,2.0,1.0,3.0,0.0,4000.0,3980.0,2000.0,2000.0,1980.0,1000.0,It's picked from your farm,Supplier,
F-2014,1.0,Luwero,1,yes,7.0,no,,no,,yes,Agricultural Use,Customary,,no,,yes,,yes,,yes,yes,,yes,,yes,,yes,,no,,yes,,yes,,yes,,no,,7.5,1133.9,5.5,2250.0,2220.0,2018-09-09 03:00:00Z,0-25%,75-100%,"['Bananas', 'Beans']",,Rainfed,"['Using Fertilizers', 'Pruning', 'Weeding', 'Intercropping']",11.0,1.0,10.0,2.0,12.0,0.0,150.0,130.0,110.0,1000.0,980.0,900.0,It's picked from your farm,Supplier,
F-2015,1.0,Luwero,1,no,5.0,yes,LDC,no,,yes,Agricultural Use,Customary,,no,,yes,,yes,,no,,,yes,,yes,,yes,,no,,yes,,yes,,yes,,no,,2.8,1091.8,5.5,2200.0,400.0,2000-10-07 03:00:00Z,0-25%,75-100%,"['Bananas', 'Beans']",,Rainfed,"['Weeding', 'Intercropping']",1.0,1.0,1.0,1.0,1.0,1.0,150.0,130.0,110.0,250.0,240.0,225.0,It's picked from your farm,Supplier,
F-2016,1.0,Kayunga,1,yes,4.0,no,,no,,yes,Agricultural Use,Agreement/lease,,no,,yes,,yes,,no,,,yes,,yes,,Yes,,no,,yes,,yes,,yes,,no,,14.507,1112.0,3.0,1200.0,1100.0,2005-05-12 03:00:00Z,0-25%,75-100%,['Bananas'],,Rainfed,['Using Fertilizers'],1.0,3.0,0.0,4.0,4.0,0.0,900.0,880.0,700.0,700.0,680.0,500.0,It's picked from your farm,Cooperative representative,
F-2017,1.0,Kayunga,1,no,2.0,no,,no,,no,Natural forest,Customary,,no,,yes,,yes,,yes,yes,,yes,,yes,,yes,,no,,yes,,yes,,yes,,no,,2.2,1106.7,2.0,900.0,800.0,2019-09-09 03:00:00Z,0-25%,75-100%,['Bananas'],,Rainfed,['Using Fertilizers'],0.0,2.0,1.0,1.0,2.0,0.0,1600.0,1580.0,800.0,800.0,780.0,400.0,It's picked from your farm,Supplier,
F-2018,1.0,Luwero,1,yes,3.0,no,,no,,yes,Agricultural Use,Agreement/lease,,no,,yes,,yes,,yes,yes,,yes,,yes,,yes,,no,,yes,,yes,,yes,,no,,0.9,1078.285,2.5,1200.0,1100.0,2000-03-19 03:00:00Z,0-25%,75-100%,['Bananas'],,Rainfed,"['Pruning', 'Weeding']",2.0,1.0,3.0,0.0,3.0,0.0,1000.0,980.0,960.0,900.0,500.0,300.0,It's picked from your farm,Supplier,
F-2019,1.0,Kayunga,1,yes,5.0,no,,no,,no,Agricultural Use,Title,,no,,yes,,yes,,yes,yes,,yes,,yes,,yes,,no,,yes,,yes,,yes,,no,,3.216,1106.802856,2.5,1000.0,500.0,2008-12-12 03:00:00Z,0-25%,75-100%,['Bananas'],,Rainfed,['Using Fertilizers'],0.0,0.0,0.0,0.0,0.0,0.0,150.0,130.0,110.0,2000.0,1800.0,45.0,It's picked from your farm,Supplier,
F-2020,1.0,Luwero,1,yes,4.0,no,,no,,yes,Agricultural Use,Title,,no,,yes,,yes,,no,,,yes,,yes,,yes,,no,,yes,,yes,,yes,,no,,0.931,1206.757,5.5,2200.0,800.0,2010-08-02 03:00:00Z,0-25%,75-100%,['Bananas'],,Rainfed,"['Pruning', 'Weeding', 'Intercropping']",2.0,2.0,2.0,2.0,4.0,0.0,150.0,130.0,110.0,1000.0,980.0,500.0,somewhere else,other,Highest Bidder
F-2021,1.0,Luwero,1,yes,4.0,yes,LDC,no,,yes,Agricultural Use,Agreement/lease,,no,,yes,,yes,,no,,,yes,,yes,,yes,,no,,yes,,yes,,yes,,no,,13.5,1189.1,5.5,2200.0,900.0,2016-09-12 03:00:00Z,0-25%,75-100%,['Bananas'],,Rainfed,['Intercropping'],1.0,3.0,0.0,4.0,4.0,0.0,150.0,130.0,110.0,300.0,280.0,260.0,It's picked from your farm,Supplier,
F-2022,1.0,Kayunga,1,yes,12.0,no,,no,,no,Agricultural Use,Agreement/lease,,no,,yes,,yes,,yes,yes,,yes,,yes,,yes,,no,,yes,,yes,,yes,,no,,12.4,1081.8,3.5,1400.0,800.0,2000-05-10 03:00:00Z,0-25%,75-100%,"['Bananas', 'Beans']",,Rainfed,"['Pruning', 'Weeding', 'Intercropping']",1.0,1.0,1.0,1.0,2.0,0.0,1000.0,980.0,960.0,1200.0,1180.0,1100.0,It's picked from your farm,Supplier,
F-2023,1.0,Kayunga,1,yes,6.0,no,,no,,yes,Agricultural Use,Customary,,no,,yes,,yes,,no,,,yes,,yes,,yes,,no,,yes,,yes,,yes,,no,,3.75,1069.7,3.0,1200.0,1000.0,2006-07-12 03:00:00Z,0-25%,75-100%,"['Bananas', 'Beans']",,Rainfed,"['Intercropping', 'Weeding']",2.0,3.0,2.0,3.0,5.0,0.0,150.0,130.0,110.0,1000.0,980.0,850.0,It's picked from your farm,Supplier,
F-2024,1.0,Kayunga,1,yes,8.0,no,,no,,yes,Agricultural Use,Agreement/lease,,no,,yes,,yes,,no,,,yes,,yes,,yes,,no,,yes,,yes,,yes,,no,,2.6481583,1047.651,2.5,1300.0,1000.0,2000-06-08 03:00:00Z,0-25%,75-100%,['Bananas'],,Rainfed,"['Using Fertilizers', 'Pruning', 'Weeding', 'Intercropping']",6.0,2.0,2.0,6.0,8.0,0.0,2000.0,1980.0,1000.0,1000.0,980.0,900.0,It's picked from your farm,Supplier,
F-2025,1.0,Kayunga,1,yes,5.0,no,,no,,yes,Agricultural Use,Agreement/lease,,no,,yes,,yes,,no,,,yes,,yes,,yes,,no,,yes,,yes,,yes,,no,,9.144,1069.7,3.0,1200.0,1000.0,1999-07-12 03:00:00Z,0-25%,75-100%,"['Bananas', 'Beans']",,Rainfed,"['Intercropping', 'Weeding']",5.0,5.0,5.0,5.0,10.0,0.0,2000.0,1980.0,1000.0,1000.0,980.0,850.0,It's picked from your farm,Supplier,
F-2026,1.0,Kayunga,1,yes,10.0,no,,no,,yes,Agricultural Use,Agreement/lease,,no,,yes,,yes,,yes,yes,,yes,,yes,,yes,,no,,yes,,yes,,yes,,no,,2.0,1054.9,3.5,1400.0,1000.0,2000-08-09 03:00:00Z,0-25%,75-100%,"['Bananas', 'Beans', 'Millet']",,Rainfed,"['Pruning', 'Weeding', 'Intercropping']",2.0,2.0,2.0,2.0,4.0,0.0,500.0,480.0,450.0,600.0,580.0,500.0,It's picked from your farm,Supplier,
F-2027,1.0,Kayunga,1,yes,7.0,no,,no,,yes,Agricultural Use,Title,,no,,yes,,yes,,no,,,yes,,yes,,yes,,no,,yes,,yes,,yes,,no,,2.3,1076.7,3.0,1200.0,1000.0,1998-01-02 03:00:00Z,0-25%,75-100%,"['Bananas', 'Greengrams', 'Tobacco']",,Rainfed,"['Using Fertilizers', 'Weeding', 'Intercropping']",1.0,0.0,0.0,1.0,1.0,0.0,600.0,580.0,400.0,600.0,580.0,400.0,It's picked from your farm,Supplier,
F-2028,1.0,Luwero,1,yes,8.0,no,,no,,yes,Agricultural Use,Agreement/lease,,no,,yes,,yes,,no,,,yes,,yes,,yes,,no,,yes,,yes,,yes,,no,,20.833,1097.0,3.5,1400.0,1200.0,2012-12-13 03:00:00Z,0-25%,75-100%,"['Bananas', 'Beans']",,Rainfed,"['Pruning', 'Weeding', 'Intercropping']",3.0,3.0,2.0,4.0,6.0,0.0,1000.0,980.0,960.0,1350.0,1340.0,1200.0,It's picked from your farm,Supplier,
F-2029,1.0,Luwero,1,yes,6.0,no,,no,,yes,Agricultural Use,Agreement/lease,,no,,yes,,yes,,yes,yes,,yes,,yes,,yes,,no,,yes,,yes,,yes,,no,,9.0,1103.0,5.5,2200.0,310.0,2010-05-24 03:00:00Z,0-25%,75-100%,['Bananas'],,Rainfed,"['Using Fertilizers', 'Pruning', 'Weeding']",0.0,2.0,2.0,0.0,2.0,0.0,150.0,130.0,110.0,1000.0,980.0,960.0,At a hulling station,Hulling Station representative,
F-2030,1.0,Luwero,5,yes,6.0,no,,no,,yes,Agricultural Use,Agreement/lease,,no,,yes,,yes,,yes,yes,,yes,,yes,,yes,,no,,yes,,yes,,yes,,no,,20.666,1136.0,3.5,1400.0,310.0,2010-07-09 03:00:00Z,0-25%,75-100%,['Bananas'],,Rainfed,"['Using Fertilizers', 'Pruning', 'Weeding']",1.0,1.0,2.0,0.0,2.0,0.0,2000.0,1980.0,1000.0,1000.0,980.0,960.0,It's picked from your farm,Supplier,
F-2031,1.0,Kayunga,1,yes,5.0,no,,no,,no,Agricultural Use,Agreement/lease,,no,,yes,,yes,,yes,yes,,yes,,yes,,Yes,,no,,yes,,yes,,yes,,no,,2.5,1097.4,1.2,720.0,700.0,2011-03-12 03:00:00Z,0-25%,75-100%,['Bananas'],,Rainfed,['Using Fertilizers'],2.0,0.0,0.0,2.0,2.0,0.0,800.0,780.0,650.0,650.0,640.0,400.0,It's picked from your farm,Cooperative representative,
F-2032,1.0,Luwero,1,no,3.0,no,,no,,yes,Agricultural Use,Agreement/lease,,no,,yes,,yes,,yes,yes,,yes,,yes,,yes,,no,,yes,,yes,,yes,,no,,2.528,1095.655,5.5,2200.0,300.0,1998-11-08 03:00:00Z,0-25%,75-100%,['Bananas'],,Rainfed,['Using Fertilizers'],1.0,2.0,0.0,3.0,3.0,0.0,150.0,130.0,110.0,150.0,140.0,80.0,It's picked from your farm,Supplier,
F-2033,1.0,Kayunga,1,yes,3.0,no,,no,,no,Agricultural Use,Title,,no,,yes,,yes,,yes,yes,,yes,,yes,,yes,,no,,yes,,yes,,yes,,no,,6.376,1065.4,1.5,600.0,200.0,2003-02-13 03:00:00Z,0-25%,75-100%,"['Bananas', 'Millet']",,Both(Rainfed+Irrigated),['Using Fertilizers'],2.0,12.0,2.0,12.0,9.0,5.0,700.0,680.0,150.0,2000.0,1800.0,50.0,At a hulling station,Supplier,
F-2034,1.0,Kayunga,1,yes,5.0,no,,no,,yes,Agricultural Use,Customary,,no,,yes,,yes,,no,,,yes,,yes,,yes,,no,,yes,,yes,,yes,,no,,2.382,997.7,2.5,1100.0,1000.0,2011-08-21 03:00:00Z,0-25%,75-100%,['Bananas'],,Rainfed,"['Weeding', 'Intercropping']",3.0,3.0,4.0,2.0,6.0,0.0,1000.0,980.0,960.0,1000.0,980.0,850.0,At a hulling station,Supplier,
F-2035,1.0,Luwero,1,yes,4.0,no,,no,,no,Agricultural Use,Agreement/lease,,no,,yes,,yes,,yes,yes,,yes,,yes,,yes,,no,,yes,,yes,,yes,,no,,2.847,1180.162,5.5,2200.0,400.0,2000-07-12 03:00:00Z,0-25%,75-100%,['Bananas'],,Rainfed,['Using Fertilizers'],1.0,2.0,0.0,3.0,3.0,0.0,150.0,130.0,110.0,2000.0,1800.0,80.0,At a hulling station,Supplier,
F-2036,1.0,Kayunga,1,yes,5.0,no,,no,,no,Agricultural Use,Title,,no,,yes,,yes,,yes,yes,,yes,,yes,,yes,,no,,yes,,yes,,yes,,no,,9.7,1057.9,1.5,800.0,750.0,2013-01-01 03:00:00Z,0-25%,75-100%,"['Bananas', 'Tobacco']",,Rainfed,"['Using Fertilizers', 'Pruning', 'Weeding', 'Intercropping']",1.0,0.0,0.0,1.0,1.0,0.0,3000.0,2980.0,1500.0,1500.0,1480.0,1000.0,It's picked from your farm,Supplier,
F-2037,1.0,Luwero,1,yes,6.0,no,,no,,yes,Agricultural Use,Agreement/lease,,no,,yes,,yes,,no,,,yes,,yes,,yes,,no,,yes,,yes,,yes,,no,,9.0,1093.0,3.5,1400.0,1200.0,2012-12-12 03:00:00Z,0-25%,75-100%,['Bananas'],,Rainfed,"['Pruning', 'Weeding', 'Intercropping']",2.0,2.0,1.0,3.0,4.0,0.0,1000.0,980.0,960.0,1350.0,1340.0,1200.0,It's picked from your farm,Supplier,
F-2038,1.0,Kayunga,1,yes,6.0,no,,no,,no,Agricultural Use,Title,,no,,yes,,yes,,yes,yes,,yes,,yes,,yes,,no,,yes,,yes,,yes,,no,,1.7,1082.4,2.5,1000.0,200.0,2007-09-21 03:00:00Z,0-25%,75-100%,"['Bananas', 'Tobacco']",,Both(Rainfed+Irrigated),['Using Fertilizers'],2.0,6.0,3.0,5.0,4.0,4.0,1000.0,980.0,960.0,2000.0,1800.0,62.0,At a hulling station,Hulling Station representative,
F-2039,1.0,Luwero,1,yes,7.0,no,,no,,yes,Natural forest,Customary,,no,,yes,,yes,,no,,,yes,,yes,,yes,,no,,yes,,yes,,yes,,no,,1.5337551,1127.795,2.5,1000.0,400.0,2000-05-05 03:00:00Z,0-25%,75-100%,['Bananas'],,Rainfed,"['Pruning', 'Weeding', 'Intercropping']",2.0,1.0,1.0,2.0,3.0,0.0,1000.0,980.0,500.0,500.0,480.0,400.0,It's picked from your farm,Supplier,
F-2040,1.0,Kayunga,1,no,6.0,no,,no,,no,Agricultural Use,Agreement/lease,,no,,yes,,yes,,no,,,yes,,yes,,yes,,no,,yes,,yes,,yes,,no,,11.7,1033.9,2.5,1280.0,1230.0,2001-11-11 03:00:00Z,0-25%,75-100%,"['Bananas', 'Beans']",,Rainfed,['Weeding'],4.0,2.0,4.0,2.0,6.0,0.0,2000.0,1980.0,1000.0,1000.0,980.0,900.0,At a hulling station,Supplier,
F-2041,1.0,Kayunga,1,no,1.0,no,,no,,no,Natural forest,Title,,no,,yes,,yes,,yes,yes,,yes,,yes,,yes,,no,,yes,,yes,,yes,,no,,4.15,1018.1,2.5,1050.0,1000.0,2010-02-02 03:00:00Z,0-25%,75-100%,"['Bananas', 'Tobacco']",,Irrigated,"['Using Fertilizers', 'Intercropping', 'Weeding']",0.0,1.0,0.0,1.0,1.0,0.0,2000.0,1980.0,1000.0,1000.0,980.0,500.0,It's picked from your farm,Supplier,
F-2042,1.0,Kayunga,1,yes,6.0,no,,no,,no,Agricultural Use,Title,,no,,yes,,yes,,yes,yes,,yes,,yes,,yes,,no,,yes,,yes,,yes,,no,,10.7,1072.9,3.5,1400.0,850.0,2016-02-21 03:00:00Z,0-25%,75-100%,"['Tobacco', 'Bananas']",,Both(Rainfed+Irrigated),['Using Fertilizers'],2.0,4.0,4.0,2.0,6.0,0.0,1000.0,980.0,960.0,2000.0,1800.0,75.0,At a hulling station,Supplier,
F-2043,1.0,Luwero,1,yes,5.0,yes,LDC,no,,yes,Agricultural Use,Customary,,no,,yes,,yes,,no,,,yes,,yes,,yes,,no,,yes,,yes,,yes,,no,,4.8,1075.4,5.5,2200.0,400.0,1998-12-20 03:00:00Z,0-25%,75-100%,['Bananas'],,Rainfed,"['Weeding', 'Intercropping']",2.0,1.0,1.0,2.0,2.0,1.0,150.0,130.0,110.0,450.0,440.0,405.0,It's picked from your farm,Supplier,
F-2044,1.0,Kayunga,1,no,6.0,no,,no,,no,Agricultural Use,Agreement/lease,,no,,yes,,yes,,yes,yes,,yes,,yes,,yes,,no,,yes,,yes,,yes,,no,,7.985,1062.8,2.5,1000.0,900.0,1980-03-18 03:00:00Z,0-25%,75-100%,"['Bananas', 'Beans']",,Rainfed,"['Pruning', 'Weeding', 'Intercropping']",1.0,2.0,1.0,2.0,3.0,0.0,2700.0,2680.0,1350.0,1350.0,1340.0,1250.0,It's picked from your farm,Supplier,
F-2045,1.0,Kayunga,1,yes,4.0,no,,no,,no,Agricultural Use,Agreement/lease,,no,,yes,,yes,,yes,yes,,yes,,yes,,yes,,no,,yes,,yes,,yes,,no,,0.8559978,1080.431,2.0,800.0,770.0,2009-04-12 03:00:00Z,0-25%,75-100%,['Bananas'],,Rainfed,['Using Fertilizers'],1.0,2.0,0.0,3.0,3.0,0.0,150.0,130.0,110.0,600.0,580.0,400.0,It's picked from your farm,Cooperative representative,
F-2046,1.0,Luwero,1,yes,6.0,no,,no,,yes,Agricultural Use,Title,,no,,yes,,yes,,no,,,yes,,yes,,yes,,no,,yes,,yes,,yes,,no,,1.8,1120.7,3.0,1300.0,1200.0,2019-04-20 03:00:00Z,0-25%,75-100%,['Beans'],,Rainfed,"['Using Fertilizers', 'Pruning', 'Weeding', 'Intercropping']",3.0,4.0,2.0,5.0,7.0,0.0,1000.0,980.0,960.0,1500.0,1480.0,1460.0,It's picked from your farm,Supplier,
F-2047,1.0,Kayunga,1,yes,6.0,no,,no,,yes,Agricultural Use,Agreement/lease,,no,,yes,,yes,,no,,,yes,,yes,,yes,,no,,yes,,yes,,yes,,no,,9.1,1119.5,5.5,2250.0,2000.0,2007-09-24 03:00:00Z,0-25%,75-100%,['Bananas'],,Rainfed,['Weeding'],2.0,1.0,0.0,3.0,3.0,0.0,650.0,630.0,400.0,400.0,390.0,50.0,At a hulling station,Supplier,
F-2048,1.0,Kayunga,1,yes,4.0,no,,no,,no,Agricultural Use,Title,,no,,yes,,yes,,yes,yes,,yes,,yes,,yes,,no,,yes,,yes,,yes,,no,,0.97535676,1065.838,1.0,400.0,200.0,2009-09-12 03:00:00Z,0-25%,75-100%,"['Bananas', 'Tobacco', 'Beans']",,Both(Rainfed+Irrigated),['Using Fertilizers'],31.0,24.0,50.0,5.0,48.0,7.0,890.0,870.0,150.0,2000.0,1800.0,45.0,It's picked from your farm,Supplier,
F-2049,1.0,Luwero,1,yes,9.0,no,,no,,yes,Agricultural Use,Customary,,no,,yes,,yes,,yes,yes,,yes,,yes,,yes,,no,,yes,,yes,,yes,,no,,8.9,1149.2,5.5,3300.0,3270.0,2009-06-08 03:00:00Z,0-25%,75-100%,"['Bananas', 'Beans']",,Rainfed,"['Using Fertilizers', 'Pruning', 'Weeding', 'Intercropping']",2.0,2.0,1.0,3.0,4.0,0.0,8000.0,7980.0,4000.0,4000.0,3980.0,3600.0,It's picked from your farm,Supplier,
F-2050,1.0,Kayunga,1,yes,4.0,no,,no,,no,Agricultural Use,Title,,no,,yes,,yes,,yes,yes,,yes,,yes,,yes,,no,,yes,,yes,,yes,,no,,0.6396845,1079.037,1.0,400.0,200.0,2007-04-23 03:00:00Z,0-25%,75-100%,"['Bananas', 'Beans']",,Both(Rainfed+Irrigated),['Using Fertilizers'],3.0,4.0,0.0,7.0,4.0,3.0,150.0,130.0,110.0,2000.0,1800.0,34.0,At a hulling station,Supplier,
F-2051,1.0,Kayunga,1,yes,5.0,no,,no,,yes,Agricultural Use,Title,,no,,yes,,yes,,no,,,yes,,yes,,yes,,no,,yes,,yes,,yes,,no,,12.5,1056.0,1.5,770.0,720.0,2000-03-04 03:00:00Z,0-25%,75-100%,['Bananas'],,Rainfed,"['Using Fertilizers', 'Pruning', 'Intercropping', 'Weeding']",1.0,2.0,2.0,1.0,3.0,0.0,1440.0,1420.0,700.0,700.0,680.0,660.0,It's picked from your farm,Supplier,
F-2052,1.0,Kayunga,1,yes,2.0,no,,no,,no,Agricultural Use,Title,,no,,yes,,yes,,yes,yes,,yes,,yes,,yes,,no,,yes,,yes,,yes,,no,,1.072117,1064.67,1.2,480.0,200.0,2007-09-12 03:00:00Z,0-25%,75-100%,['Bananas'],,Both(Rainfed+Irrigated),['Using Fertilizers'],5.0,8.0,9.0,4.0,11.0,2.0,150.0,130.0,110.0,2000.0,1800.0,40.0,At a hulling station,Supplier,
F-2053,1.0,Kayunga,1,no,7.0,no,,no,,yes,Agricultural Use,Agreement/lease,,no,,yes,,yes,,no,,,yes,,yes,,yes,,no,,yes,,yes,,yes,,no,,11.2,1043.2,2.5,1250.0,1200.0,1980-11-11 03:00:00Z,0-25%,75-100%,"['Bananas', 'Beans']",,Rainfed,['Weeding'],7.0,3.0,3.0,7.0,10.0,0.0,2000.0,1980.0,1000.0,1000.0,980.0,900.0,At a hulling station,Supplier,
F-2054,1.0,Kayunga,1,yes,5.0,no,,no,,no,Agricultural Use,Title,,no,,yes,,yes,,yes,yes,,yes,,yes,,yes,,no,,yes,,yes,,yes,,no,,10.3,1111.4,3.5,1550.0,1500.0,2010-01-02 03:00:00Z,0-25%,75-100%,"['Bananas', 'Tobacco']",,Rainfed,"['Using Fertilizers', 'Weeding', 'Intercropping']",1.0,0.0,0.0,1.0,1.0,0.0,3000.0,2980.0,1500.0,1500.0,1480.0,1000.0,It's picked from your farm,Supplier,
F-2055,1.0,Kayunga,1,yes,8.0,no,,no,,no,Agricultural Use,Agreement/lease,,no,,yes,,yes,,yes,yes,,yes,,yes,,yes,,no,,yes,,yes,,yes,,no,,18.743,1083.4,3.6,1440.0,1410.0,1990-02-01 03:00:00Z,0-25%,75-100%,"['Bananas', 'Beans']",,Rainfed,"['Pruning', 'Weeding', 'Intercropping']",1.0,1.0,1.0,1.0,2.0,0.0,150.0,130.0,110.0,2400.0,2380.0,2300.0,It's picked from your farm,Supplier,
F-2056,1.0,Kayunga,1,yes,8.0,no,,no,,yes,Agricultural Use,Agreement/lease,,no,,yes,,yes,,no,,,yes,,yes,,yes,,no,,yes,,yes,,yes,,no,,15.459,1054.5,3.0,1200.0,1000.0,1999-06-09 03:00:00Z,0-25%,75-100%,"['Bananas', 'Beans']",,Rainfed,"['Intercropping', 'Weeding']",4.0,4.0,4.0,4.0,8.0,0.0,2000.0,1980.0,1000.0,1000.0,980.0,850.0,At a hulling station,Supplier,
F-2057,1.0,Kayunga,1,yes,7.0,no,,no,,no,Agricultural Use,Agreement/lease,,no,,yes,,yes,,no,,,yes,,yes,,yes,,no,,yes,,yes,,yes,,no,,3.2,1140.6,2.0,1000.0,900.0,2014-03-12 03:00:00Z,0-25%,75-100%,['Bananas'],,Rainfed,['Using Fertilizers'],2.0,0.0,0.0,2.0,2.0,0.0,1000.0,980.0,960.0,600.0,580.0,400.0,It's picked from your farm,Cooperative representative,
F-2058,1.0,Kayunga,1,yes,6.0,no,,no,,no,Agricultural Use,Title,,no,,yes,,yes,,yes,yes,,yes,,yes,,yes,,no,,yes,,yes,,yes,,no,,8.192,1079.0,2.3,920.0,750.0,2015-09-12 03:00:00Z,0-25%,75-100%,"['Bananas', 'Tobacco']",,Both(Rainfed+Irrigated),['Using Fertilizers'],5.0,5.0,3.0,7.0,7.0,3.0,1000.0,980.0,960.0,2000.0,1800.0,75.0,At a hulling station,Supplier,
F-2059,1.0,Kayunga,1,yes,7.0,no,,no,,no,Natural forest,Customary,,no,,yes,,yes,,yes,yes,,yes,,yes,,yes,,no,,yes,,yes,,yes,,no,,2.3,1092.4,2.0,800.0,600.0,2011-09-09 03:00:00Z,0-25%,75-100%,['Bananas'],,Rainfed,['Using Fertilizers'],1.0,1.0,1.0,1.0,2.0,0.0,1600.0,1580.0,800.0,800.0,780.0,400.0,It's picked from your farm,Supplier,
F-2060,1.0,Luwero,1,no,5.0,no,,no,,yes,Agricultural Use,Customary,,no,,yes,,yes,,yes,yes,,yes,,yes,,yes,,no,,yes,,yes,,yes,,no,,7.5,1128.1,2.5,1050.0,1000.0,2006-06-07 03:00:00Z,0-25%,75-100%,"['Bananas', 'Beans']",,Rainfed,"['Using Fertilizers', 'Pruning', 'Weeding', 'Intercropping']",2.0,0.0,1.0,1.0,2.0,0.0,1000.0,980.0,500.0,500.0,480.0,450.0,It's picked from your farm,Supplier,
F-2061,1.0,Luwero,1,yes,5.0,yes,LDC,no,,yes,Agricultural Use,Customary,,no,,yes,,yes,,yes,yes,,yes,,yes,,yes,,no,,yes,,yes,,yes,,no,,6.82556,1178.209,5.5,2200.0,200.0,2011-03-02 03:00:00Z,0-25%,75-100%,['Beans'],,Rainfed,['Intercropping'],3.0,3.0,3.0,3.0,6.0,0.0,150.0,130.0,110.0,170.0,150.0,80.0,It's picked from your farm,Supplier,
F-2062,1.0,Kayunga,1,no,4.0,yes,LDC,no,,no,Agricultural Use,Title,,no,,yes,,yes,,yes,yes,,yes,,yes,,yes,,no,,yes,,yes,,yes,,no,,18.224,1060.359253,5.5,2200.0,400.0,2000-12-12 03:00:00Z,0-25%,75-100%,['Bananas'],,Rainfed,['Using Fertilizers'],0.0,0.0,0.0,0.0,0.0,0.0,150.0,130.0,110.0,2000.0,1800.0,55.0,It's picked from your farm,Supplier,
F-2063,1.0,Kayunga,1,yes,3.0,no,,no,,no,Agricultural Use,Title,,no,,yes,,yes,,yes,yes,,yes,,yes,,yes,,no,,yes,,yes,,yes,,no,,2.1,1098.6,3.0,1200.0,700.0,1996-10-02 03:00:00Z,0-25%,75-100%,['Bananas'],,Rainfed,"['Using Fertilizers', 'Weeding']",1.0,0.0,0.0,1.0,1.0,0.0,700.0,680.0,600.0,700.0,680.0,600.0,It's picked from your farm,Supplier,
F-2064,1.0,Luwero,1,yes,7.0,no,,no,,yes,Agricultural Use,Customary,,no,,yes,,yes,,no,,,yes,,yes,,yes,,no,,yes,,yes,,yes,,no,,2.2,1085.3,2.5,1000.0,400.0,2012-12-01 03:00:00Z,0-25%,75-100%,"['Bananas', 'Beans']",,Both(Rainfed+Irrigated),['Intercropping'],1.0,1.0,1.0,1.0,1.0,1.0,9000.0,8980.0,500.0,500.0,480.0,450.0,It's picked from your farm,Supplier,
F-2065,1.0,Luwero,1,yes,8.0,no,,no,,yes,Agricultural Use,Agreement/lease,,no,,yes,,yes,,no,,,yes,,yes,,yes,,no,,yes,,yes,,yes,,no,,20.336,1081.0,2.5,1500.0,1470.0,2010-09-21 03:00:00Z,0-25%,75-100%,['Bananas'],,Rainfed,"['Using Fertilizers', 'Pruning', 'Weeding', 'Intercropping']",2.0,0.0,2.0,0.0,2.0,0.0,2700.0,2680.0,1250.0,1250.0,1240.0,1200.0,It's picked from your farm,Supplier,
F-2066,1.0,Nakeseke,1,yes,10.0,no,,no,,yes,Agricultural Use,Agreement/lease,,no,,yes,,yes,,no,,,yes,,yes,,yes,,no,,yes,,yes,,yes,,no,,1.144,1105.738,5.5,2200.0,2170.0,1999-07-12 03:00:00Z,0-25%,75-100%,['Bananas'],,Rainfed,['Intercropping'],1.0,2.0,2.0,1.0,3.0,0.0,150.0,130.0,110.0,2000.0,1980.0,1500.0,It's picked from your farm,Supplier,
F-2067,1.0,Kayunga,1,no,4.0,no,,no,,no,Agricultural Use,Agreement/lease,,no,,yes,,yes,,no,,,yes,,yes,,yes,,no,,yes,,yes,,yes,,no,,2.2,1081.1,2.5,1350.0,1300.0,1998-06-04 03:00:00Z,0-25%,75-100%,"['Bananas', 'Beans']",,Rainfed,['Weeding'],5.0,5.0,5.0,5.0,10.0,0.0,2000.0,1980.0,1000.0,1000.0,980.0,900.0,At a hulling station,Supplier,
F-2068,1.0,Luwero,1,yes,9.0,no,,no,,yes,Agricultural Use,Title,,no,,yes,,yes,,yes,yes,,yes,,yes,,yes,,no,,yes,,yes,,yes,,no,,1.085,1136.519,2.5,1000.0,750.0,2017-08-01 03:00:00Z,0-25%,75-100%,"['Bananas', 'Beans', 'other']",groundnuts,Rainfed,"['Pruning', 'Weeding', 'Intercropping']",5.0,7.0,0.0,12.0,12.0,0.0,1900.0,1880.0,950.0,950.0,940.0,855.0,At a hulling station,Supplier,
F-2069,1.0,Nakeseke,2,yes,8.0,no,,no,,yes,Agricultural Use,Title,,no,,yes,,yes,,yes,yes,,yes,,yes,,yes,,no,,yes,,yes,,yes,,no,,4.284,1103.261,5.5,2200.0,1125.0,2014-03-19 03:00:00Z,0-25%,75-100%,"['Bananas', 'Beans', 'other']",MAIZE,Rainfed,"['Intercropping', 'Weeding', 'Pruning']",4.0,0.0,4.0,0.0,4.0,0.0,150.0,130.0,110.0,5537.0,3380.0,1875.0,It's picked from your farm,Supplier,
F-2070,1.0,Kayunga,1,yes,8.0,no,,no,,yes,Agricultural Use,Customary,,no,,yes,,yes,,no,,,yes,,yes,,yes,,no,,yes,,yes,,yes,,no,,2.2,1067.8,3.5,1800.0,1500.0,1996-06-09 03:00:00Z,0-25%,75-100%,"['Bananas', 'Beans']",,Rainfed,"['Using Fertilizers', 'Pruning', 'Weeding', 'Intercropping']",10.0,2.0,2.0,10.0,12.0,0.0,3000.0,2980.0,1500.0,1500.0,1480.0,1350.0,It's picked from your farm,Supplier,
F-2071,1.0,Luwero,1,yes,3.0,no,,no,,yes,Agricultural Use,Customary,,no,,yes,,yes,,yes,yes,,yes,,yes,,yes,,no,,yes,,yes,,yes,,no,,2.348,1109.9,3.5,1450.0,1400.0,2007-06-08 03:00:00Z,0-25%,75-100%,"['Bananas', 'Beans']",,Rainfed,"['Using Fertilizers', 'Pruning', 'Intercropping', 'Weeding']",2.0,0.0,1.0,1.0,2.0,0.0,1000.0,980.0,960.0,500.0,480.0,450.0,It's picked from your farm,Supplier,
F-2072,1.0,Luwero,1,yes,6.0,no,,no,,yes,Agricultural Use,Agreement/lease,,no,,yes,,yes,,no,,,yes,,yes,,no,paid according to the work done and agreed price,no,,yes,,yes,,yes,,no,,20.8,1104.0,5.5,2200.0,400.0,2015-06-16 03:00:00Z,0-25%,75-100%,['Bananas'],,Rainfed,"['Pruning', 'Weeding']",3.0,1.0,3.0,1.0,4.0,0.0,150.0,130.0,110.0,7500.0,7480.0,6475.0,It's picked from your farm,Supplier,
F-2073,1.0,Luwero,1,yes,5.0,no,,no,,yes,Agricultural Use,Title,,no,,yes,,yes,,no,,,yes,,yes,,yes,,no,,yes,,yes,,yes,,no,,1.1728189,1187.54,3.5,1400.0,200.0,2016-08-17 03:00:00Z,0-25%,75-100%,['Bananas'],,Rainfed,['Using Fertilizers'],1.0,1.0,0.0,2.0,2.0,0.0,1000.0,980.0,960.0,2000.0,1800.0,80.0,somewhere else,other,Highest Bidder
F-2074,1.0,Kayunga,1,no,5.0,no,,no,,yes,Agricultural Use,Agreement/lease,,no,,yes,,yes,,yes,yes,,yes,,yes,,yes,,no,,yes,,yes,,yes,,no,,3.166,1038.5,1.5,900.0,400.0,2000-04-23 03:00:00Z,0-25%,75-100%,['Bananas'],,Rainfed,['Weeding'],1.0,1.0,0.0,2.0,2.0,0.0,1000.0,980.0,960.0,1500.0,1000.0,700.0,It's picked from your farm,Supplier,
F-2075,1.0,Kayunga,1,yes,2.0,no,,no,,no,Agricultural Use,Agreement/lease,,no,,yes,,yes,,yes,yes,,yes,,yes,,yes,,no,,yes,,yes,,yes,,no,,0.80779463,1103.092,2.0,800.0,700.0,2014-07-12 03:00:00Z,0-25%,75-100%,['Bananas'],,Rainfed,['Using Fertilizers'],2.0,0.0,0.0,2.0,2.0,0.0,150.0,130.0,110.0,509.0,500.0,300.0,It's picked from your farm,Cooperative representative,
F-2076,1.0,Luwero,1,yes,5.0,no,,no,,yes,Agricultural Use,Agreement/lease,,no,,yes,,yes,,no,,,yes,,yes,,yes,,no,,yes,,yes,,yes,,no,,1.83,1317.94,3.5,1400.0,1000.0,2000-06-12 03:00:00Z,0-25%,75-100%,['Bananas'],,Rainfed,['Weeding'],1.0,1.0,2.0,0.0,2.0,0.0,1000.0,980.0,960.0,500.0,480.0,400.0,It's picked from your farm,Supplier,
F-2077,1.0,Kayunga,1,yes,10.0,no,,no,,yes,Agricultural Use,Agreement/lease,,no,,yes,,yes,,yes,yes,,yes,,yes,,yes,,no,,yes,,yes,,yes,,no,,1.55,1064.6,5.5,2200.0,1800.0,2000-08-09 03:00:00Z,0-25%,75-100%,['Bananas'],,Rainfed,"['Using Fertilizers', 'Pruning', 'Weeding']",5.0,4.0,6.0,3.0,9.0,0.0,2000.0,1980.0,1700.0,2200.0,2180.0,2000.0,It's picked from your farm,Supplier,
F-2078,1.0,Kayunga,1,yes,6.0,no,,no,,yes,Agricultural Use,Agreement/lease,,no,,yes,,yes,,no,,,yes,,yes,,yes,,no,,yes,,yes,,yes,,no,,1.2029727,1070.008,3.15,1700.0,1500.0,2000-05-08 03:00:00Z,0-25%,75-100%,"['Bananas', 'Tobacco']",,Rainfed,"['Using Fertilizers', 'Pruning', 'Weeding', 'Intercropping']",6.0,4.0,4.0,6.0,10.0,0.0,1000.0,980.0,960.0,1500.0,1480.0,1350.0,At a hulling station,Supplier,
F-2079,1.0,Luwero,1,yes,3.0,no,,no,,yes,Agricultural Use,Title,,no,,yes,,yes,,no,,,yes,,yes,,yes,,no,,yes,,yes,,yes,,no,,0.623,1102.841,3.0,1360.0,1260.0,2000-08-10 03:00:00Z,0-25%,75-100%,['Bananas'],,Rainfed,['Weeding'],2.0,2.0,2.0,2.0,4.0,0.0,1000.0,980.0,960.0,1350.0,1340.0,1260.0,It's picked from your farm,Supplier,
F-2080,1.0,Luwero,1,yes,10.0,no,,no,,yes,Agricultural Use,Customary,,no,,yes,,yes,,no,,,yes,,yes,,yes,,no,,yes,,yes,,yes,,no,,5.2426043,1117.977,3.5,1400.0,250.0,2009-09-13 03:00:00Z,0-25%,75-100%,['Bananas'],,Rainfed,['Weeding'],1.0,1.0,0.0,2.0,2.0,0.0,1000.0,980.0,960.0,2000.0,1800.0,90.0,somewhere else,other,Highest Bidder
F-2081,1.0,Kayunga,1,no,5.0,no,,no,,no,Agricultural Use,Title,,no,,yes,,yes,,yes,yes,,yes,,yes,,yes,,no,,yes,,yes,,yes,,no,,1.716,1065.2,2.3,920.0,450.0,2020-07-20 03:00:00Z,0-25%,75-100%,"['Bananas', 'Beans']",,Both(Rainfed+Irrigated),['Using Fertilizers'],2.0,3.0,2.0,3.0,4.0,1.0,1000.0,980.0,960.0,82.0,75.0,69.0,At a hulling station,Supplier,
F-2082,1.0,Luwero,1,yes,2.0,no,,no,,yes,Agricultural Use,Agreement/lease,,no,,yes,,yes,,no,,,yes,,yes,,yes,,no,,yes,,yes,,yes,,no,,4.6,1088.9,3.5,1400.0,950.0,2016-04-13 03:00:00Z,0-25%,75-100%,['Bananas'],,Rainfed,"['Pruning', 'Weeding']",0.0,1.0,1.0,0.0,1.0,0.0,9000.0,8980.0,5000.0,5000.0,4980.0,4250.0,It's picked from your farm,Supplier,
F-2083,1.0,Luwero,1,yes,6.0,yes,LDC,no,,yes,Agricultural Use,Agreement/lease,,no,,yes,,yes,,no,,,yes,,yes,,yes,,no,,yes,,yes,,yes,,no,,10.4,1177.7,5.5,2200.0,1800.0,2016-09-12 03:00:00Z,0-25%,75-100%,['Bananas'],,Rainfed,['Intercropping'],2.0,4.0,0.0,6.0,6.0,0.0,150.0,130.0,110.0,2000.0,1800.0,100.0,It's picked from your farm,Supplier,
F-2084,1.0,Luwero,1,yes,4.0,no,,no,,yes,Agricultural Use,Customary,,no,,yes,,yes,,yes,yes,,yes,,yes,,yes,,no,,yes,,yes,,yes,,no,,9.7,1136.3,5.5,3300.0,3270.0,1986-07-08 03:00:00Z,0-25%,75-100%,"['Bananas', 'Beans']",,Rainfed,"['Using Fertilizers', 'Pruning', 'Weeding', 'Intercropping']",5.0,2.0,6.0,1.0,7.0,0.0,150.0,130.0,110.0,2500.0,2480.0,2250.0,It's picked from your farm,Supplier,
F-2085,1.0,Kayunga,1,yes,2.0,no,,no,,no,Agricultural Use,Customary,,no,,yes,,yes,,no,,,yes,,yes,,yes,,no,,yes,,yes,,yes,,no,,3.8,1109.3,2.0,800.0,700.0,2015-08-12 03:00:00Z,0-25%,75-100%,['Bananas'],,Rainfed,"['Weeding', 'Intercropping']",2.0,3.0,3.0,2.0,5.0,0.0,1500.0,1480.0,750.0,750.0,740.0,650.0,It's picked from your farm,Supplier,
F-2086,1.0,Luwero,1,yes,5.0,no,,no,,yes,Agricultural Use,Agreement/lease,,no,,yes,,yes,,yes,yes,,yes,,yes,,yes,,no,,yes,,yes,,yes,,no,,9.5,1141.0,3.5,1400.0,310.0,2013-09-09 03:00:00Z,0-25%,75-100%,['Bananas'],,Rainfed,"['Using Fertilizers', 'Pruning', 'Weeding']",6.0,0.0,6.0,0.0,6.0,0.0,9000.0,8980.0,8960.0,9000.0,8980.0,8960.0,At a hulling station,Hulling Station representative,
F-2087,1.0,Luwero,1,yes,9.0,no,,no,,yes,Agricultural Use,Agreement/lease,,no,,yes,,yes,,yes,yes,,yes,,yes,,yes,,no,,yes,,yes,,yes,,no,,11.0,1081.0,3.5,1400.0,310.0,2000-06-08 03:00:00Z,0-25%,75-100%,['Bananas'],,Rainfed,"['Pruning', 'Using Fertilizers', 'Weeding']",1.0,2.0,3.0,0.0,3.0,0.0,9000.0,8980.0,8960.0,5000.0,4980.0,4960.0,At a hulling station,Hulling Station representative,
F-2088,1.0,Luwero,1,yes,6.0,yes,LDC,no,,yes,Agricultural Use,Customary,,no,,yes,,yes,,no,,,yes,,yes,,yes,,no,,yes,,yes,,yes,,no,,9.0,1148.1,5.5,2200.0,1350.0,2019-09-12 03:00:00Z,0-25%,75-100%,['Bananas'],,Rainfed,['Intercropping'],2.0,4.0,0.0,6.0,6.0,0.0,150.0,130.0,110.0,500.0,480.0,460.0,It's picked from your farm,Supplier,
F-2089,1.0,Kayunga,1,yes,4.0,no,,no,,no,Agricultural Use,Agreement/lease,,no,,yes,,yes,,yes,yes,,yes,,yes,,Yes,,no,,yes,,yes,,yes,,no,,4.0,1077.8,1.0,400.0,350.0,2008-03-12 03:00:00Z,0-25%,75-100%,['Bananas'],,Rainfed,['Using Fertilizers'],1.0,0.0,0.0,1.0,1.0,0.0,400.0,380.0,150.0,2000.0,1800.0,100.0,It's picked from your farm,Cooperative representative,
F-2090,1.0,Luwero,1,yes,4.0,no,,no,,yes,Agricultural Use,Customary,,no,,yes,,yes,,no,,,yes,,yes,,yes,,no,,yes,,yes,,yes,,no,,6.1,1142.7,2.5,1000.0,800.0,2019-09-12 03:00:00Z,0-25%,75-100%,['Bananas'],,Rainfed,['Intercropping'],2.0,0.0,0.0,2.0,2.0,0.0,200.0,180.0,150.0,2000.0,1800.0,100.0,It's picked from your farm,Supplier,
F-2091,1.0,Luwero,1,yes,4.0,no,,no,,yes,Agricultural Use,Customary,,no,,yes,,yes,,no,,,yes,,yes,,yes,,no,,yes,,yes,,yes,,no,,1.091,1104.485,3.5,1400.0,1000.0,2000-09-12 03:00:00Z,0-25%,75-100%,['Bananas'],,Rainfed,['Intercropping'],1.0,1.0,1.0,1.0,2.0,0.0,800.0,780.0,300.0,300.0,280.0,200.0,It's picked from your farm,Supplier,
F-2092,1.0,Luwero,1,yes,8.0,no,,no,,yes,Agricultural Use,Title,,no,,yes,,yes,,no,,,yes,,yes,,yes,,no,,yes,,yes,,yes,,no,,2.5,1118.3,3.0,1300.0,1200.0,2020-04-04 03:00:00Z,0-25%,75-100%,"['Bananas', 'Beans']",,Rainfed,"['Using Fertilizers', 'Intercropping']",4.0,4.0,4.0,4.0,8.0,0.0,1000.0,980.0,960.0,1500.0,1480.0,1340.0,It's picked from your farm,Supplier,
F-2093,1.0,Kayunga,1,yes,8.0,no,,no,,no,Agricultural Use,Agreement/lease,,no,,yes,,yes,,yes,yes,,yes,,yes,,yes,,no,,yes,,yes,,yes,,no,,8.7,1062.5,3.5,1500.0,1400.0,1996-07-05 03:00:00Z,0-25%,75-100%,"['Bananas', 'Beans']",,Rainfed,"['Pruning', 'Weeding', 'Intercropping']",1.0,1.0,1.0,1.0,2.0,0.0,1000.0,980.0,960.0,2100.0,2080.0,2000.0,It's picked from your farm,Supplier,
F-2094,1.0,Kayunga,1,yes,5.0,no,,no,,yes,Agricultural Use,Agreement/lease,,no,,yes,,yes,,no,,,yes,,yes,,yes,,no,,yes,,yes,,yes,,no,,3.0,1075.2,3.2,1300.0,1200.0,2015-07-12 03:00:00Z,0-25%,75-100%,['Bananas'],,Rainfed,"['Weeding', 'Intercropping']",5.0,4.0,5.0,4.0,9.0,0.0,1000.0,980.0,960.0,1300.0,1280.0,1150.0,At a hulling station,Supplier,
F-2095,1.0,Luwero,1,yes,6.0,no,,no,,no,Agricultural Use,Agreement/lease,,no,,yes,,yes,,yes,yes,,yes,,yes,,yes,,no,,yes,,yes,,yes,,no,,10.0,1090.0,3.5,1400.0,1200.0,2000-12-12 03:00:00Z,0-25%,75-100%,['Bananas'],,Rainfed,"['Pruning', 'Weeding', 'Intercropping']",1.0,2.0,0.0,3.0,3.0,0.0,1000.0,980.0,960.0,1350.0,1340.0,1200.0,It's picked from your farm,Supplier,
F-2096,1.0,Nakeseke,1,yes,7.0,no,,no,,yes,Agricultural Use,Customary,,no,,yes,,yes,,no,,,yes,,yes,,yes,,no,,yes,,yes,,yes,,no,,1.719,1274.639,5.5,2200.0,320.0,2017-08-12 03:00:00Z,0-25%,75-100%,['Bananas'],,Rainfed,['Intercropping'],1.0,1.0,1.0,1.0,2.0,0.0,150.0,130.0,110.0,300.0,280.0,150.0,somewhere else,other,Highest Bidder
F-2097,1.0,Kayunga,1,yes,6.0,yes,LDC,no,,no,Agricultural Use,Agreement/lease,,no,,yes,,yes,,yes,yes,,yes,,yes,,yes,,no,,yes,,yes,,yes,,no,,11.792,1068.396606,5.5,2200.0,420.0,2008-12-12 03:00:00Z,0-25%,75-100%,"['Bananas', 'Beans']",,Rainfed,['Using Fertilizers'],0.0,0.0,0.0,0.0,0.0,0.0,150.0,130.0,110.0,2000.0,1800.0,56.0,It's picked from your farm,Supplier,
F-2098,1.0,Kayunga,1,yes,3.0,no,,no,,no,Agricultural Use,Title,,no,,yes,,yes,,yes,yes,,yes,,yes,,yes,,no,,yes,,yes,,yes,,no,,1.433,1054.6,1.3,520.0,200.0,2000-12-09 03:00:00Z,0-25%,75-100%,"['Bananas', 'Beans']",,Both(Rainfed+Irrigated),['Using Fertilizers'],5.0,33.0,12.0,26.0,37.0,1.0,900.0,880.0,150.0,2000.0,1800.0,47.0,At a hulling station,Supplier,
F-2099,1.0,Luwero,1,yes,11.0,no,,no,,yes,Agricultural Use,Title,,no,,yes,,yes,,yes,yes,,yes,,yes,,yes,,no,,yes,,yes,,yes,,no,,1.796,1092.217,3.5,1400.0,290.0,1986-10-10 03:00:00Z,0-25%,75-100%,['Bananas'],,Rainfed,"['Pruning', 'Weeding']",2.0,0.0,2.0,0.0,2.0,0.0,1000.0,980.0,960.0,550.0,240.0,120.0,It's picked from your farm,Supplier,
F-2100,1.0,Kayunga,1,yes,2.0,no,,no,,no,Agricultural Use,Title,,no,,yes,,yes,,yes,yes,,yes,,yes,,yes,,no,,yes,,yes,,yes,,no,,5.5,1149.0,1.5,600.0,500.0,1993-11-01 03:00:00Z,0-25%,75-100%,"['Bananas', 'Greengrams', 'Tobacco']",,Rainfed,"['Using Fertilizers', 'Weeding', 'Intercropping']",0.0,1.0,0.0,1.0,1.0,0.0,1000.0,980.0,500.0,500.0,480.0,250.0,It's picked from your farm,Cooperative representative,
F-2101,1.0,Luwero,1,yes,5.0,yes,LDC,no,,yes,Agricultural Use,Customary,,no,,yes,,yes,,yes,yes,,yes,,yes,,yes,,no,,yes,,yes,,yes,,no,,1.782,1119.951,5.5,2200.0,350.0,2018-02-03 03:00:00Z,0-25%,75-100%,['Bananas'],,Rainfed,['Intercropping'],2.0,2.0,1.0,3.0,4.0,0.0,150.0,130.0,110.0,159.0,140.0,80.0,It's picked from your farm,Supplier,
F-2102,1.0,Nakeseke,3,yes,5.0,no,,no,,yes,Agricultural Use,Agreement/lease,,no,,yes,,yes,,no,,,yes,,yes,,yes,,no,,yes,,yes,,yes,,no,,17.603,1106.599976,5.5,2200.0,1000.0,1999-12-13 03:00:00Z,0-25%,75-100%,['Bananas'],,Rainfed,['Intercropping'],1.0,2.0,2.0,1.0,3.0,0.0,150.0,130.0,110.0,2000.0,1800.0,100.0,It's picked from your farm,Supplier,
F-2103,1.0,Kayunga,1,yes,3.0,no,,no,,no,Agricultural Use,Title,,no,,yes,,yes,,yes,yes,,yes,,yes,,yes,,no,,yes,,yes,,yes,,no,,1.7,1086.0,3.0,1200.0,750.0,2016-09-12 03:00:00Z,0-25%,75-100%,"['Bananas', 'Tobacco']",,Both(Rainfed+Irrigated),['Using Fertilizers'],5.0,2.0,3.0,4.0,4.0,3.0,1000.0,980.0,960.0,1000.0,800.0,65.0,At a hulling station,Supplier,
F-2104,1.0,Kayunga,1,yes,4.0,no,,no,,no,Agricultural Use,Agreement/lease,,no,,yes,,yes,,no,,,yes,,yes,,yes,,no,,yes,,yes,,yes,,no,,14.7,1097.1,5.5,2200.0,1100.0,1980-04-20 03:00:00Z,0-25%,75-100%,"['Bananas', 'Beans']",,Rainfed,"['Pruning', 'Weeding', 'Intercropping']",1.0,1.0,1.0,1.0,2.0,0.0,150.0,130.0,110.0,1650.0,1640.0,1550.0,It's picked from your farm,Supplier,
F-2105,1.0,Kayunga,1,yes,6.0,no,,no,,yes,Agricultural Use,Agreement/lease,,no,,yes,,yes,,yes,yes,,yes,,yes,,yes,,no,,yes,,yes,,yes,,no,,4.8,1037.0,2.5,1000.0,600.0,2017-04-12 03:00:00Z,0-25%,75-100%,['Bananas'],,Rainfed,['Weeding'],2.0,1.0,0.0,3.0,3.0,0.0,1500.0,1480.0,1460.0,1800.0,1500.0,1000.0,It's picked from your farm,Supplier,
F-2106,1.0,Kayunga,1,yes,5.0,no,,no,,no,Agricultural Use,Title,,no,,yes,,yes,,yes,yes,,yes,,yes,,yes,,no,,yes,,yes,,yes,,no,,2.2,1072.0,2.0,950.0,900.0,1980-11-11 03:00:00Z,0-25%,75-100%,"['Bananas', 'Tobacco']",,Rainfed,"['Using Fertilizers', 'Weeding', 'Intercropping']",1.0,0.0,0.0,1.0,1.0,0.0,1600.0,1580.0,1000.0,1000.0,980.0,500.0,It's picked from your farm,Supplier,
F-2107,1.0,Luwero,1,yes,4.0,no,,no,,yes,Agricultural Use,Title,,no,,yes,,yes,,no,,,yes,,yes,,yes,,no,,yes,,yes,,yes,,no,,2.649,1187.441,5.5,2200.0,800.0,2019-02-20 03:00:00Z,0-25%,75-100%,"['Bananas', 'other']",trees,Rainfed,"['Pruning', 'Weeding', 'Intercropping']",1.0,1.0,0.0,2.0,2.0,0.0,150.0,130.0,110.0,500.0,480.0,250.0,somewhere else,other,Highest Bidder
F-2108,1.0,Nakeseke,1,yes,4.0,no,,no,,no,Agricultural Use,Agreement/lease,,no,,yes,,yes,,no,,,yes,,yes,,yes,,no,,yes,,yes,,yes,,no,,20.698,1106.911,5.5,2200.0,1000.0,2000-07-31 03:00:00Z,0-25%,75-100%,['Bananas'],,Rainfed,['Intercropping'],1.0,1.0,1.0,1.0,2.0,0.0,150.0,130.0,110.0,450.0,440.0,300.0,It's picked from your farm,Supplier,
F-2109,1.0,Kayunga,1,yes,6.0,no,,no,,yes,Agricultural Use,Customary,,no,,yes,,yes,,no,,,yes,,yes,,yes,,no,,yes,,yes,,yes,,no,,1.3028674,1070.1,2.5,1300.0,1000.0,2012-06-08 03:00:00Z,0-25%,75-100%,['Bananas'],,Rainfed,"['Using Fertilizers', 'Pruning', 'Weeding', 'Intercropping']",6.0,4.0,4.0,6.0,10.0,0.0,2000.0,1980.0,1000.0,1000.0,980.0,900.0,It's picked from your farm,Supplier,
F-2110,1.0,Kayunga,1,yes,5.0,no,,no,,no,Agricultural Use,Title,,no,,yes,,yes,,yes,yes,,yes,,yes,,yes,,no,,yes,,yes,,yes,,no,,1.0668666,1132.775,1.0,400.0,200.0,2009-09-12 03:00:00Z,0-25%,75-100%,"['Bananas', 'Beans']",,Both(Rainfed+Irrigated),"['Using Fertilizers', 'Intercropping']",10.0,15.0,10.0,15.0,21.0,4.0,150.0,130.0,110.0,1000.0,800.0,30.0,It's picked from your farm,Supplier,
F-2111,1.0,Kayunga,1,yes,5.0,no,,no,,yes,Agricultural Use,Agreement/lease,,no,,yes,,yes,,no,,,yes,,yes,,yes,,no,,yes,,yes,,yes,,no,,10.437,1053.1,1.0,400.0,200.0,2000-07-11 03:00:00Z,0-25%,75-100%,['Tobacco'],,Rainfed,['Weeding'],1.0,1.0,0.0,2.0,2.0,0.0,150.0,130.0,110.0,1000.0,800.0,22.0,It's picked from your farm,Supplier,
F-2112,1.0,Luwero,1,yes,4.0,no,,no,,yes,Agricultural Use,Customary,,no,,yes,,yes,,yes,yes,,yes,,yes,,yes,,no,,yes,,yes,,yes,,no,,1.3568053,1151.902,3.5,1400.0,200.0,2018-03-02 03:00:00Z,0-25%,75-100%,['Bananas'],,Rainfed,['Intercropping'],1.0,1.0,1.0,1.0,2.0,0.0,1000.0,980.0,960.0,150.0,130.0,74.0,It's picked from your farm,Supplier,
F-2113,1.0,Kayunga,1,no,6.0,no,,no,,yes,Agricultural Use,Title,,no,,yes,,yes,,no,,,yes,,yes,,yes,,no,,yes,,yes,,yes,,no,,2.2,1105.5,1.5,700.0,650.0,2000-04-13 03:00:00Z,0-25%,75-100%,"['Bananas', 'Beans', 'other']",maize,Rainfed,"['Using Fertilizers', 'Weeding', 'Intercropping', 'Pruning']",1.0,2.0,2.0,1.0,3.0,0.0,1300.0,1280.0,600.0,600.0,580.0,560.0,It's picked from your farm,Supplier,
F-2114,1.0,Kayunga,1,yes,2.0,no,,no,,yes,Agricultural Use,Agreement/lease,,no,,yes,,yes,,no,,,yes,,yes,,Yes,,no,,yes,,yes,,yes,,no,,7.4,1086.5,1.5,750.0,700.0,2010-05-12 03:00:00Z,0-25%,75-100%,['Bananas'],,Rainfed,['Using Fertilizers'],0.0,0.0,0.0,0.0,0.0,0.0,1000.0,980.0,700.0,700.0,680.0,500.0,It's picked from your farm,Cooperative representative,
F-2115,1.0,Kayunga,1,yes,3.0,no,,no,,no,Agricultural Use,Agreement/lease,,no,,yes,,yes,,yes,yes,,yes,,yes,,Yes,,no,,yes,,yes,,yes,,no,,0.6294019,1058.295,2.3,920.0,700.0,2012-03-12 03:00:00Z,0-25%,75-100%,['Bananas'],,Rainfed,['Using Fertilizers'],2.0,0.0,0.0,2.0,2.0,0.0,700.0,680.0,550.0,550.0,540.0,350.0,It's picked from your farm,Cooperative representative,
F-2116,1.0,Luwero,1,yes,5.0,yes,LDC,no,,yes,Agricultural Use,Customary,,no,,yes,,yes,,yes,yes,,yes,,yes,,yes,,no,,yes,,yes,,yes,,no,,1.747,1140.358,5.5,2200.0,300.0,2013-03-02 03:00:00Z,0-25%,75-100%,['Bananas'],,Rainfed,['Intercropping'],1.0,1.0,2.0,0.0,2.0,0.0,150.0,130.0,110.0,150.0,140.0,70.0,It's picked from your farm,Supplier,
F-2117,1.0,Luwero,1,no,5.0,yes,LDC,no,,no,Agricultural Use,Agreement/lease,,no,,yes,,yes,,yes,yes,,yes,,yes,,yes,,no,,yes,,yes,,yes,,no,,18.224,1090.592896,5.5,2200.0,400.0,2009-12-12 03:00:00Z,0-25%,75-100%,['Bananas'],,Rainfed,['Using Fertilizers'],0.0,0.0,0.0,0.0,0.0,0.0,150.0,130.0,110.0,1000.0,800.0,56.0,It's picked from your farm,Supplier,
F-2118,1.0,Nakeseke,4,yes,6.0,no,,no,,yes,Agricultural Use,Customary,,no,,yes,,yes,,yes,yes,,yes,,yes,,yes,,no,,yes,,yes,,yes,,no,,6.0,1111.9,5.5,2200.0,1350.0,2015-08-04 03:00:00Z,0-25%,75-100%,"['Bananas', 'Beans']",,Rainfed,"['Using Fertilizers', 'Pruning', 'Weeding', 'Intercropping']",2.0,0.0,2.0,0.0,2.0,0.0,150.0,130.0,110.0,500.0,480.0,450.0,It's picked from your farm,Supplier,
F-2119,1.0,Kayunga,1,yes,4.0,no,,no,,yes,Agricultural Use,Title,,no,,yes,,yes,,yes,yes,,yes,,yes,,yes,,no,,yes,,yes,,yes,,no,,1.5,1086.7,2.5,1000.0,400.0,1970-02-02 03:00:00Z,0-25%,75-100%,"['Bananas', 'Beans']",,Rainfed,"['Using Fertilizers', 'Pruning', 'Weeding', 'Intercropping']",0.0,2.0,0.0,2.0,2.0,0.0,400.0,380.0,200.0,200.0,180.0,100.0,It's picked from your farm,Supplier,
F-2120,1.0,Luwero,1,yes,6.0,yes,LDC,no,,yes,Agricultural Use,Customary,,no,,yes,,yes,,no,,,yes,,yes,,yes,,no,,yes,,yes,,yes,,no,,5.8,1067.4,5.5,2200.0,400.0,2000-10-02 03:00:00Z,0-25%,75-100%,['Bananas'],,Rainfed,"['Weeding', 'Intercropping']",2.0,1.0,1.0,2.0,2.0,1.0,150.0,130.0,110.0,350.0,340.0,315.0,It's picked from your farm,Supplier,
F-2121,1.0,Kayunga,1,yes,3.0,no,,no,,yes,Agricultural Use,Title,,no,,yes,,yes,,yes,yes,,yes,,yes,,yes,,no,,yes,,yes,,yes,,no,,1.729,1095.0,3.5,1400.0,1000.0,1996-10-02 03:00:00Z,0-25%,75-100%,['Bananas'],,Rainfed,"['Using Fertilizers', 'Weeding']",1.0,0.0,0.0,1.0,1.0,0.0,800.0,780.0,500.0,800.0,780.0,500.0,It's picked from your farm,Supplier,
F-2122,1.0,Kayunga,1,yes,6.0,no,,no,,no,Agricultural Use,Agreement/lease,,no,,yes,,yes,,no,,,yes,,yes,,Yes,,no,,yes,,yes,,yes,,no,,2.3,1115.5,1.2,720.0,700.0,2011-03-12 03:00:00Z,0-25%,75-100%,['Bananas'],,Rainfed,['Using Fertilizers'],2.0,0.0,0.0,2.0,2.0,0.0,800.0,780.0,600.0,600.0,580.0,400.0,It's picked from your farm,Cooperative representative,
F-2123,1.0,Luwero,1,yes,8.0,no,,no,,yes,Agricultural Use,Title,,no,,yes,,yes,,no,,,yes,,yes,,yes,,no,,yes,,yes,,yes,,no,,2.354,1087.7,3.0,1300.0,1200.0,2020-04-02 03:00:00Z,0-25%,75-100%,"['Bananas', 'Beans']",,Rainfed,"['Using Fertilizers', 'Weeding', 'Intercropping']",2.0,3.0,2.0,3.0,5.0,0.0,1000.0,980.0,960.0,1500.0,1480.0,1340.0,It's picked from your farm,Supplier,
F-2124,1.0,Kayunga,1,yes,3.0,no,,no,,yes,Agricultural Use,Customary,,no,,yes,,yes,,no,,,yes,,yes,,yes,,no,,yes,,yes,,yes,,no,,2.9,1093.9,3.0,1200.0,900.0,2018-08-12 03:00:00Z,0-25%,75-100%,['Bananas'],,Rainfed,"['Intercropping', 'Weeding']",3.0,3.0,4.0,2.0,6.0,0.0,1800.0,1780.0,900.0,900.0,880.0,800.0,It's picked from your farm,Supplier,
F-2125,1.0,Kayunga,1,yes,5.0,no,,no,,no,Agricultural Use,Title,,no,,yes,,yes,,yes,yes,,yes,,yes,,yes,,no,,yes,,yes,,yes,,no,,2.3,1110.5,4.0,1600.0,1500.0,2011-01-02 03:00:00Z,0-25%,75-100%,"['Bananas', 'Tobacco']",,Rainfed,"['Using Fertilizers', 'Weeding', 'Intercropping']",1.0,0.0,0.0,1.0,1.0,0.0,3000.0,2980.0,1500.0,1500.0,1480.0,1000.0,It's picked from your farm,Supplier,
F-2126,1.0,Kayunga,1,yes,8.0,no,,no,,no,Agricultural Use,Customary,,no,,yes,,yes,,no,,,yes,,yes,,yes,,no,,yes,,yes,,yes,,no,,2.2,1092.0,3.0,1200.0,700.0,2006-09-09 03:00:00Z,0-25%,75-100%,['Bananas'],,Rainfed,['Using Fertilizers'],2.0,0.0,2.0,0.0,2.0,0.0,800.0,780.0,400.0,800.0,780.0,400.0,It's picked from your farm,Supplier,
F-2127,1.0,Kayunga,1,no,7.0,no,,no,,yes,Agricultural Use,Title,,no,,yes,,yes,,yes,yes,,yes,,yes,,yes,,no,,yes,,yes,,yes,,no,,2.8,1055.3,3.5,1400.0,450.0,1990-09-23 03:00:00Z,0-25%,75-100%,"['Bananas', 'Millet', 'Beans']",,Rainfed,"['Using Fertilizers', 'Pruning', 'Weeding', 'Intercropping']",2.0,2.0,3.0,1.0,4.0,0.0,4000.0,3980.0,2000.0,2000.0,1980.0,1000.0,It's picked from your farm,Supplier,
F-2128,1.0,Kayunga,1,yes,5.0,no,,no,,no,Agricultural Use,Title,,no,,yes,,yes,,yes,yes,,yes,,yes,,yes,,no,,yes,,yes,,yes,,no,,13.6,1051.7,2.5,1250.0,1200.0,2011-01-01 03:00:00Z,0-25%,75-100%,"['Bananas', 'Tobacco']",,Rainfed,"['Using Fertilizers', 'Weeding', 'Intercropping']",1.0,0.0,0.0,1.0,1.0,0.0,2400.0,2380.0,1400.0,1400.0,1380.0,1000.0,It's picked from your farm,Supplier,
F-2129,1.0,Kayunga,1,yes,5.0,no,,no,,no,Agricultural Use,Title,,no,,yes,,yes,,yes,yes,,yes,,yes,,yes,,no,,yes,,yes,,yes,,no,,3.216,1080.87854,2.5,1000.0,500.0,2009-12-12 03:00:00Z,0-25%,75-100%,['Bananas'],,Rainfed,['Using Fertilizers'],0.0,0.0,0.0,0.0,0.0,0.0,1000.0,980.0,960.0,1000.0,800.0,90.0,It's picked from your farm,Supplier,
F-2130,1.0,Kayunga,1,yes,6.0,no,,no,,no,Agricultural Use,Agreement/lease,,no,,yes,,yes,,yes,yes,,yes,,yes,,yes,,no,,yes,,yes,,yes,,no,,19.9,1084.7,3.5,1900.0,1800.0,1997-07-10 03:00:00Z,0-25%,75-100%,"['Bananas', 'Beans']",,Rainfed,"['Pruning', 'Weeding', 'Intercropping']",1.0,1.0,1.0,1.0,2.0,0.0,1000.0,980.0,960.0,2700.0,2680.0,2600.0,It's picked from your farm,Supplier,
F-2131,1.0,Kayunga,1,yes,4.0,no,,no,,yes,Agricultural Use,Title,,no,,yes,,yes,,yes,yes,,yes,,yes,,yes,,no,,yes,,yes,,yes,,no,,17.035,1087.3,2.5,1250.0,1200.0,1990-01-01 03:00:00Z,0-25%,75-100%,"['Bananas', 'Cocoa']",,Rainfed,"['Using Fertilizers', 'Weeding', 'Intercropping']",0.0,1.0,0.0,1.0,1.0,0.0,2400.0,2380.0,1200.0,1200.0,1180.0,800.0,It's picked from your farm,Supplier,
F-2132,1.0,Kayunga,1,yes,10.0,no,,no,,yes,Agricultural Use,Title,,no,,yes,,yes,,yes,yes,,yes,,yes,,Yes,,no,,yes,,yes,,yes,,no,,1.068,1056.858,3.0,1500.0,1470.0,1953-12-07 03:00:00Z,0-25%,75-100%,"['Bananas', 'Beans']",,Rainfed,"['Pruning', 'Weeding']",0.0,0.0,0.0,0.0,0.0,0.0,2500.0,2480.0,2450.0,2500.0,2480.0,2450.0,It's picked from your farm,Hulling Station representative,
F-2133,1.0,Kayunga,1,yes,5.0,no,,no,,no,Agricultural Use,Title,,no,,yes,,yes,,yes,yes,,yes,,yes,,yes,,no,,yes,,yes,,yes,,no,,2.4,1062.9,2.1,840.0,200.0,2012-09-12 03:00:00Z,0-25%,75-100%,"['Bananas', 'Tobacco']",,Both(Rainfed+Irrigated),['Using Fertilizers'],1.0,5.0,6.0,0.0,5.0,1.0,1000.0,980.0,960.0,1000.0,800.0,80.0,At a hulling station,Supplier,
F-2134,1.0,Nakeseke,1,yes,3.0,no,,no,,yes,Agricultural Use,Title,,no,,yes,,yes,,no,,,yes,,yes,,yes,,no,,yes,,yes,,yes,,no,,1.288,1106.900024,5.5,2200.0,1000.0,1999-03-22 03:00:00Z,0-25%,75-100%,['Bananas'],,Rainfed,['Intercropping'],1.0,1.0,1.0,1.0,2.0,0.0,150.0,130.0,110.0,500.0,480.0,300.0,It's picked from your farm,Supplier,
F-2135,1.0,Luwero,1,no,4.0,no,,no,,yes,Agricultural Use,Agreement/lease,,no,,yes,,yes,,no,,,yes,,yes,,yes,,no,,yes,,yes,,yes,,no,,0.789,1080.932,3.0,1310.0,1260.0,2007-08-10 03:00:00Z,0-25%,75-100%,['Bananas'],,Rainfed,['Pruning'],1.0,1.0,0.0,2.0,2.0,0.0,2700.0,2680.0,1350.0,1350.0,1340.0,1260.0,It's picked from your farm,Supplier,
F-2136,1.0,Kayunga,1,yes,3.0,no,,no,,no,Agricultural Use,Title,,no,,yes,,yes,,yes,yes,,yes,,yes,,yes,,no,,yes,,yes,,yes,,no,,0.9899984,1092.634,1.0,400.0,200.0,1998-05-12 03:00:00Z,0-25%,75-100%,"['Bananas', 'Tobacco', 'Beans']",,Both(Rainfed+Irrigated),['Using Fertilizers'],14.0,12.0,18.0,8.0,16.0,10.0,150.0,130.0,110.0,68.0,50.0,12.0,At a hulling station,Supplier,
F-2137,1.0,Kayunga,1,yes,6.0,yes,LDC,no,,yes,Agricultural Use,Agreement/lease,,no,,yes,,yes,,no,,,yes,,yes,,yes,,no,,yes,,yes,,yes,,no,,8.728,1069.6,3.0,1200.0,800.0,2011-08-12 03:00:00Z,0-25%,75-100%,['Bananas'],,Rainfed,"['Weeding', 'Intercropping']",4.0,3.0,4.0,3.0,7.0,0.0,150.0,130.0,110.0,800.0,780.0,700.0,At a hulling station,Supplier,
F-2138,1.0,Kayunga,1,yes,7.0,no,,no,,no,Agricultural Use,Agreement/lease,,no,,yes,,yes,,no,,,yes,,yes,,yes,,no,,yes,,yes,,yes,,no,,2.1,1059.6,2.0,900.0,800.0,2008-03-12 03:00:00Z,0-25%,75-100%,['Bananas'],,Rainfed,['Using Fertilizers'],2.0,0.0,0.0,2.0,2.0,0.0,1000.0,980.0,960.0,600.0,580.0,400.0,It's picked from your farm,Cooperative representative,
F-2139,1.0,Kayunga,1,yes,10.0,no,,no,,yes,Agricultural Use,Title,,no,,yes,,yes,,yes,yes,,yes,,yes,,yes,,no,,yes,,yes,,yes,,no,,3.8,1074.9,3.5,1400.0,450.0,1977-09-12 03:00:00Z,0-25%,75-100%,"['Bananas', 'Beans', 'Sorghum']",,Rainfed,"['Using Fertilizers', 'Pruning', 'Weeding', 'Intercropping']",4.0,3.0,1.0,6.0,7.0,0.0,5000.0,4980.0,2500.0,2500.0,2480.0,2000.0,It's picked from your farm,Supplier,
F-2140,1.0,Luwero,1,yes,10.0,no,,no,,yes,Agricultural Use,Agreement/lease,,no,,yes,,yes,,no,,,yes,,yes,,yes,,no,,yes,,yes,,yes,,no,,14.244,1095.3,5.5,3300.0,3270.0,2000-12-10 03:00:00Z,0-25%,75-100%,['Bananas'],,Rainfed,['Weeding'],3.0,2.0,3.0,2.0,5.0,0.0,9000.0,8980.0,4500.0,4500.0,4480.0,4200.0,It's picked from your farm,Supplier,
F-2141,1.0,Luwero,1,yes,7.0,no,,no,,no,Agricultural Use,Agreement/lease,,no,,yes,,yes,,yes,yes,,yes,,yes,,yes,,no,,yes,,yes,,yes,,no,,0.759,1109.83,3.5,1400.0,400.0,1998-08-15 03:00:00Z,0-25%,75-100%,"['Bananas', 'Beans']",,Rainfed,"['Pruning', 'Weeding', 'Intercropping']",2.0,2.0,0.0,4.0,4.0,0.0,1000.0,980.0,960.0,400.0,380.0,360.0,It's picked from your farm,Supplier,
F-2142,1.0,Kayunga,1,yes,4.0,no,,no,,no,Agricultural Use,Title,,no,,yes,,yes,,yes,yes,,yes,,yes,,yes,,no,,yes,,yes,,yes,,no,,3.8,1085.1,1.5,900.0,870.0,1980-12-12 03:00:00Z,0-25%,75-100%,"['Bananas', 'Tobacco']",,Rainfed,"['Using Fertilizers', 'Intercropping', 'Weeding']",8.0,1.0,0.0,9.0,8.0,1.0,1800.0,1780.0,1000.0,1000.0,980.0,500.0,It's picked from your farm,Supplier,
F-2143,1.0,Kayunga,1,no,3.0,no,,no,,no,Agricultural Use,Title,,no,,yes,,yes,,yes,yes,,yes,,yes,,yes,,no,,yes,,yes,,yes,,no,,2.1,1082.2,2.0,850.0,800.0,2011-01-01 03:00:00Z,0-25%,75-100%,"['Bananas', 'Tobacco']",,Rainfed,"['Using Fertilizers', 'Weeding', 'Intercropping']",1.0,0.0,0.0,1.0,1.0,0.0,1600.0,1580.0,800.0,800.0,780.0,400.0,It's picked from your farm,Supplier,
F-2144,1.0,Kayunga,1,yes,8.0,yes,LDC,no,,yes,Agricultural Use,Agreement/lease,,no,,yes,,yes,,no,,,yes,,yes,,yes,,no,,yes,,yes,,yes,,no,,13.915,1062.8,3.0,1200.0,1099.0,1999-07-13 03:00:00Z,0-25%,75-100%,['Bananas'],,Rainfed,"['Pruning', 'Weeding', 'Intercropping']",4.0,4.0,5.0,3.0,8.0,0.0,150.0,130.0,110.0,1500.0,1480.0,1400.0,At a hulling station,Supplier,
F-2145,1.0,Kayunga,1,yes,4.0,no,,no,,yes,Agricultural Use,Customary,,no,,yes,,yes,,no,,,yes,,yes,,yes,,no,,yes,,yes,,yes,,no,,3.5,1066.4,3.0,1200.0,1000.0,2018-08-12 03:00:00Z,0-25%,75-100%,['Bananas'],,Rainfed,"['Weeding', 'Intercropping']",4.0,3.0,2.0,5.0,7.0,0.0,2400.0,2380.0,1200.0,1200.0,1180.0,1100.0,At a hulling station,Supplier,
F-2146,1.0,Kayunga,1,no,3.0,no,,no,,yes,Agricultural Use,Title,,no,,yes,,yes,,no,,,yes,,yes,,yes,,no,,yes,,yes,,yes,,no,,9.164,1086.0,2.0,800.0,700.0,2007-04-13 03:00:00Z,0-25%,75-100%,"['Bananas', 'Beans']",,Rainfed,"['Using Fertilizers', 'Weeding', 'Intercropping']",1.0,1.0,1.0,1.0,2.0,0.0,1300.0,1280.0,750.0,750.0,740.0,600.0,It's picked from your farm,Supplier,
F-2147,1.0,Kayunga,1,yes,7.0,no,,no,,yes,Agricultural Use,Customary,,no,,yes,,yes,,no,,,yes,,yes,,yes,,no,,yes,,yes,,yes,,no,,1.271082,1032.649,3.0,1200.0,1000.0,2012-06-08 03:00:00Z,0-25%,75-100%,['Bananas'],,Rainfed,"['Using Fertilizers', 'Pruning', 'Weeding', 'Intercropping']",6.0,4.0,4.0,6.0,10.0,0.0,2000.0,1980.0,1000.0,1000.0,980.0,900.0,It's picked from your farm,Supplier,
F-2148,1.0,Luwero,1,yes,6.0,no,,no,,yes,Agricultural Use,Agreement/lease,,no,,yes,,yes,,no,,,yes,,yes,,yes,,no,,yes,,yes,,yes,,no,,2.0,1088.5,3.1,1240.0,900.0,2000-05-13 03:00:00Z,0-25%,75-100%,['Bananas'],,Rainfed,"['Pruning', 'Weeding']",0.0,1.0,1.0,0.0,1.0,0.0,8000.0,7980.0,4000.0,4000.0,3980.0,3400.0,It's picked from your farm,Supplier,
F-2149,1.0,Luwero,1,yes,7.0,no,,no,,no,Agricultural Use,Agreement/lease,,no,,yes,,yes,,yes,yes,,yes,,yes,,yes,,no,,yes,,yes,,yes,,no,,17.903,1025.592,2.5,1050.0,1000.0,1999-06-15 03:00:00Z,0-25%,75-100%,['Bananas'],,Rainfed,"['Pruning', 'Weeding', 'Intercropping']",3.0,0.0,0.0,3.0,3.0,0.0,600.0,580.0,560.0,700.0,600.0,580.0,It's picked from your farm,Supplier,
F-2150,1.0,Kayunga,1,no,7.0,no,,no,,no,Agricultural Use,Customary,,no,,yes,,yes,,yes,yes,,yes,,yes,,yes,,no,,yes,,yes,,yes,,no,,2.2,1101.4,3.0,1200.0,750.0,2000-06-09 03:00:00Z,0-25%,75-100%,['Bananas'],,Rainfed,['Using Fertilizers'],0.0,1.0,0.0,1.0,1.0,0.0,600.0,580.0,300.0,600.0,580.0,300.0,It's picked from your farm,Supplier,
F-2151,1.0,Luwero,1,no,6.0,no,,no,,no,Agricultural Use,Customary,,no,,yes,,yes,,yes,yes,,yes,,yes,,yes,,no,,yes,,yes,,yes,,no,,1.9,1108.4,4.0,1850.0,1800.0,2009-07-08 03:00:00Z,0-25%,75-100%,"['Bananas', 'Beans']",,Rainfed,"['Using Fertilizers', 'Weeding', 'Intercropping', 'Pruning']",1.0,0.0,0.0,1.0,1.0,0.0,1000.0,980.0,960.0,1000.0,980.0,900.0,It's picked from your farm,Supplier,
F-2152,1.0,Kayunga,1,yes,5.0,no,,no,,no,Agricultural Use,Agreement/lease,,no,,yes,,yes,,no,,,yes,,yes,,Yes,,no,,yes,,yes,,yes,,no,,2.4,1013.6,1.2,720.0,700.0,2011-03-12 03:00:00Z,0-25%,75-100%,['Bananas'],,Rainfed,['Using Fertilizers'],2.0,0.0,0.0,2.0,2.0,0.0,800.0,780.0,609.0,609.0,600.0,400.0,It's picked from your farm,Cooperative representative,
F-2153,1.0,Luwero,1,yes,4.0,no,,no,,yes,Agricultural Use,Customary,,no,,yes,,yes,,yes,yes,,yes,,yes,,yes,,no,,yes,,yes,,yes,,no,,4.5,1160.5,3.5,2100.0,2070.0,2000-09-12 03:00:00Z,0-25%,75-100%,['Bananas'],,Rainfed,['Intercropping'],2.0,4.0,0.0,6.0,6.0,0.0,1000.0,980.0,960.0,1000.0,800.0,100.0,It's picked from your farm,Supplier,
F-2154,1.0,Kayunga,1,no,7.0,no,,no,,no,Agricultural Use,Title,,no,,yes,,yes,,no,,,yes,,yes,,yes,,no,,yes,,yes,,yes,,no,,12.4,1073.5,2.5,1000.0,800.0,1990-04-07 03:00:00Z,0-25%,75-100%,"['Bananas', 'Beans']",,Rainfed,"['Pruning', 'Weeding', 'Intercropping']",1.0,1.0,1.0,1.0,2.0,0.0,2400.0,2380.0,1200.0,1200.0,1180.0,1100.0,It's picked from your farm,Supplier,
F-2155,1.0,Kayunga,1,yes,7.0,no,,no,,yes,Agricultural Use,Title,,no,,yes,,yes,,no,,,yes,,yes,,yes,,no,,yes,,yes,,yes,,no,,7.1,1096.9,3.5,1510.0,1460.0,1980-02-02 03:00:00Z,0-25%,75-100%,"['Bananas', 'Beans']",,Rainfed,"['Using Fertilizers', 'Weeding', 'Intercropping', 'Pruning']",2.0,2.0,2.0,2.0,4.0,0.0,2900.0,2880.0,1450.0,1450.0,1440.0,1350.0,It's picked from your farm,Supplier,
F-2156,1.0,Mukono,1,yes,10.0,no,,no,,yes,Agricultural Use,Agreement/lease,,no,,yes,,yes,,no,,,yes,,yes,,yes,,no,,yes,,yes,,yes,,no,,0.93082905,1045.399,2.5,1050.0,1000.0,2000-08-06 03:00:00Z,0-25%,75-100%,['Bananas'],,Rainfed,"['Using Fertilizers', 'Weeding', 'Intercropping']",10.0,4.0,4.0,10.0,14.0,0.0,1000.0,980.0,900.0,1000.0,980.0,900.0,It's picked from your farm,Supplier,
F-2157,1.0,Kayunga,1,yes,5.0,no,,no,,no,Agricultural Use,Title,,no,,yes,,yes,,yes,yes,,yes,,yes,,yes,,no,,yes,,yes,,yes,,no,,5.775,1069.5,2.2,880.0,758.0,2001-09-22 03:00:00Z,0-25%,75-100%,"['Tobacco', 'Beans']",,Both(Rainfed+Irrigated),['Using Fertilizers'],13.0,6.0,5.0,14.0,14.0,5.0,1000.0,980.0,960.0,800.0,780.0,53.0,At a hulling station,Supplier,
F-2158,1.0,Kayunga,1,yes,3.0,no,,no,,no,Agricultural Use,Agreement/lease,,no,,yes,,yes,,no,,,yes,,yes,,yes,,no,,yes,,yes,,yes,,no,,0.60014343,1067.331,2.0,1000.0,900.0,2009-02-12 03:00:00Z,0-25%,75-100%,['Bananas'],,Rainfed,['Using Fertilizers'],2.0,0.0,0.0,2.0,2.0,0.0,1000.0,980.0,960.0,700.0,680.0,500.0,It's picked from your farm,Cooperative representative,
F-2159,1.0,Nakeseke,1,yes,4.0,no,,no,,yes,Agricultural Use,Title,,no,,yes,,yes,,yes,yes,,yes,,yes,,yes,,no,,yes,,yes,,yes,,no,,6.821,1150.552,5.5,2200.0,1020.0,1998-03-10 03:00:00Z,0-25%,75-100%,"['Bananas', 'other', 'Beans']",maize,Rainfed,"['Pruning', 'Weeding']",1.0,1.0,2.0,0.0,2.0,0.0,150.0,130.0,110.0,1500.0,1000.0,700.0,It's picked from your farm,Supplier,
F-2160,1.0,Luwero,1,yes,6.0,no,,no,,yes,Agricultural Use,Customary,,no,,yes,,yes,,no,,,yes,,yes,,yes,,no,,yes,,yes,,yes,,no,,9.2,1129.3,3.5,2100.0,2070.0,2019-09-12 03:00:00Z,0-25%,75-100%,"['Bananas', 'Beans']",,Rainfed,['Intercropping'],3.0,3.0,0.0,6.0,6.0,0.0,2000.0,1980.0,150.0,1000.0,800.0,100.0,It's picked from your farm,Supplier,
F-2161,1.0,Kayunga,1,yes,3.0,no,,no,,yes,Agricultural Use,Agreement/lease,,no,,yes,,yes,,no,,,yes,,yes,,yes,,no,,yes,,yes,,yes,,no,,2.9,1082.0,3.0,1200.0,1000.0,2019-02-12 03:00:00Z,0-25%,75-100%,['Bananas'],,Rainfed,"['Weeding', 'Intercropping']",5.0,4.0,4.0,5.0,9.0,0.0,1000.0,980.0,960.0,1200.0,1180.0,1050.0,At a hulling station,Supplier,
F-2162,1.0,Luwero,1,yes,4.0,no,,no,,yes,Agricultural Use,Agreement/lease,,no,,yes,,yes,,yes,yes,,yes,,yes,,yes,,no,,yes,,yes,,yes,,no,,2.306,1083.787,3.5,1400.0,900.0,1985-03-10 03:00:00Z,0-25%,75-100%,['Bananas'],,Rainfed,"['Pruning', 'Weeding']",2.0,1.0,3.0,0.0,3.0,0.0,1000.0,980.0,960.0,720.0,700.0,225.0,It's picked from your farm,Supplier,
F-2163,1.0,Nakeseke,1,no,6.0,no,,no,,no,Agricultural Use,Agreement/lease,,no,,yes,,yes,,yes,yes,,yes,,yes,,yes,,no,,yes,,yes,,yes,,no,,2.525,1081.099,5.5,2200.0,1176.0,2000-04-23 03:00:00Z,0-25%,75-100%,['Bananas'],,Rainfed,"['Pruning', 'Weeding']",2.0,0.0,1.0,1.0,2.0,0.0,150.0,130.0,110.0,5997.0,3528.0,2075.0,It's picked from your farm,Supplier,
F-2164,1.0,Luwero,1,yes,4.0,no,,no,,no,Agricultural Use,Agreement/lease,,no,,yes,,yes,,yes,yes,,yes,,yes,,yes,,no,,yes,,yes,,yes,,no,,1.368,1093.449,2.6,1040.0,850.0,2000-02-19 03:00:00Z,0-25%,75-100%,['Bananas'],,Rainfed,"['Weeding', 'Pruning']",2.0,1.0,3.0,0.0,3.0,0.0,300.0,280.0,260.0,460.0,300.0,120.0,It's picked from your farm,Supplier,
F-2165,1.0,Kayunga,1,yes,5.0,no,,no,,yes,Agricultural Use,Customary,,no,,yes,,yes,,no,,,yes,,yes,,yes,,no,,yes,,yes,,yes,,no,,0.9279377,1065.54,3.5,1700.0,1500.0,2018-06-08 03:00:00Z,0-25%,75-100%,['Bananas'],,Rainfed,"['Using Fertilizers', 'Pruning', 'Weeding']",8.0,5.0,5.0,8.0,13.0,0.0,3000.0,2980.0,1500.0,1500.0,1480.0,1350.0,It's picked from your farm,Supplier,
F-2166,1.0,Luwero,1,yes,12.0,no,,no,,yes,Agricultural Use,Customary,,no,,yes,,yes,,yes,yes,,yes,,yes,,yes,,no,,yes,,yes,,yes,,no,,16.9,1202.1,5.5,3150.0,3120.0,2005-09-04 03:00:00Z,0-25%,75-100%,"['Bananas', 'Beans']",,Rainfed,"['Using Fertilizers', 'Pruning', 'Weeding', 'Intercropping']",2.0,0.0,2.0,0.0,2.0,0.0,150.0,130.0,110.0,3000.0,2980.0,2700.0,It's picked from your farm,Supplier,
F-2167,1.0,Luwero,1,yes,7.0,no,,no,,yes,Agricultural Use,Agreement/lease,,no,,yes,,yes,,no,,,yes,,yes,,yes,,no,,yes,,yes,,yes,,no,,6.5,1109.0,3.5,1400.0,310.0,2012-12-12 03:00:00Z,0-25%,75-100%,['Bananas'],,Rainfed,"['Pruning', 'Weeding']",3.0,2.0,0.0,5.0,5.0,0.0,5000.0,4980.0,250.0,250.0,240.0,220.0,It's picked from your farm,Supplier,
F-2168,1.0,Luwero,1,no,4.0,no,,no,,no,Agricultural Use,Agreement/lease,,no,,yes,,yes,,yes,yes,,yes,,yes,,yes,,no,,yes,,yes,,yes,,no,,0.802,1104.442,1.0,460.0,360.0,2000-07-12 03:00:00Z,0-25%,75-100%,"['Bananas', 'Beans']",,Rainfed,"['Pruning', 'Weeding', 'Intercropping']",1.0,1.0,0.0,2.0,2.0,0.0,1000.0,980.0,960.0,400.0,200.0,180.0,It's picked from your farm,Supplier,
F-2169,1.0,Luwero,1,yes,4.0,yes,LDC,no,,yes,Agricultural Use,Agreement/lease,,no,,yes,,yes,,no,,,yes,,yes,,yes,,no,,yes,,yes,,yes,,no,,8.6,1271.7,5.5,2200.0,900.0,2018-09-12 03:00:00Z,0-25%,75-100%,['Bananas'],,Rainfed,['Intercropping'],1.0,3.0,0.0,4.0,4.0,0.0,150.0,130.0,110.0,1000.0,800.0,100.0,It's picked from your farm,Supplier,
F-2170,1.0,Kayunga,1,yes,5.0,no,,no,,no,Agricultural Use,Title,,no,,yes,,yes,,yes,yes,,yes,,yes,,yes,,no,,yes,,yes,,yes,,no,,9.3,1065.3,1.5,850.0,800.0,1980-11-11 03:00:00Z,0-25%,75-100%,"['Bananas', 'Sunflower']",,Rainfed,"['Using Fertilizers', 'Intercropping', 'Weeding']",0.0,1.0,0.0,1.0,1.0,0.0,900.0,880.0,500.0,500.0,480.0,300.0,It's picked from your farm,Supplier,
F-2171,1.0,Kayunga,1,no,9.0,no,,no,,yes,Agricultural Use,Title,,no,,yes,,yes,,yes,yes,,yes,,yes,,yes,,no,,yes,,yes,,yes,,no,,3.2,1109.0,3.5,1400.0,250.0,1975-09-12 03:00:00Z,0-25%,75-100%,"['Bananas', 'Sorghum', 'Millet', 'Beans']",,Rainfed,"['Using Fertilizers', 'Pruning', 'Weeding', 'Intercropping']",2.0,2.0,1.0,3.0,4.0,0.0,1000.0,980.0,960.0,3500.0,3480.0,1250.0,It's picked from your farm,Supplier,
F-2172,1.0,Kayunga,1,yes,6.0,no,,no,,no,Agricultural Use,Title,,no,,yes,,yes,,yes,yes,,yes,,yes,,yes,,no,,yes,,yes,,yes,,no,,3.783,1247.7,5.5,2200.0,1000.0,2004-06-12 03:00:00Z,0-25%,75-100%,"['Bananas', 'Cocoa']",,Both(Rainfed+Irrigated),['Using Fertilizers'],6.0,3.0,6.0,3.0,5.0,4.0,600.0,580.0,150.0,1000.0,800.0,36.0,At a hulling station,Supplier,
F-2173,1.0,Kayunga,1,yes,5.0,yes,LDC,no,,yes,Agricultural Use,Customary,,no,,yes,,yes,,no,,,yes,,yes,,yes,,no,,yes,,yes,,yes,,no,,3.0,1081.9,3.0,1200.0,1000.0,2014-04-12 03:00:00Z,0-25%,75-100%,['Bananas'],,Rainfed,"['Intercropping', 'Weeding']",3.0,3.0,4.0,2.0,6.0,0.0,150.0,130.0,110.0,1000.0,980.0,900.0,It's picked from your farm,Supplier,
F-2174,1.0,Kayunga,2,yes,5.0,no,,no,,yes,Agricultural Use,Title,,no,,yes,,yes,,no,,,yes,,yes,,yes,,no,,yes,,yes,,yes,,no,,9.0,1137.7,1.5,700.0,650.0,2000-04-13 03:00:00Z,0-25%,75-100%,"['Bananas', 'Beans', 'other']",cassava and maize,Rainfed,"['Using Fertilizers', 'Weeding', 'Pruning', 'Intercropping']",1.0,1.0,0.0,2.0,2.0,0.0,1200.0,1180.0,600.0,600.0,580.0,560.0,It's picked from your farm,Supplier,
F-2175,1.0,Kayunga,1,no,3.0,no,,no,,yes,Agricultural Use,Agreement/lease,,no,,yes,,yes,,no,,,yes,,yes,,yes,,no,,yes,,yes,,yes,,no,,8.7,1056.2,2.5,1300.0,1250.0,2015-04-11 03:00:00Z,0-25%,75-100%,"['Bananas', 'Beans']",,Rainfed,['Weeding'],7.0,3.0,8.0,2.0,10.0,0.0,2000.0,1980.0,1000.0,1000.0,980.0,900.0,At a hulling station,Supplier,
F-2176,1.0,Luwero,1,yes,8.0,no,,no,,no,Agricultural Use,Agreement/lease,,no,,yes,,yes,,yes,yes,,yes,,yes,,yes,,no,,yes,,yes,,yes,,no,,2.568,1081.966,1.5,900.0,870.0,2000-08-15 03:00:00Z,0-25%,75-100%,['Bananas'],,Rainfed,"['Intercropping', 'Weeding', 'Pruning']",3.0,2.0,2.0,3.0,5.0,0.0,600.0,580.0,560.0,700.0,600.0,580.0,It's picked from your farm,Supplier,
F-2177,1.0,Kayunga,1,yes,5.0,yes,LDC,no,,no,Natural forest,Agreement/lease,,no,,yes,,yes,,no,,,yes,,yes,,yes,,no,,yes,,yes,,yes,,no,,20.368,1161.904053,5.5,2200.0,300.0,2008-12-12 03:00:00Z,0-25%,75-100%,['Bananas'],,Rainfed,['Using Fertilizers'],0.0,0.0,0.0,0.0,0.0,0.0,150.0,130.0,110.0,1000.0,800.0,55.0,It's picked from your farm,Supplier,
F-2178,1.0,Luwero,1,yes,3.0,no,,no,,yes,Agricultural Use,Agreement/lease,,no,,yes,,yes,,no,,,yes,,yes,,yes,,no,,yes,,yes,,yes,,no,,,,2.5,1050.0,1000.0,1998-09-09 03:00:00Z,0-25%,75-100%,['Bananas'],,Rainfed,['Using Fertilizers'],0.0,3.0,0.0,3.0,3.0,0.0,200.0,180.0,150.0,1000.0,800.0,100.0,It's picked from your farm,Supplier,
F-2179,1.0,Kayunga,1,yes,1.0,no,,no,,yes,Agricultural Use,Customary,,no,,yes,,yes,,no,,,yes,,yes,,Yes,,no,,yes,,yes,,yes,,no,,1.675,1032.3,2.5,1000.0,800.0,1988-04-12 03:00:00Z,0-25%,75-100%,['Bananas'],,Rainfed,"['Using Fertilizers', 'Weeding', 'Intercropping']",1.0,1.0,0.0,2.0,2.0,0.0,1400.0,1380.0,700.0,700.0,680.0,600.0,It's picked from your farm,Supplier,
F-2180,1.0,Luwero,1,yes,5.0,no,,no,,yes,Agricultural Use,Title,,no,,yes,,yes,,no,,,yes,,yes,,yes,,no,,yes,,yes,,yes,,no,,2.141,1141.3,3.0,1300.0,1200.0,2020-04-20 03:00:00Z,0-25%,75-100%,"['Bananas', 'Beans']",,Rainfed,"['Using Fertilizers', 'Pruning', 'Weeding']",2.0,3.0,2.0,3.0,5.0,0.0,1000.0,980.0,960.0,1500.0,1480.0,1350.0,It's picked from your farm,Supplier,
F-2181,1.0,Kayunga,1,yes,10.0,no,,no,,no,Natural forest,Customary,,no,,yes,,yes,,yes,yes,,yes,,yes,,yes,,no,,yes,,yes,,yes,,no,,8.027,1078.0,3.0,1200.0,1000.0,2001-09-09 03:00:00Z,0-25%,75-100%,"['Bananas', 'Sorghum', 'Beans']",,Rainfed,['Using Fertilizers'],1.0,1.0,1.0,1.0,2.0,0.0,2400.0,2380.0,1200.0,1200.0,1180.0,600.0,It's picked from your farm,Supplier,
F-2182,1.0,Luwero,1,yes,3.0,no,,no,,no,Agricultural Use,Agreement/lease,,no,,yes,,yes,,yes,yes,,yes,,yes,,yes,,no,,yes,,yes,,yes,,no,,0.929,1094.256,2.5,1200.0,1100.0,1987-05-27 03:00:00Z,0-25%,75-100%,['Bananas'],,Rainfed,"['Pruning', 'Weeding']",2.0,0.0,2.0,0.0,2.0,0.0,1000.0,980.0,960.0,4809.0,2200.0,1300.0,At a hulling station,Supplier,
F-2183,1.0,Kayunga,1,yes,9.0,no,,no,,no,Agricultural Use,Agreement/lease,,no,,yes,,yes,,yes,yes,,yes,,yes,,yes,,no,,yes,,yes,,yes,,no,,8.9,1073.8,3.5,1400.0,1300.0,1994-02-01 03:00:00Z,0-25%,75-100%,"['Bananas', 'Beans']",,Rainfed,"['Pruning', 'Weeding', 'Intercropping']",1.0,1.0,1.0,1.0,2.0,0.0,1000.0,980.0,960.0,1950.0,1940.0,1850.0,It's picked from your farm,Supplier,
F-2184,1.0,Luwero,1,no,7.0,no,,no,,yes,Agricultural Use,Agreement/lease,,no,,yes,,yes,,yes,yes,,yes,,yes,,yes,,no,,yes,,yes,,yes,,no,,14.094,1059.466,2.5,1350.0,1250.0,1995-03-20 03:00:00Z,0-25%,75-100%,['Bananas'],,Rainfed,"['Weeding', 'Pruning']",1.0,1.0,2.0,0.0,2.0,0.0,1000.0,980.0,960.0,7400.0,3750.0,1875.0,At a hulling station,Hulling Station representative,
F-2185,1.0,Kayunga,1,yes,8.0,no,,no,,yes,Agricultural Use,Agreement/lease,,no,,yes,,yes,,yes,yes,,yes,,yes,,Yes,,no,,yes,,yes,,yes,,no,,0.74307567,1108.749,2.3,1010.0,960.0,2007-05-17 03:00:00Z,0-25%,75-100%,['Bananas'],,Rainfed,['Using Fertilizers'],2.0,0.0,0.0,2.0,2.0,0.0,950.0,930.0,700.0,700.0,690.0,500.0,It's picked from your farm,Cooperative representative,
F-2186,1.0,Kayunga,1,yes,2.0,no,,no,,no,Agricultural Use,Title,,no,,yes,,yes,,yes,yes,,yes,,yes,,yes,,no,,yes,,yes,,yes,,no,,4.952,1084.6,2.0,850.0,800.0,2002-01-02 03:00:00Z,0-25%,75-100%,"['Tobacco', 'Cocoa']",,Rainfed,"['Using Fertilizers', 'Weeding', 'Intercropping']",1.0,0.0,0.0,1.0,1.0,0.0,1600.0,1580.0,800.0,800.0,780.0,400.0,It's picked from your farm,Supplier,
F-2187,1.0,Luwero,1,no,7.0,no,,no,,yes,Agricultural Use,Customary,,no,,yes,,yes,,yes,yes,,yes,,yes,,yes,,no,,yes,,yes,,yes,,no,,2.0,1108.8,3.0,1400.0,1350.0,2009-07-08 03:00:00Z,0-25%,75-100%,"['Bananas', 'Beans']",,Rainfed,"['Pruning', 'Using Fertilizers', 'Weeding', 'Intercropping']",2.0,0.0,1.0,1.0,2.0,0.0,1000.0,980.0,960.0,500.0,480.0,450.0,It's picked from your farm,Supplier,
F-2188,1.0,Luwero,1,yes,6.0,no,,no,,yes,Agricultural Use,Agreement/lease,,no,,yes,,yes,,yes,yes,,yes,,yes,,yes,,no,,yes,,yes,,yes,,no,,20.0,1073.0,3.5,1400.0,1200.0,2015-09-18 03:00:00Z,0-25%,75-100%,"['Bananas', 'Beans']",,Rainfed,"['Pruning', 'Weeding', 'Intercropping']",3.0,2.0,0.0,5.0,5.0,0.0,1000.0,980.0,960.0,1350.0,1340.0,1200.0,It's picked from your farm,Supplier,
F-2189,1.0,Luwero,1,yes,4.0,no,,no,,no,Agricultural Use,Title,,no,,yes,,yes,,yes,yes,,yes,,yes,,yes,,no,,yes,,yes,,yes,,no,,4.66,1080.06,2.5,1088.0,988.0,2009-03-28 03:00:00Z,0-25%,75-100%,['Bananas'],,Rainfed,"['Pruning', 'Weeding']",2.0,0.0,2.0,0.0,2.0,0.0,1000.0,980.0,960.0,5709.0,2962.0,740.0,It's picked from your farm,Supplier,
F-2190,1.0,Kayunga,1,no,4.0,no,,no,,no,Agricultural Use,Agreement/lease,,no,,yes,,yes,,no,,,yes,,yes,,yes,,no,,yes,,yes,,yes,,no,,1.0563123,1092.945,2.0,800.0,770.0,2010-08-12 03:00:00Z,0-25%,75-100%,['Bananas'],,Rainfed,['Using Fertilizers'],1.0,2.0,0.0,3.0,3.0,0.0,150.0,130.0,110.0,809.0,800.0,600.0,It's picked from your farm,Cooperative representative,
F-2191,1.0,Kayunga,1,yes,6.0,no,,no,,yes,Agricultural Use,Agreement/lease,,no,,yes,,yes,,no,,,yes,,yes,,Yes,,no,,yes,,yes,,yes,,no,,1.278,1045.494,2.0,850.0,800.0,1976-10-02 03:00:00Z,0-25%,75-100%,"['Bananas', 'Beans']",,Rainfed,"['Pruning', 'Weeding']",0.0,0.0,0.0,0.0,0.0,0.0,2000.0,1980.0,1000.0,1000.0,980.0,950.0,It's picked from your farm,Hulling Station representative,
F-2192,1.0,Luwero,1,yes,6.0,no,,no,,yes,Agricultural Use,Customary,,no,,yes,,yes,,yes,yes,,yes,,yes,,yes,,no,,yes,,yes,,yes,,no,,7.03,1270.285,5.5,2200.0,310.0,2018-03-02 03:00:00Z,0-25%,75-100%,['Bananas'],,Rainfed,['Intercropping'],1.0,3.0,1.0,3.0,4.0,0.0,150.0,130.0,110.0,150.0,140.0,80.0,It's picked from your farm,Supplier,
F-2193,1.0,Kayunga,1,yes,6.0,no,,no,,yes,Agricultural Use,Agreement/lease,,no,,yes,,yes,,yes,yes,,yes,,yes,,yes,,no,,yes,,yes,,yes,,no,,2.2,1071.9,2.5,1050.0,1000.0,2005-09-12 03:00:00Z,0-25%,75-100%,['Bananas'],,Rainfed,"['Weeding', 'Intercropping']",6.0,6.0,6.0,6.0,12.0,0.0,2000.0,1980.0,1000.0,1000.0,980.0,850.0,It's picked from your farm,Supplier,
F-2194,1.0,Kayunga,1,yes,10.0,no,,no,,yes,Agricultural Use,Customary,,no,,yes,,yes,,no,,,yes,,yes,,yes,,no,,yes,,yes,,yes,,no,,2.357,1064.0,3.1,1240.0,1000.0,2000-09-09 03:00:00Z,0-25%,75-100%,['Bananas'],,Rainfed,"['Using Fertilizers', 'Pruning', 'Weeding']",2.0,1.0,2.0,1.0,3.0,0.0,600.0,580.0,550.0,700.0,680.0,600.0,It's picked from your farm,Supplier,
F-2195,1.0,Kayunga,1,yes,2.0,no,,no,,no,Agricultural Use,Title,,no,,yes,,yes,,yes,yes,,yes,,yes,,yes,,no,,yes,,yes,,yes,,no,,2.430235,1211.702,1.5,600.0,200.0,2010-09-12 03:00:00Z,0-25%,75-100%,['Bananas'],,Both(Rainfed+Irrigated),['Using Fertilizers'],5.0,69.0,33.0,41.0,72.0,2.0,900.0,880.0,150.0,1000.0,800.0,42.0,At a hulling station,Supplier,
F-2196,1.0,Luwero,1,yes,3.0,no,,no,,yes,Agricultural Use,Customary,,no,,yes,,yes,,yes,yes,,yes,,yes,,yes,,no,,yes,,yes,,yes,,no,,1.9393601,1171.215,2.5,1000.0,200.0,2018-03-02 03:00:00Z,0-25%,75-100%,['Bananas'],,Rainfed,['Intercropping'],1.0,1.0,1.0,1.0,2.0,0.0,150.0,130.0,110.0,1000.0,800.0,50.0,It's picked from your farm,Supplier,
F-2197,1.0,Luwero,1,yes,4.0,no,,no,,no,Agricultural Use,Title,,no,,yes,,yes,,no,,,yes,,yes,,yes,,no,,yes,,yes,,yes,,no,,1.705,1275.771,2.5,1125.0,1100.0,2009-02-20 03:00:00Z,0-25%,75-100%,['Bananas'],,Rainfed,"['Pruning', 'Weeding', 'Intercropping']",2.0,1.0,1.0,2.0,3.0,0.0,150.0,130.0,110.0,1000.0,980.0,500.0,somewhere else,other,Highest Bidder
F-2198,1.0,Luwero,1,yes,2.0,no,,no,,yes,Agricultural Use,Title,,no,,yes,,yes,,no,,,yes,,yes,,yes,,no,,yes,,yes,,yes,,no,,1.025,1103.823,3.0,1360.0,1260.0,2000-03-10 03:00:00Z,0-25%,75-100%,['Bananas'],,Rainfed,['Weeding'],1.0,2.0,0.0,3.0,3.0,0.0,1000.0,980.0,960.0,1350.0,1340.0,1260.0,It's picked from your farm,Supplier,
F-2199,1.0,Luwero,1,yes,6.0,yes,LDC,no,,yes,Agricultural Use,Agreement/lease,,no,,yes,,yes,,no,,,yes,,yes,,yes,,no,,yes,,yes,,yes,,no,,20.302,1209.9,5.5,2200.0,2170.0,2019-09-12 03:00:00Z,0-25%,75-100%,['Bananas'],,Rainfed,['Intercropping'],4.0,3.0,0.0,7.0,7.0,0.0,150.0,130.0,110.0,1000.0,800.0,100.0,It's picked from your farm,Supplier,
F-2200,1.0,Luwero,1,yes,4.0,no,,no,,yes,Agricultural Use,Title,,no,,yes,,yes,,no,,,yes,,yes,,yes,,no,,yes,,yes,,yes,,no,,1.38,1184.377,3.5,1400.0,700.0,2010-02-02 03:00:00Z,0-25%,75-100%,['Bananas'],,Rainfed,"['Pruning', 'Weeding', 'Intercropping']",2.0,1.0,0.0,3.0,3.0,0.0,1000.0,980.0,960.0,1000.0,980.0,500.0,At a hulling station,Hulling Station representative,
F-2201,1.0,Luwero,1,yes,8.0,no,,no,,yes,Agricultural Use,Agreement/lease,,no,,yes,,yes,,no,,,yes,,yes,,yes,,no,,yes,,yes,,yes,,no,,2.028,1016.366,3.5,1400.0,1350.0,2000-08-04 03:00:00Z,0-25%,75-100%,['Bananas'],,Both(Rainfed+Irrigated),"['Pruning', 'Weeding', 'Using Fertilizers', 'Intercropping']",2.0,2.0,4.0,0.0,4.0,0.0,1000.0,980.0,500.0,500.0,480.0,450.0,It's picked from your farm,Supplier,
F-2202,1.0,Kayunga,1,yes,6.0,no,,no,,yes,Agricultural Use,Customary,,no,,yes,,yes,,no,,,yes,,yes,,yes,,no,,yes,,yes,,yes,,no,,1.9,1061.5,3.0,1250.0,1200.0,1991-08-08 03:00:00Z,0-25%,75-100%,['Bananas'],,Rainfed,"['Using Fertilizers', 'Pruning', 'Weeding', 'Intercropping']",6.0,5.0,6.0,5.0,11.0,0.0,1200.0,1180.0,1000.0,1200.0,1180.0,1000.0,It's picked from your farm,Supplier,
F-2203,1.0,Luwero,1,no,5.0,no,,no,,yes,Agricultural Use,Customary,,no,,yes,,yes,,yes,yes,,yes,,yes,,yes,,no,,yes,,yes,,yes,,no,,5.911,1085.897,2.5,1000.0,200.0,2019-03-02 03:00:00Z,0-25%,75-100%,['Bananas'],,Rainfed,['Intercropping'],4.0,1.0,2.0,3.0,5.0,0.0,150.0,130.0,110.0,58.0,55.0,50.0,It's picked from your farm,Supplier,
F-2204,1.0,Kayunga,1,yes,6.0,no,,no,,yes,Agricultural Use,Customary,,no,,yes,,yes,,no,,,yes,,yes,,yes,,no,,yes,,yes,,yes,,no,,5.0,1041.4,2.5,1050.0,1000.0,1990-05-12 03:00:00Z,0-25%,75-100%,['Bananas'],,Rainfed,"['Intercropping', 'Weeding']",5.0,5.0,6.0,4.0,10.0,0.0,2200.0,2180.0,1100.0,1100.0,1080.0,1000.0,At a hulling station,Supplier,
F-2205,1.0,Luwero,1,no,4.0,no,,no,,yes,Agricultural Use,Customary,,no,,yes,,yes,,no,,,yes,,yes,,yes,,no,,yes,,yes,,yes,,no,,0.83785665,1193.85,1.0,400.0,200.0,2009-08-05 03:00:00Z,0-25%,75-100%,['Bananas'],,Rainfed,['Weeding'],1.0,1.0,0.0,2.0,2.0,0.0,200.0,180.0,150.0,1000.0,800.0,80.0,somewhere else,other,Highest Bidder
F-2206,1.0,Luwero,1,yes,5.0,no,,no,,yes,Agricultural Use,Agreement/lease,,no,,yes,,yes,,yes,yes,,yes,,yes,,yes,,no,,yes,,yes,,yes,,no,,8.5,1088.4,2.5,1050.0,1000.0,2000-11-10 03:00:00Z,0-25%,75-100%,['Bananas'],,Rainfed,['Using Fertilizers'],2.0,3.0,2.0,3.0,5.0,0.0,200.0,180.0,150.0,1000.0,800.0,100.0,It's picked from your farm,Supplier,
F-2207,1.0,Luwero,1,yes,5.0,yes,LDC,no,,yes,Agricultural Use,Customary,,no,,yes,,yes,,yes,yes,,yes,,yes,,yes,,no,,yes,,yes,,yes,,no,,1.4352012,1137.558,5.5,2200.0,300.0,2001-03-02 03:00:00Z,0-25%,75-100%,['Bananas'],,Rainfed,['Intercropping'],3.0,3.0,2.0,4.0,6.0,0.0,150.0,130.0,110.0,250.0,240.0,125.0,It's picked from your farm,Supplier,
F-2208,1.0,Kayunga,1,yes,5.0,no,,no,,yes,Agricultural Use,Agreement/lease,,no,,yes,,yes,,yes,yes,,yes,,yes,,Yes,,no,,yes,,yes,,yes,,no,,6.1,1103.3,2.3,950.0,900.0,2012-03-12 03:00:00Z,0-25%,75-100%,['Bananas'],,Rainfed,['Using Fertilizers'],0.0,2.0,1.0,1.0,2.0,0.0,1000.0,980.0,800.0,800.0,780.0,600.0,It's picked from your farm,Cooperative representative,
F-2209,1.0,Kayunga,1,yes,20.0,no,,no,,yes,Agricultural Use,Agreement/lease,,no,,yes,,yes,,no,,,yes,,yes,,yes,,no,,yes,,yes,,yes,,no,,20.106,1022.2,3.5,1400.0,600.0,2008-04-15 03:00:00Z,0-25%,75-100%,"['Bananas', 'Beans']",,Rainfed,"['Using Fertilizers', 'Pruning', 'Weeding', 'Intercropping']",5.0,2.0,6.0,1.0,7.0,0.0,1000.0,980.0,960.0,400.0,380.0,300.0,It's picked from your farm,Hulling Station representative,
F-2210,1.0,Kayunga,1,no,2.0,no,,no,,no,Agricultural Use,Title,,no,,yes,,yes,,yes,yes,,yes,,yes,,yes,,no,,yes,,yes,,yes,,no,,7.2,1118.7,1.5,850.0,800.0,1980-02-02 03:00:00Z,0-25%,75-100%,"['Tobacco', 'Millet']",,Rainfed,"['Using Fertilizers', 'Weeding', 'Intercropping']",0.0,1.0,0.0,1.0,1.0,0.0,1600.0,1580.0,800.0,800.0,780.0,400.0,It's picked from your farm,Supplier,
F-2211,1.0,Kayunga,1,yes,3.0,no,,no,,no,Agricultural Use,Title,,no,,yes,,yes,,no,,,yes,,yes,,yes,,no,,yes,,yes,,yes,,no,,19.917,1010.6,1.5,750.0,700.0,2002-01-02 03:00:00Z,0-25%,75-100%,"['Bananas', 'Tobacco']",,Rainfed,"['Using Fertilizers', 'Weeding', 'Intercropping']",0.0,1.0,0.0,1.0,1.0,0.0,1400.0,1380.0,700.0,700.0,680.0,300.0,It's picked from your farm,Supplier,
F-2212,1.0,Luwero,1,yes,4.0,no,,no,,yes,Agricultural Use,Title,,no,,yes,,yes,,no,,,yes,,yes,,yes,,no,,yes,,yes,,yes,,no,,0.757,1128.061,3.0,1360.0,1260.0,2000-07-11 03:00:00Z,0-25%,75-100%,['Bananas'],,Rainfed,['Weeding'],2.0,1.0,1.0,2.0,3.0,0.0,1000.0,980.0,960.0,1350.0,1340.0,1260.0,It's picked from your farm,Supplier,
F-2213,1.0,Kayunga,1,yes,8.0,no,,no,,no,Agricultural Use,Title,,no,,yes,,yes,,yes,yes,,yes,,yes,,yes,,no,,yes,,yes,,yes,,no,,1.85,1075.0,2.3,920.0,850.0,2016-09-12 03:00:00Z,0-25%,75-100%,"['Bananas', 'Tobacco', 'Sorghum']",,Both(Rainfed+Irrigated),['Using Fertilizers'],6.0,3.0,2.0,7.0,5.0,4.0,1000.0,980.0,960.0,1000.0,800.0,85.0,At a hulling station,Supplier,
F-2214,1.0,Kayunga,1,yes,2.0,no,,no,,no,Agricultural Use,Title,,no,,yes,,yes,,yes,yes,,yes,,yes,,yes,,no,,yes,,yes,,yes,,no,,10.715,1080.5,1.0,400.0,200.0,1994-12-12 03:00:00Z,0-25%,75-100%,['Bananas'],,Rainfed,['Using Fertilizers'],2.0,2.0,2.0,2.0,4.0,0.0,150.0,130.0,110.0,1000.0,800.0,45.0,It's picked from your farm,Cooperative representative,
F-2215,1.0,Kayunga,1,yes,4.0,no,,no,,yes,Agricultural Use,Customary,,no,,yes,,yes,,no,,,yes,,yes,,yes,,no,,yes,,yes,,yes,,no,,2.2,1067.4,3.0,1200.0,1000.0,2019-08-12 03:00:00Z,0-25%,75-100%,['Bananas'],,Rainfed,['Intercropping'],6.0,4.0,5.0,5.0,10.0,0.0,1000.0,980.0,900.0,1000.0,980.0,900.0,At a hulling station,Supplier,
F-2216,1.0,Luwero,1,yes,7.0,no,,no,,yes,Agricultural Use,Agreement/lease,,no,,yes,,yes,,yes,yes,,yes,,yes,,yes,,no,,yes,,yes,,yes,,no,,15.0,1092.0,3.5,1400.0,1200.0,2011-09-12 03:00:00Z,0-25%,75-100%,"['Bananas', 'Beans']",,Rainfed,"['Pruning', 'Weeding', 'Intercropping']",2.0,3.0,0.0,5.0,5.0,0.0,1000.0,980.0,960.0,1350.0,1340.0,1200.0,It's picked from your farm,Supplier,
F-2217,1.0,Kayunga,1,yes,6.0,no,,no,,yes,Agricultural Use,Customary,,no,,yes,,yes,,no,,,yes,,yes,,Yes,,no,,yes,,yes,,yes,,no,,2.382,1038.8,3.4,1360.0,1100.0,2010-05-13 03:00:00Z,0-25%,75-100%,['Bananas'],,Rainfed,"['Intercropping', 'Using Fertilizers', 'Pruning']",2.0,1.0,0.0,3.0,3.0,0.0,1400.0,1380.0,700.0,700.0,680.0,600.0,At a hulling station,Hulling Station representative,
F-2218,1.0,Kayunga,1,yes,6.0,no,,no,,no,Agricultural Use,Agreement/lease,,no,,yes,,yes,,yes,yes,,yes,,yes,,yes,,no,,yes,,yes,,yes,,no,,12.0,1087.2,3.5,1400.0,900.0,1976-07-10 03:00:00Z,0-25%,75-100%,"['Bananas', 'Beans']",,Rainfed,"['Pruning', 'Weeding']",1.0,1.0,1.0,1.0,2.0,0.0,1000.0,980.0,960.0,1300.0,1280.0,1200.0,It's picked from your farm,Supplier,
F-2219,1.0,Kayunga,1,yes,7.0,no,,no,,yes,Agricultural Use,Customary,,no,,yes,,yes,,yes,yes,,yes,,yes,,yes,,no,,yes,,yes,,yes,,no,,2.0,1060.9,2.2,1050.0,1000.0,1999-02-09 03:00:00Z,0-25%,75-100%,"['Bananas', 'Beans']",,Rainfed,"['Using Fertilizers', 'Pruning', 'Weeding', 'Intercropping']",4.0,2.0,4.0,2.0,6.0,0.0,2000.0,1980.0,1000.0,1000.0,980.0,850.0,At a hulling station,Supplier,
F-2220,1.0,Kayunga,1,yes,5.0,no,,no,,no,Agricultural Use,Customary,,no,,yes,,yes,,no,,,yes,,yes,,yes,,no,,yes,,yes,,yes,,no,,9.5,1115.7,3.0,1200.0,1000.0,2016-09-12 03:00:00Z,0-25%,75-100%,"['Bananas', 'Beans']",,Rainfed,"['Weeding', 'Intercropping']",3.0,3.0,4.0,2.0,6.0,0.0,1000.0,980.0,960.0,1200.0,1180.0,1050.0,It's picked from your farm,Supplier,
F-2221,1.0,Luwero,1,yes,4.0,yes,LDC,no,,yes,Agricultural Use,Agreement/lease,,no,,yes,,yes,,no,,,yes,,yes,,yes,,no,,yes,,yes,,yes,,no,,13.0,1195.3,5.5,2200.0,900.0,2019-08-12 03:00:00Z,0-25%,75-100%,['Bananas'],,Rainfed,['Intercropping'],1.0,3.0,0.0,4.0,4.0,0.0,150.0,130.0,110.0,1000.0,800.0,100.0,It's picked from your farm,Supplier,
F-2222,1.0,Luwero,1,yes,2.0,no,,no,,yes,Agricultural Use,Agreement/lease,,no,,yes,,yes,,yes,yes,,yes,,yes,,yes,,no,,yes,,yes,,yes,,no,,8.838,1118.382,5.5,2200.0,800.0,1946-03-18 03:00:00Z,0-25%,75-100%,['Bananas'],,Both(Rainfed+Irrigated),['Using Fertilizers'],1.0,3.0,1.0,3.0,4.0,0.0,150.0,130.0,110.0,500.0,480.0,200.0,It's picked from your farm,Supplier,
F-2223,1.0,Luwero,1,yes,12.0,no,,no,,yes,Agricultural Use,Title,,no,,yes,,yes,,yes,yes,,yes,,yes,,yes,,no,,yes,,yes,,yes,,no,,12.0,1149.6,3.5,1400.0,1200.0,2011-09-01 03:00:00Z,0-25%,75-100%,"['Bananas', 'Beans']",,Rainfed,"['Using Fertilizers', 'Weeding', 'Intercropping']",1.0,3.0,0.0,4.0,4.0,0.0,1000.0,980.0,960.0,1500.0,1480.0,1340.0,It's picked from your farm,Supplier,
F-2224,1.0,Kayunga,1,yes,4.0,no,,no,,yes,Agricultural Use,Agreement/lease,,no,,yes,,yes,,yes,yes,,yes,,yes,,yes,,no,,yes,,yes,,yes,,no,,8.4,993.1,2.5,1200.0,1000.0,2020-04-12 03:00:00Z,0-25%,75-100%,['Bananas'],,Rainfed,['Weeding'],0.0,2.0,0.0,2.0,2.0,0.0,900.0,880.0,860.0,1200.0,900.0,800.0,It's picked from your farm,Supplier,
F-2225,1.0,Kayunga,1,yes,7.0,no,,no,,no,Agricultural Use,Title,,no,,yes,,yes,,yes,yes,,yes,,yes,,yes,,no,,yes,,yes,,yes,,no,,19.184,1067.8,3.5,1450.0,1400.0,1994-07-28 03:00:00Z,0-25%,75-100%,"['Bananas', 'Beans']",,Rainfed,"['Pruning', 'Weeding', 'Intercropping']",1.0,1.0,1.0,1.0,2.0,0.0,4200.0,4180.0,2100.0,2100.0,2080.0,2000.0,It's picked from your farm,Supplier,
F-2226,1.0,Luwero,1,yes,13.0,no,,no,,yes,Agricultural Use,Customary,,no,,yes,,yes,,yes,yes,,yes,,yes,,yes,,no,,yes,,yes,,yes,,no,,10.1,1243.1,2.5,1000.0,850.0,2006-04-05 03:00:00Z,0-25%,75-100%,"['Bananas', 'Beans']",,Rainfed,"['Using Fertilizers', 'Pruning', 'Weeding', 'Intercropping']",2.0,0.0,0.0,2.0,2.0,0.0,900.0,880.0,450.0,450.0,440.0,405.0,It's picked from your farm,Supplier,
F-2227,1.0,Kayunga,1,no,4.0,no,,no,,no,Natural forest,Customary,,no,,yes,,yes,,yes,yes,,yes,,yes,,yes,,no,,yes,,yes,,yes,,no,,2.2,1100.8,3.0,1200.0,800.0,2018-07-09 03:00:00Z,0-25%,75-100%,['Bananas'],,Rainfed,['Using Fertilizers'],0.0,1.0,1.0,0.0,1.0,0.0,1600.0,1580.0,800.0,800.0,780.0,400.0,It's picked from your farm,Supplier,
F-2228,1.0,Kayunga,1,yes,8.0,no,,no,,yes,Agricultural Use,Agreement/lease,,no,,yes,,yes,,yes,yes,,yes,,yes,,yes,,no,,yes,,yes,,yes,,no,,2.181,1053.4,2.1,850.0,800.0,2001-08-09 03:00:00Z,0-25%,75-100%,"['Bananas', 'Beans']",,Rainfed,"['Using Fertilizers', 'Pruning', 'Weeding']",5.0,1.0,5.0,1.0,6.0,0.0,1600.0,1580.0,800.0,800.0,780.0,700.0,It's picked from your farm,Supplier,
F-2229,1.0,Nakeseke,1,yes,7.0,no,,no,,yes,Agricultural Use,Agreement/lease,,no,,yes,,yes,,yes,yes,,yes,,yes,,yes,,no,,yes,,yes,,yes,,no,,2.508,1111.774,5.5,2200.0,1125.0,2002-03-18 03:00:00Z,0-25%,75-100%,"['Bananas', 'Beans']",,Rainfed,"['Pruning', 'Weeding']",1.0,1.0,2.0,0.0,2.0,0.0,150.0,130.0,110.0,6740.0,3375.0,1878.0,At a hulling station,Supplier,
F-2230,1.0,Luwero,1,yes,3.0,no,,no,,yes,Agricultural Use,Customary,,no,,yes,,yes,,yes,yes,,yes,,yes,,yes,,no,,yes,,yes,,yes,,no,,2.129298,1130.358,3.5,1400.0,200.0,2018-02-01 03:00:00Z,0-25%,75-100%,['Bananas'],,Rainfed,['Intercropping'],1.0,1.0,1.0,1.0,2.0,0.0,1000.0,980.0,960.0,1000.0,800.0,50.0,It's picked from your farm,Supplier,
F-2231,1.0,Kayunga,1,yes,7.0,yes,LDC,no,,yes,Agricultural Use,Customary,,no,,yes,,yes,,no,,,yes,,yes,,yes,,no,,yes,,yes,,yes,,no,,12.529,1074.7,3.0,1200.0,1000.0,2000-09-12 03:00:00Z,0-25%,75-100%,"['Bananas', 'Beans']",,Rainfed,"['Intercropping', 'Weeding']",4.0,4.0,4.0,4.0,8.0,0.0,150.0,130.0,110.0,1000.0,980.0,850.0,It's picked from your farm,Supplier,
F-2232,1.0,Luwero,1,no,4.0,no,,no,,yes,Agricultural Use,Agreement/lease,,no,,yes,,yes,,no,,,yes,,yes,,yes,,no,,yes,,yes,,yes,,no,,3.8,1081.9,2.5,1000.0,400.0,2012-12-02 03:00:00Z,0-25%,75-100%,"['Bananas', 'Beans']",,Rainfed,"['Weeding', 'Intercropping']",2.0,1.0,1.0,2.0,2.0,1.0,7000.0,6980.0,350.0,350.0,340.0,315.0,It's picked from your farm,Supplier,
F-2233,1.0,Luwero,1,yes,7.0,no,,no,,yes,Agricultural Use,Title,,no,,yes,,yes,,no,,,yes,,yes,,yes,,no,,yes,,yes,,yes,,no,,2.3,1117.4,3.0,1300.0,1200.0,2019-09-04 03:00:00Z,0-25%,75-100%,"['Bananas', 'Beans']",,Rainfed,"['Using Fertilizers', 'Intercropping']",3.0,3.0,0.0,6.0,6.0,0.0,1000.0,980.0,960.0,1500.0,1480.0,1340.0,It's picked from your farm,Supplier,
F-2234,1.0,Kayunga,1,yes,5.0,no,,no,,no,Agricultural Use,Title,,no,,yes,,yes,,yes,yes,,yes,,yes,,yes,,no,,yes,,yes,,yes,,no,,3.216,1147.18335,2.5,1000.0,500.0,2009-12-12 03:00:00Z,0-25%,75-100%,['Bananas'],,Rainfed,['Using Fertilizers'],0.0,0.0,0.0,0.0,0.0,0.0,1000.0,980.0,960.0,1000.0,800.0,45.0,It's picked from your farm,Supplier,
F-2235,1.0,Kayunga,1,yes,6.0,no,,no,,no,Agricultural Use,Title,,no,,yes,,yes,,yes,yes,,yes,,yes,,yes,,no,,yes,,yes,,yes,,no,,1.716,1049.9,1.5,600.0,450.0,2003-09-12 03:00:00Z,0-25%,75-100%,"['Bananas', 'Beans']",,Both(Rainfed+Irrigated),['Using Fertilizers'],8.0,5.0,6.0,7.0,10.0,3.0,600.0,580.0,150.0,1000.0,800.0,85.0,At a hulling station,Supplier,
F-2236,1.0,Luwero,1,no,4.0,no,,no,,yes,Agricultural Use,Agreement/lease,,no,,yes,,yes,,no,,,yes,,yes,,yes,,no,,yes,,yes,,yes,,no,,18.708,934.1,2.5,1000.0,400.0,1998-10-07 03:00:00Z,0-25%,75-100%,['Bananas'],,Rainfed,['Weeding'],1.0,1.0,1.0,1.0,1.0,1.0,7000.0,6980.0,350.0,350.0,340.0,315.0,It's picked from your farm,Supplier,
F-2237,1.0,Luwero,1,yes,1.0,no,,no,,yes,Agricultural Use,Agreement/lease,,no,,yes,,yes,,yes,yes,,yes,,yes,,yes,,no,,yes,,yes,,yes,,no,,11.0,1082.0,5.5,2200.0,310.0,2010-07-24 03:00:00Z,0-25%,75-100%,['Bananas'],,Rainfed,"['Using Fertilizers', 'Pruning', 'Weeding']",3.0,0.0,1.0,2.0,3.0,0.0,150.0,130.0,110.0,1000.0,980.0,960.0,At a hulling station,Hulling Station representative,
F-2238,1.0,Nakeseke,2,yes,2.0,no,,no,,yes,Agricultural Use,Agreement/lease,,no,,yes,,yes,,no,,,yes,,yes,,no,pays accord to the agreed amount of money,no,,yes,,yes,,yes,,no,,17.3,1091.7,5.5,2200.0,400.0,2018-09-16 03:00:00Z,0-25%,75-100%,['Bananas'],,Rainfed,"['Pruning', 'Weeding']",1.0,1.0,2.0,0.0,2.0,0.0,150.0,130.0,110.0,3000.0,2980.0,2550.0,It's picked from your farm,Supplier,
F-2239,1.0,Kayunga,1,yes,8.0,no,,no,,yes,Agricultural Use,Agreement/lease,,no,,yes,,yes,,no,,,yes,,yes,,yes,,no,,yes,,yes,,yes,,no,,1.6146191,1049.588,3.25,1800.0,1500.0,2000-03-08 03:00:00Z,0-25%,75-100%,['Bananas'],,Rainfed,"['Using Fertilizers', 'Pruning', 'Weeding', 'Intercropping']",6.0,4.0,4.0,6.0,10.0,0.0,1000.0,980.0,960.0,1500.0,1480.0,1350.0,It's picked from your farm,Supplier,
F-2240,1.0,Luwero,2,yes,5.0,no,,no,,yes,Agricultural Use,Agreement/lease,,no,,yes,,yes,,no,,,yes,,yes,,yes,,no,,yes,,yes,,yes,,no,,13.771,1071.7,3.5,1400.0,400.0,2013-02-01 03:00:00Z,0-25%,75-100%,['Bananas'],,Both(Rainfed+Irrigated),['Intercropping'],1.0,1.0,1.0,1.0,1.0,1.0,9000.0,8980.0,500.0,500.0,480.0,450.0,It's picked from your farm,Supplier,
F-2241,1.0,Kayunga,1,yes,8.0,no,,no,,yes,Agricultural Use,Customary,,no,,yes,,yes,,no,,,yes,,yes,,yes,,no,,yes,,yes,,yes,,no,,0.95949674,1049.249,2.17,1300.0,1000.0,2000-03-08 03:00:00Z,0-25%,75-100%,['Bananas'],,Rainfed,"['Pruning', 'Weeding', 'Intercropping']",6.0,4.0,4.0,6.0,10.0,0.0,2000.0,1980.0,1000.0,1000.0,980.0,900.0,At a hulling station,Supplier,
F-2242,1.0,Luwero,1,yes,7.0,no,,no,,yes,Agricultural Use,Agreement/lease,,no,,yes,,yes,,yes,yes,,yes,,yes,,yes,,no,,yes,,yes,,yes,,no,,10.0,1142.0,3.5,1400.0,381.0,2013-07-12 03:00:00Z,0-25%,75-100%,['Bananas'],,Rainfed,"['Using Fertilizers', 'Pruning', 'Weeding']",1.0,2.0,1.0,2.0,3.0,0.0,2000.0,1980.0,1000.0,1000.0,980.0,960.0,It's picked from your farm,Supplier,
F-2243,1.0,Kayunga,1,yes,2.0,no,,no,,no,Agricultural Use,Title,,no,,yes,,yes,,yes,yes,,yes,,yes,,yes,,no,,yes,,yes,,yes,,no,,0.6321087,1103.293,1.0,400.0,200.0,2009-04-12 03:00:00Z,0-25%,75-100%,['Bananas'],,Both(Rainfed+Irrigated),['Using Fertilizers'],23.0,11.0,10.0,24.0,23.0,11.0,450.0,430.0,150.0,1000.0,800.0,46.0,At a hulling station,Supplier,
F-2244,1.0,Kayunga,1,yes,8.0,no,,no,,no,Natural forest,Customary,,no,,yes,,yes,,yes,yes,,yes,,yes,,yes,,no,,yes,,yes,,yes,,no,,1.75,1094.0,2.0,800.0,600.0,2000-09-09 03:00:00Z,0-25%,75-100%,['Bananas'],,Rainfed,['Using Fertilizers'],1.0,1.0,1.0,1.0,2.0,0.0,1200.0,1180.0,600.0,600.0,580.0,300.0,It's picked from your farm,Supplier,
F-2245,1.0,Luwero,1,yes,5.0,yes,ibero,no,,yes,Agricultural Use,Agreement/lease,,no,,yes,,yes,,yes,yes,,yes,,yes,,yes,,no,,yes,,yes,,yes,,no,,13.5,1056.0,3.5,1400.0,310.0,2008-05-05 03:00:00Z,0-25%,75-100%,['Bananas'],,Rainfed,"['Pruning', 'Weeding']",1.0,1.0,2.0,0.0,2.0,0.0,1000.0,980.0,960.0,3000.0,2980.0,2960.0,At a cooperative,Cooperative representative,
F-2246,1.0,Luwero,1,yes,7.0,no,,no,,yes,Agricultural Use,Title,,no,,yes,,yes,,yes,yes,,yes,,yes,,yes,,no,,yes,,yes,,yes,,no,,2.159,1097.314,3.5,1400.0,750.0,2018-02-04 03:00:00Z,0-25%,75-100%,['Beans'],,Rainfed,['Pruning'],10.0,6.0,4.0,12.0,16.0,0.0,1000.0,980.0,960.0,900.0,880.0,810.0,At a hulling station,Supplier,
F-2247,1.0,Luwero,1,no,3.0,no,,no,,yes,Agricultural Use,Title,,no,,yes,,yes,,yes,yes,,yes,,yes,,yes,,no,,yes,,yes,,yes,,no,,3.731,1149.972,2.5,1000.0,650.0,2018-07-04 03:00:00Z,0-25%,75-100%,"['Bananas', 'Beans']",,Rainfed,"['Pruning', 'Weeding', 'Intercropping']",6.0,6.0,0.0,12.0,12.0,0.0,1000.0,980.0,960.0,850.0,840.0,765.0,At a hulling station,Supplier,
F-2248,1.0,Luwero,1,yes,5.0,no,,no,,yes,Agricultural Use,Customary,,no,,yes,,yes,,yes,yes,,yes,,yes,,yes,,no,,yes,,yes,,yes,,no,,8.3,1211.0,3.5,1400.0,1300.0,2008-05-06 03:00:00Z,0-25%,75-100%,"['Bananas', 'Beans']",,Rainfed,"['Using Fertilizers', 'Pruning', 'Weeding', 'Intercropping']",0.0,2.0,0.0,2.0,2.0,0.0,1000.0,980.0,500.0,500.0,480.0,450.0,It's picked from your farm,Supplier,
F-2249,1.0,Kayunga,1,yes,3.0,no,,no,,no,Agricultural Use,Title,,no,,yes,,yes,,no,,,yes,,yes,,yes,,no,,yes,,yes,,yes,,no,,10.383,1079.5,2.0,800.0,750.0,2010-10-10 03:00:00Z,0-25%,75-100%,"['Bananas', 'Beans']",,Rainfed,"['Using Fertilizers', 'Weeding', 'Intercropping']",1.0,1.0,1.0,1.0,2.0,0.0,1450.0,1430.0,700.0,700.0,690.0,650.0,It's picked from your farm,Supplier,
F-2250,1.0,Kayunga,1,no,7.0,no,,no,,no,Agricultural Use,Agreement/lease,,no,,yes,,yes,,yes,yes,,yes,,yes,,yes,,no,,yes,,yes,,yes,,no,,9.2,1273.4,3.5,1400.0,800.0,1995-01-12 03:00:00Z,0-25%,75-100%,"['Bananas', 'Beans']",,Rainfed,"['Pruning', 'Weeding', 'Intercropping']",1.0,1.0,1.0,1.0,2.0,0.0,1000.0,980.0,960.0,1200.0,1180.0,1100.0,It's picked from your farm,Supplier,
F-2251,1.0,Luwero,1,no,5.0,no,,no,,yes,Agricultural Use,Customary,,no,,yes,,yes,,yes,yes,,yes,,yes,,yes,,no,,yes,,yes,,yes,,no,,2.1,1101.4,5.0,2300.0,2250.0,2010-02-08 03:00:00Z,0-25%,75-100%,"['Bananas', 'Beans']",,Rainfed,"['Using Fertilizers', 'Pruning', 'Intercropping', 'Weeding']",2.0,0.0,1.0,1.0,2.0,0.0,1000.0,980.0,960.0,1000.0,980.0,900.0,It's picked from your farm,Supplier,
F-2252,1.0,Luwero,1,yes,7.0,no,,no,,yes,Agricultural Use,Agreement/lease,,no,,yes,,yes,,no,,,yes,,yes,,yes,,no,,yes,,yes,,yes,,no,,0.835,1099.057,3.0,1360.0,1260.0,2005-03-02 03:00:00Z,0-25%,75-100%,['Beans'],,Rainfed,['Weeding'],1.0,2.0,0.0,3.0,3.0,0.0,1000.0,980.0,960.0,1350.0,1340.0,1260.0,It's picked from your farm,Supplier,
F-2253,1.0,Nakeseke,5,yes,7.0,no,,no,,yes,Agricultural Use,Customary,,no,,yes,,yes,,no,,,yes,,yes,,yes,,no,,yes,,yes,,yes,,no,,2.262,1365.343,5.5,2200.0,750.0,2014-08-14 03:00:00Z,0-25%,75-100%,['Bananas'],,Rainfed,['Intercropping'],1.0,1.0,2.0,0.0,1.0,1.0,150.0,130.0,110.0,150.0,140.0,100.0,somewhere else,other,Highest Bidder
F-2254,1.0,Luwero,1,yes,7.0,yes,LDC,no,,yes,Agricultural Use,Customary,,no,,yes,,yes,,no,,,yes,,yes,,yes,,no,,yes,,yes,,yes,,no,,13.2,1137.9,5.5,2200.0,1350.0,2012-09-12 03:00:00Z,0-25%,75-100%,['Bananas'],,Rainfed,['Intercropping'],2.0,3.0,0.0,5.0,5.0,0.0,150.0,130.0,110.0,300.0,280.0,260.0,It's picked from your farm,Supplier,
F-2255,1.0,Nakeseke,1,yes,6.0,yes,Busana,no,,yes,Agricultural Use,Agreement/lease,,no,,yes,,yes,,yes,yes,,yes,,yes,,yes,,no,,yes,,yes,,yes,,no,,20.647,1128.400024,5.5,3300.0,3270.0,1992-06-09 03:00:00Z,0-25%,75-100%,['Bananas'],,Both(Rainfed+Irrigated),['Using Fertilizers'],0.0,0.0,0.0,0.0,0.0,0.0,150.0,130.0,110.0,1000.0,800.0,500.0,It's picked from your farm,Cooperative representative,
F-2256,1.0,Luwero,1,yes,5.0,no,,no,,yes,Agricultural Use,Customary,,no,,yes,,yes,,yes,yes,,yes,,yes,,yes,,no,,yes,,yes,,yes,,no,,2.7350466,1485.995,2.5,1000.0,200.0,2016-02-01 03:00:00Z,0-25%,75-100%,['Bananas'],,Rainfed,['Intercropping'],1.0,1.0,1.0,1.0,2.0,0.0,200.0,180.0,160.0,200.0,180.0,100.0,It's picked from your farm,Supplier,
F-2257,1.0,Luwero,1,yes,4.0,no,,no,,yes,Agricultural Use,Title,,no,,yes,,yes,,no,,,yes,,yes,,yes,,no,,yes,,yes,,yes,,no,,0.743,1098.377,2.5,1000.0,900.0,1999-01-31 03:00:00Z,0-25%,75-100%,"['Bananas', 'Beans']",,Rainfed,['Intercropping'],1.0,1.0,2.0,0.0,2.0,0.0,1200.0,1180.0,600.0,600.0,580.0,400.0,It's picked from your farm,Supplier,
F-2258,1.0,Luwero,1,yes,7.0,no,,no,,no,Agricultural Use,Agreement/lease,,no,,yes,,yes,,yes,yes,,yes,,yes,,yes,,no,,yes,,yes,,yes,,no,,4.789,1096.269,4.5,1800.0,1500.0,2009-06-14 03:00:00Z,0-25%,75-100%,['Bananas'],,Rainfed,"['Weeding', 'Using Fertilizers']",2.0,3.0,4.0,1.0,5.0,0.0,1000.0,980.0,960.0,1000.0,980.0,960.0,It's picked from your farm,Supplier,
F-2259,1.0,Kayunga,1,yes,8.0,no,,no,,no,Natural forest,Customary,,no,,yes,,yes,,yes,yes,,yes,,yes,,yes,,no,,yes,,yes,,yes,,no,,9.571,1072.6,3.0,1200.0,800.0,2011-09-09 03:00:00Z,0-25%,75-100%,['Bananas'],,Rainfed,['Using Fertilizers'],1.0,0.0,1.0,0.0,1.0,0.0,1600.0,1580.0,800.0,800.0,780.0,400.0,It's picked from your farm,Supplier,
F-2260,1.0,Kayunga,1,yes,6.0,no,,no,,no,Agricultural Use,Title,,no,,yes,,yes,,yes,yes,,yes,,yes,,yes,,no,,yes,,yes,,yes,,no,,1.1346772,1114.514,1.0,500.0,450.0,2009-09-12 03:00:00Z,0-25%,75-100%,"['Bananas', 'Tobacco', 'Beans']",,Both(Rainfed+Irrigated),['Using Fertilizers'],7.0,4.0,6.0,5.0,9.0,2.0,150.0,130.0,110.0,1000.0,800.0,40.0,It's picked from your farm,Supplier,
F-2261,1.0,Luwero,3,no,2.0,no,,no,,yes,Agricultural Use,Agreement/lease,,no,,yes,,yes,,yes,yes,,yes,,yes,,yes,,no,,yes,,yes,,yes,,no,,1.782,1103.147,5.5,2200.0,200.0,2000-03-12 03:00:00Z,0-25%,75-100%,['Bananas'],,Rainfed,['Using Fertilizers'],1.0,1.0,0.0,2.0,2.0,0.0,150.0,130.0,110.0,300.0,150.0,80.0,It's picked from your farm,Supplier,
F-2262,1.0,Kayunga,1,yes,8.0,no,,no,,no,Agricultural Use,Agreement/lease,,no,,yes,,yes,,no,,,yes,,yes,,yes,,no,,yes,,yes,,yes,,no,,2.2131066,1037.086,3.25,1700.0,1500.0,1998-04-08 03:00:00Z,0-25%,75-100%,['Bananas'],,Rainfed,"['Using Fertilizers', 'Pruning', 'Weeding', 'Intercropping']",10.0,1.0,4.0,7.0,11.0,0.0,1000.0,980.0,960.0,1500.0,1480.0,1350.0,It's picked from your farm,Supplier,
F-2263,1.0,Kayunga,1,no,5.0,no,,no,,no,Agricultural Use,Customary,,no,,yes,,yes,,no,,,yes,,yes,,yes,,no,,yes,,yes,,yes,,no,,2.8,1040.8,2.0,850.0,800.0,2016-08-12 03:00:00Z,0-25%,75-100%,['Bananas'],,Rainfed,"['Using Fertilizers', 'Weeding', 'Intercropping']",4.0,2.0,4.0,2.0,6.0,0.0,1800.0,1780.0,900.0,900.0,880.0,800.0,It's picked from your farm,Supplier,
F-2264,1.0,Luwero,1,yes,6.0,no,,no,,yes,Agricultural Use,Agreement/lease,,no,,yes,,yes,,yes,yes,,yes,,yes,,yes,,no,,yes,,yes,,yes,,no,,15.5,1046.0,3.5,1400.0,1200.0,2010-12-12 03:00:00Z,0-25%,75-100%,"['Bananas', 'Beans']",,Rainfed,"['Pruning', 'Weeding', 'Intercropping']",4.0,2.0,2.0,4.0,6.0,0.0,1000.0,980.0,960.0,1350.0,1340.0,1200.0,It's picked from your farm,Supplier,
F-2265,1.0,Luwero,1,yes,6.0,no,,no,,yes,Agricultural Use,Agreement/lease,,no,,yes,,yes,,yes,yes,,yes,,yes,,yes,,no,,yes,,yes,,yes,,no,,18.527,1106.5,5.5,2200.0,2170.0,2021-05-09 03:00:00Z,0-25%,75-100%,['Bananas'],,Rainfed,['Using Fertilizers'],3.0,3.0,3.0,3.0,3.0,3.0,150.0,130.0,110.0,200.0,180.0,170.0,At a hulling station,Supplier,
F-2266,1.0,Kayunga,1,yes,4.0,yes,LDC,no,,yes,Agricultural Use,Customary,,no,,yes,,yes,,no,,,yes,,yes,,yes,,no,,yes,,yes,,yes,,no,,2.2,1076.2,3.0,1200.0,1000.0,2009-06-12 03:00:00Z,0-25%,75-100%,"['Bananas', 'Beans']",,Rainfed,['Intercropping'],3.0,2.0,3.0,2.0,5.0,0.0,150.0,130.0,110.0,1000.0,980.0,850.0,It's picked from your farm,Supplier,
F-2267,1.0,Kayunga,1,yes,8.0,no,,no,,no,Agricultural Use,Agreement/lease,,no,,yes,,yes,,no,,,yes,,yes,,yes,,no,,yes,,yes,,yes,,no,,10.3,1056.5,3.5,1400.0,1200.0,1991-05-13 03:00:00Z,0-25%,75-100%,"['Bananas', 'Beans']",,Rainfed,"['Pruning', 'Weeding', 'Intercropping']",1.0,1.0,1.0,1.0,2.0,0.0,1000.0,980.0,960.0,1800.0,1780.0,1700.0,It's picked from your farm,Supplier,
F-2268,1.0,Luwero,1,yes,5.0,no,,no,,yes,Agricultural Use,Agreement/lease,,no,,yes,,yes,,yes,yes,,yes,,yes,,yes,,no,,yes,,yes,,yes,,no,,9.141,1108.881,3.1,1240.0,1000.0,1989-01-12 03:00:00Z,0-25%,75-100%,['Bananas'],,Rainfed,['Using Fertilizers'],2.0,1.0,2.0,1.0,3.0,0.0,1500.0,1480.0,1000.0,2000.0,1980.0,1500.0,It's picked from your farm,Supplier,
F-2269,1.0,Kayunga,1,yes,7.0,yes,LDC,no,,yes,Agricultural Use,Customary,,no,,yes,,yes,,no,,,yes,,yes,,yes,,no,,yes,,yes,,yes,,no,,4.1,1130.5,3.0,1200.0,1000.0,2016-04-12 03:00:00Z,0-25%,75-100%,['Bananas'],,Rainfed,"['Weeding', 'Intercropping']",4.0,3.0,3.0,4.0,7.0,0.0,150.0,130.0,110.0,1500.0,1480.0,1300.0,It's picked from your farm,Supplier,
F-2270,1.0,Kayunga,1,yes,4.0,no,,no,,yes,Agricultural Use,Customary,,no,,yes,,yes,,no,,,yes,,yes,,yes,,no,,yes,,yes,,yes,,no,,1.9,1080.6,3.1,1240.0,1000.0,2014-08-12 03:00:00Z,0-25%,75-100%,['Bananas'],,Rainfed,"['Weeding', 'Intercropping']",4.0,3.0,4.0,3.0,7.0,0.0,1000.0,980.0,960.0,1200.0,1180.0,1000.0,At a hulling station,Supplier,
F-2271,1.0,Kayunga,1,yes,3.0,no,,no,,yes,Agricultural Use,Agreement/lease,,no,,yes,,yes,,yes,yes,,yes,,yes,,yes,,no,,yes,,yes,,yes,,no,,7.2,1059.5,2.5,1000.0,970.0,2000-08-09 03:00:00Z,0-25%,75-100%,['Bananas'],,Rainfed,"['Using Fertilizers', 'Pruning', 'Weeding']",2.0,1.0,2.0,1.0,3.0,0.0,2000.0,1980.0,1000.0,1000.0,980.0,800.0,It's picked from your farm,Supplier,
F-2272,1.0,Luwero,1,yes,5.0,no,,no,,yes,Agricultural Use,Title,,no,,yes,,yes,,yes,yes,,yes,,yes,,yes,,no,,yes,,yes,,yes,,no,,13.008,1062.209,3.5,1400.0,670.0,2018-02-01 03:00:00Z,0-25%,75-100%,"['Bananas', 'Beans']",,Rainfed,"['Pruning', 'Weeding', 'Intercropping']",5.0,7.0,0.0,12.0,12.0,0.0,1000.0,980.0,960.0,550.0,540.0,495.0,At a hulling station,Supplier,
F-2273,1.0,Luwero,1,yes,5.0,no,,no,,yes,Agricultural Use,Agreement/lease,,no,,yes,,yes,,yes,yes,,yes,,yes,,yes,,no,,yes,,yes,,yes,,no,,9.5,1137.0,3.5,1400.0,384.0,2014-02-28 03:00:00Z,0-25%,75-100%,['Bananas'],,Rainfed,"['Pruning', 'Using Fertilizers', 'Weeding']",1.0,2.0,3.0,0.0,3.0,0.0,800.0,780.0,400.0,400.0,380.0,360.0,It's picked from your farm,Supplier,
F-2274,1.0,Mukono,1,yes,10.0,no,,no,,yes,Agricultural Use,Agreement/lease,,no,,yes,,yes,,no,,,yes,,yes,,yes,,no,,yes,,yes,,yes,,no,,2.5,1076.9,3.0,1200.0,1000.0,1999-05-19 03:00:00Z,0-25%,75-100%,['Bananas'],,Rainfed,"['Intercropping', 'Weeding', 'Using Fertilizers']",5.0,5.0,4.0,6.0,10.0,0.0,1000.0,980.0,850.0,1000.0,980.0,850.0,It's picked from your farm,Supplier,
F-2275,1.0,Kayunga,1,yes,4.0,no,,no,,yes,Agricultural Use,Agreement/lease,,no,,yes,,yes,,no,,,yes,,yes,,yes,,no,,yes,,yes,,yes,,no,,3.3,1089.5,3.1,1300.0,1200.0,2015-09-12 03:00:00Z,0-25%,75-100%,['Bananas'],,Rainfed,"['Weeding', 'Intercropping']",4.0,3.0,4.0,3.0,7.0,0.0,1000.0,980.0,960.0,1500.0,1480.0,1300.0,It's picked from your farm,Supplier,
F-2276,1.0,Kayunga,1,yes,6.0,no,,no,,yes,Agricultural Use,Agreement/lease,,no,,yes,,yes,,no,,,yes,,yes,,yes,,no,,yes,,yes,,yes,,no,,0.8785456,1063.135,2.5,1200.0,1000.0,2014-07-08 03:00:00Z,0-25%,75-100%,['Bananas'],,Rainfed,"['Pruning', 'Using Fertilizers', 'Weeding', 'Intercropping']",6.0,4.0,4.0,6.0,10.0,0.0,2000.0,1980.0,1000.0,1000.0,980.0,900.0,It's picked from your farm,Supplier,
F-2277,1.0,Kayunga,3,yes,5.0,no,,no,,yes,Agricultural Use,Customary,,no,,yes,,yes,,no,,,yes,,yes,,yes,,no,,yes,,yes,,yes,,no,,9.4,1042.9,2.5,1150.0,1100.0,1999-02-12 03:00:00Z,0-25%,75-100%,['Bananas'],,Rainfed,"['Intercropping', 'Weeding']",6.0,5.0,6.0,5.0,11.0,0.0,2200.0,2180.0,1100.0,1100.0,1080.0,950.0,At a hulling station,Supplier,
F-2278,1.0,Kayunga,1,yes,3.0,no,,no,,no,Agricultural Use,Title,,no,,yes,,yes,,yes,yes,,yes,,yes,,yes,,no,,yes,,yes,,yes,,no,,1.7,1071.1,1.5,600.0,200.0,2019-03-09 03:00:00Z,0-25%,75-100%,"['Bananas', 'Greengrams', 'Tobacco']",,Both(Rainfed+Irrigated),['Using Fertilizers'],3.0,12.0,5.0,10.0,8.0,7.0,700.0,680.0,150.0,1000.0,800.0,50.0,At a hulling station,Supplier,
F-2279,1.0,Nakeseke,1,yes,11.0,no,,no,,yes,Agricultural Use,Title,,no,,yes,,yes,,yes,yes,,yes,,yes,,yes,,no,,yes,,yes,,yes,,no,,1.897,1073.452,5.5,2200.0,1634.0,2017-04-11 03:00:00Z,0-25%,75-100%,"['Bananas', 'Beans']",,Rainfed,"['Pruning', 'Weeding']",4.0,2.0,6.0,0.0,6.0,0.0,150.0,130.0,110.0,8333.0,4902.0,2750.0,It's picked from your farm,Supplier,
F-2280,1.0,Kayunga,1,yes,5.0,no,,no,,no,Agricultural Use,Agreement/lease,,no,,yes,,yes,,yes,yes,,yes,,yes,,yes,,no,,yes,,yes,,yes,,no,,3.216,1088.485229,2.5,1100.0,1000.0,2000-12-13 03:00:00Z,0-25%,75-100%,['Bananas'],,Rainfed,['Using Fertilizers'],0.0,0.0,0.0,0.0,0.0,0.0,1000.0,980.0,960.0,1000.0,800.0,90.0,It's picked from your farm,Supplier,
F-2281,1.0,Kayunga,1,yes,7.0,no,,no,,yes,Agricultural Use,Title,,no,,yes,,yes,,yes,yes,,yes,,yes,,yes,,no,,yes,,yes,,yes,,no,,5.4,1106.5,3.5,1400.0,650.0,1980-10-06 03:00:00Z,0-25%,75-100%,"['Bananas', 'Beans']",,Rainfed,"['Using Fertilizers', 'Pruning', 'Weeding', 'Intercropping']",1.0,3.0,1.0,3.0,4.0,0.0,5000.0,4980.0,2500.0,2500.0,2480.0,1600.0,It's picked from your farm,Supplier,
F-2282,1.0,Luwero,1,yes,1.0,no,,no,,no,Agricultural Use,Agreement/lease,,no,,yes,,yes,,yes,yes,,yes,,yes,,yes,,no,,yes,,yes,,yes,,no,,0.949,1107.637,1.0,400.0,270.0,2000-08-12 03:00:00Z,0-25%,75-100%,"['Bananas', 'Beans']",,Rainfed,"['Pruning', 'Weeding', 'Intercropping']",1.0,0.0,0.0,1.0,1.0,0.0,150.0,130.0,110.0,400.0,200.0,190.0,It's picked from your farm,Supplier,
F-2283,1.0,Luwero,1,yes,7.0,no,,no,,yes,Agricultural Use,Title,,no,,yes,,yes,,no,,,yes,,yes,,yes,,no,,yes,,yes,,yes,,no,,2.5,1160.7,3.5,1400.0,900.0,2019-04-12 03:00:00Z,0-25%,75-100%,"['Bananas', 'Beans']",,Rainfed,"['Using Fertilizers', 'Pruning', 'Intercropping']",1.0,3.0,2.0,2.0,4.0,0.0,9000.0,8980.0,1000.0,1000.0,980.0,500.0,It's picked from your farm,Supplier,
F-2284,1.0,Kayunga,1,yes,5.0,no,,no,,yes,Agricultural Use,Agreement/lease,,no,,yes,,yes,,yes,yes,,yes,,yes,,Yes,,no,,yes,,yes,,yes,,no,,0.932128,1121.858,2.3,1000.0,900.0,2008-02-20 03:00:00Z,0-25%,75-100%,['Bananas'],,Rainfed,['Using Fertilizers'],0.0,0.0,0.0,0.0,0.0,0.0,200.0,180.0,160.0,2000.0,1980.0,1960.0,It's picked from your farm,other,Highest Bidder
F-2285,1.0,Kayunga,1,yes,10.0,no,,no,,yes,Agricultural Use,Customary,,no,,yes,,yes,,no,,,yes,,yes,,yes,,no,,yes,,yes,,yes,,no,,5.304,1052.6,2.5,1000.0,900.0,2000-09-12 03:00:00Z,0-25%,75-100%,['Bananas'],,Rainfed,"['Intercropping', 'Weeding']",6.0,5.0,2.0,9.0,11.0,0.0,2000.0,1980.0,1000.0,1000.0,980.0,850.0,At a hulling station,Supplier,
F-2286,1.0,Kayunga,1,yes,6.0,no,,no,,yes,Agricultural Use,Agreement/lease,,no,,yes,,yes,,no,,,yes,,yes,,Yes,,no,,yes,,yes,,yes,,no,,1.803,1059.237,2.5,1050.0,1000.0,1984-01-01 03:00:00Z,0-25%,75-100%,"['Bananas', 'Beans']",,Rainfed,"['Pruning', 'Weeding']",0.0,0.0,0.0,0.0,0.0,0.0,2500.0,2480.0,1700.0,1700.0,1680.0,1650.0,It's picked from your farm,Hulling Station representative,
F-2287,1.0,Kayunga,1,yes,6.0,no,,no,,no,Agricultural Use,Title,,no,,yes,,yes,,yes,yes,,yes,,yes,,yes,,no,,yes,,yes,,yes,,no,,1.916,1065.1,2.5,1000.0,250.0,2004-09-21 03:00:00Z,0-25%,75-100%,"['Bananas', 'Tobacco']",,Both(Rainfed+Irrigated),['Using Fertilizers'],5.0,3.0,7.0,1.0,8.0,0.0,1000.0,980.0,960.0,1000.0,800.0,70.0,At a hulling station,Supplier,
F-2288,1.0,Luwero,1,no,3.0,no,,no,,yes,Agricultural Use,Agreement/lease,,no,,yes,,yes,,no,,,yes,,yes,,yes,,no,,yes,,yes,,yes,,no,,5.031,1184.674,3.5,1400.0,1140.0,2000-04-13 03:00:00Z,0-25%,75-100%,['Beans'],,Rainfed,['Intercropping'],3.0,1.0,0.0,4.0,4.0,0.0,1000.0,980.0,960.0,680.0,660.0,612.0,At a hulling station,Supplier,
F-2289,1.0,Kayunga,1,yes,3.0,no,,no,,no,Agricultural Use,Title,,no,,yes,,yes,,yes,yes,,yes,,yes,,yes,,no,,yes,,yes,,yes,,no,,7.823,1094.9,1.5,900.0,870.0,1980-01-01 03:00:00Z,0-25%,75-100%,"['Bananas', 'Beans']",,Rainfed,"['Using Fertilizers', 'Weeding', 'Intercropping']",1.0,0.0,0.0,1.0,1.0,0.0,1800.0,1780.0,900.0,900.0,880.0,500.0,It's picked from your farm,Supplier,
F-2290,1.0,Luwero,1,yes,2.0,no,,no,,yes,Agricultural Use,Agreement/lease,,no,,yes,,yes,,yes,yes,,yes,,yes,,yes,,no,,yes,,yes,,yes,,no,,2.166,1137.308,5.5,2200.0,400.0,1998-02-12 03:00:00Z,0-25%,75-100%,['Bananas'],,Rainfed,['Using Fertilizers'],1.0,1.0,0.0,2.0,2.0,0.0,150.0,130.0,110.0,200.0,180.0,75.0,At a hulling station,Supplier,
F-2291,1.0,Luwero,1,yes,3.0,no,,no,,yes,Natural forest,Customary,,no,,yes,,yes,,no,,,yes,,yes,,yes,,no,,yes,,yes,,yes,,no,,2.3122046,1098.576,3.5,1400.0,450.0,1999-09-08 03:00:00Z,0-25%,75-100%,['Bananas'],,Rainfed,"['Pruning', 'Weeding', 'Intercropping']",1.0,1.0,0.0,2.0,2.0,0.0,1000.0,980.0,960.0,1000.0,980.0,900.0,It's picked from your farm,Supplier,
F-2292,1.0,Kayunga,1,yes,6.0,no,,no,,no,Agricultural Use,Title,,no,,yes,,yes,,yes,yes,,yes,,yes,,yes,,no,,yes,,yes,,yes,,no,,1.8,1071.6,2.1,840.0,200.0,2009-09-12 03:00:00Z,0-25%,75-100%,"['Bananas', 'Beans']",,Both(Rainfed+Irrigated),['Using Fertilizers'],5.0,6.0,3.0,8.0,9.0,2.0,900.0,880.0,150.0,1000.0,800.0,55.0,At a hulling station,Supplier,
F-2293,1.0,Kayunga,1,yes,4.0,no,,no,,yes,Agricultural Use,Title,,no,,yes,,yes,,yes,yes,,yes,,yes,,yes,,no,,yes,,yes,,yes,,no,,9.877,1077.4,2.5,1000.0,250.0,2000-09-05 03:00:00Z,0-25%,75-100%,"['Bananas', 'Beans']",,Rainfed,"['Using Fertilizers', 'Pruning', 'Weeding', 'Intercropping']",0.0,2.0,1.0,1.0,2.0,0.0,4000.0,3980.0,2000.0,2000.0,1980.0,1000.0,It's picked from your farm,Supplier,
F-2294,1.0,Kayunga,1,yes,12.0,no,,no,,yes,Agricultural Use,Title,,no,,yes,,yes,,yes,yes,,yes,,yes,,yes,,no,,yes,,yes,,yes,,no,,1.6,1087.5,3.0,1320.0,1300.0,1996-04-20 03:00:00Z,0-25%,75-100%,"['Bananas', 'Beans']",,Rainfed,['Intercropping'],3.0,1.0,4.0,0.0,4.0,0.0,3900.0,3880.0,1950.0,1950.0,1940.0,975.0,It's picked from your farm,Supplier,
F-2295,1.0,Kayunga,1,yes,5.0,no,,no,,yes,Agricultural Use,Agreement/lease,,no,,yes,,yes,,no,,,yes,,yes,,yes,,no,,yes,,yes,,yes,,no,,9.6,1092.6,3.5,1400.0,1350.0,2002-07-16 03:00:00Z,0-25%,75-100%,['Bananas'],,Rainfed,['Weeding'],2.0,2.0,0.0,4.0,4.0,0.0,1300.0,1280.0,600.0,600.0,580.0,130.0,It's picked from your farm,Supplier,
F-2296,1.0,Luwero,1,yes,8.0,no,,no,,yes,Agricultural Use,Agreement/lease,,no,,yes,,yes,,yes,yes,,yes,,yes,,yes,,no,,yes,,yes,,yes,,no,,6.5,1098.0,5.5,2200.0,350.0,2000-05-20 03:00:00Z,0-25%,75-100%,['Bananas'],,Rainfed,"['Pruning', 'Weeding', 'Using Fertilizers']",2.0,0.0,2.0,0.0,2.0,0.0,150.0,130.0,110.0,250.0,240.0,230.0,At a hulling station,Hulling Station representative,
F-2297,1.0,Kayunga,1,no,5.0,no,,no,,no,Agricultural Use,Title,,no,,yes,,yes,,yes,yes,,yes,,yes,,yes,,no,,yes,,yes,,yes,,no,,2.272,1065.2,2.0,850.0,800.0,2011-01-02 03:00:00Z,0-25%,75-100%,"['Bananas', 'Tobacco']",,Both(Rainfed+Irrigated),"['Using Fertilizers', 'Weeding', 'Intercropping']",0.0,1.0,0.0,1.0,1.0,0.0,1600.0,1580.0,800.0,800.0,780.0,400.0,It's picked from your farm,Supplier,
F-2298,1.0,Kayunga,1,yes,7.0,no,,no,,yes,Agricultural Use,Agreement/lease,,no,,yes,,yes,,yes,yes,,yes,,yes,,yes,,no,,yes,,yes,,yes,,no,,2.3,1056.3,3.5,2100.0,2070.0,1999-03-09 03:00:00Z,0-25%,75-100%,"['Bananas', 'Beans']",,Rainfed,"['Using Fertilizers', 'Pruning', 'Weeding', 'Intercropping']",10.0,5.0,15.0,0.0,15.0,0.0,6000.0,5980.0,3000.0,3000.0,2980.0,2500.0,At a hulling station,Supplier,
F-2299,1.0,Luwero,1,yes,2.0,no,,no,,yes,Agricultural Use,Customary,,no,,yes,,yes,,yes,yes,,yes,,yes,,yes,,no,,yes,,yes,,yes,,no,,2.9442186,954.032,2.5,1000.0,250.0,2018-03-02 03:00:00Z,0-25%,75-100%,['Bananas'],,Rainfed,['Intercropping'],1.0,1.0,1.0,1.0,2.0,0.0,150.0,130.0,110.0,1000.0,800.0,50.0,It's picked from your farm,Supplier,
F-2300,1.0,Kayunga,1,yes,5.0,no,,no,,yes,Agricultural Use,Agreement/lease,,no,,yes,,yes,,yes,yes,,yes,,yes,,yes,,no,,yes,,yes,,yes,,no,,13.399,1125.0,2.0,850.0,800.0,2012-03-12 03:00:00Z,0-25%,75-100%,['Bananas'],,Rainfed,['Using Fertilizers'],3.0,0.0,0.0,3.0,3.0,0.0,900.0,880.0,600.0,600.0,580.0,400.0,It's picked from your farm,Cooperative representative,
F-2301,1.0,Kayunga,1,yes,3.0,no,,no,,no,Agricultural Use,Title,,no,,yes,,yes,,yes,yes,,yes,,yes,,yes,,no,,yes,,yes,,yes,,no,,1.8,1082.6,3.2,1280.0,250.0,2017-09-12 03:00:00Z,0-25%,75-100%,"['Bananas', 'Tobacco']",,Both(Rainfed+Irrigated),['Using Fertilizers'],4.0,5.0,2.0,7.0,5.0,4.0,150.0,130.0,110.0,800.0,780.0,770.0,At a hulling station,Supplier,
F-2302,1.0,Kayunga,1,yes,8.0,no,,no,,yes,Agricultural Use,Agreement/lease,,no,,yes,,yes,,no,,,yes,,yes,,yes,,no,,yes,,yes,,yes,,no,,10.35,1069.5,2.5,1350.0,1300.0,2011-05-01 03:00:00Z,0-25%,75-100%,"['Bananas', 'Beans']",,Rainfed,['Weeding'],4.0,2.0,2.0,4.0,6.0,0.0,2000.0,1980.0,1000.0,1000.0,980.0,900.0,At a hulling station,Supplier,
F-2303,1.0,Kayunga,1,yes,4.0,yes,LDC,no,,yes,Agricultural Use,Customary,,no,,yes,,yes,,no,,,yes,,yes,,yes,,no,,yes,,yes,,yes,,no,,2.848,1118.9,3.0,1200.0,900.0,2018-04-12 03:00:00Z,0-25%,75-100%,"['Bananas', 'Beans', 'Cocoa']",,Rainfed,"['Weeding', 'Intercropping']",3.0,3.0,4.0,2.0,6.0,0.0,150.0,130.0,110.0,900.0,880.0,800.0,It's picked from your farm,Supplier,
F-2304,1.0,Kayunga,1,yes,4.0,no,,no,,no,Agricultural Use,Agreement/lease,,no,,yes,,yes,,yes,yes,,yes,,yes,,yes,,no,,yes,,yes,,yes,,no,,1.1490091,1104.382,1.0,400.0,200.0,2009-09-12 03:00:00Z,0-25%,75-100%,['Bananas'],,Rainfed,['Intercropping'],5.0,15.0,10.0,10.0,18.0,2.0,200.0,180.0,150.0,1000.0,800.0,45.0,It's picked from your farm,Supplier,
F-2305,1.0,Kayunga,1,yes,5.0,no,,no,,yes,Agricultural Use,Agreement/lease,,no,,yes,,yes,,no,,,yes,,yes,,yes,,no,,yes,,yes,,yes,,no,,3.5,1070.0,3.0,1200.0,1100.0,2011-05-12 03:00:00Z,0-25%,75-100%,['Beans'],,Rainfed,"['Intercropping', 'Weeding']",4.0,3.0,6.0,1.0,7.0,0.0,2500.0,2480.0,1250.0,1250.0,1240.0,1150.0,It's picked from your farm,Supplier,
F-2306,1.0,Kayunga,1,no,4.0,no,,no,,no,Agricultural Use,Title,,no,,yes,,yes,,yes,yes,,yes,,yes,,yes,,no,,yes,,yes,,yes,,no,,4.9,1071.5,1.5,900.0,870.0,2011-01-02 03:00:00Z,0-25%,75-100%,"['Bananas', 'Tobacco']",,Rainfed,"['Using Fertilizers', 'Weeding', 'Intercropping']",0.0,1.0,0.0,1.0,1.0,0.0,1000.0,980.0,500.0,500.0,480.0,400.0,It's picked from your farm,Supplier,
F-2307,1.0,Kayunga,1,yes,6.0,no,,no,,yes,Agricultural Use,Customary,,no,,yes,,yes,,no,,,yes,,yes,,yes,,no,,yes,,yes,,yes,,no,,2.9,1040.2,3.0,1200.0,1000.0,1990-08-14 03:00:00Z,0-25%,75-100%,"['Bananas', 'Beans']",,Rainfed,"['Intercropping', 'Weeding']",4.0,3.0,4.0,3.0,7.0,0.0,2000.0,1980.0,1000.0,1000.0,980.0,850.0,It's picked from your farm,Supplier,
F-2308,1.0,Kayunga,1,yes,7.0,no,,no,,yes,Agricultural Use,Agreement/lease,,no,,yes,,yes,,no,,,yes,,yes,,Yes,,no,,yes,,yes,,yes,,no,,2.7,1098.2,2.3,1050.0,1000.0,2010-08-05 03:00:00Z,0-25%,75-100%,['Bananas'],,Rainfed,['Using Fertilizers'],0.0,0.0,0.0,0.0,0.0,0.0,900.0,880.0,700.0,700.0,680.0,500.0,It's picked from your farm,Cooperative representative,
F-2309,1.0,Luwero,1,no,8.0,no,,no,,yes,Agricultural Use,Customary,,no,,yes,,yes,,yes,yes,,yes,,yes,,yes,,no,,yes,,yes,,yes,,no,,6.9,1111.3,2.5,1400.0,1350.0,2008-07-09 03:00:00Z,0-25%,75-100%,"['Bananas', 'Beans']",,Rainfed,"['Using Fertilizers', 'Pruning', 'Weeding', 'Intercropping']",1.0,1.0,0.0,2.0,2.0,0.0,1000.0,980.0,500.0,500.0,480.0,450.0,It's picked from your farm,Supplier,
F-2310,1.0,Kayunga,1,yes,5.0,no,,no,,yes,Agricultural Use,Agreement/lease,,no,,yes,,yes,,yes,yes,,yes,,yes,,yes,,no,,yes,,yes,,yes,,no,,2.0,1056.5,2.5,1500.0,1470.0,2004-08-09 03:00:00Z,0-25%,75-100%,['Bananas'],,Rainfed,"['Using Fertilizers', 'Pruning', 'Weeding']",4.0,1.0,4.0,1.0,5.0,0.0,3000.0,2980.0,1500.0,1500.0,1480.0,1300.0,It's picked from your farm,Supplier,
F-2311,1.0,Luwero,1,yes,11.0,no,,no,,yes,Agricultural Use,Title,,no,,yes,,yes,,yes,yes,,yes,,yes,,yes,,no,,yes,,yes,,yes,,no,,0.897,1122.057,8.2,4500.0,1000.0,1998-05-03 03:00:00Z,0-25%,75-100%,['Bananas'],,Rainfed,"['Weeding', 'Pruning', 'Intercropping']",4.0,1.0,3.0,2.0,5.0,0.0,4500.0,2000.0,1400.0,5000.0,2400.0,1500.0,It's picked from your farm,Supplier,
F-2312,1.0,Luwero,1,yes,5.0,yes,LDC,no,,yes,Agricultural Use,Agreement/lease,,no,,yes,,yes,,yes,yes,,yes,,yes,,yes,,no,,yes,,yes,,yes,,no,,2.9358642,1139.279,5.5,2200.0,250.0,2020-11-02 03:00:00Z,0-25%,75-100%,['Bananas'],,Rainfed,['Intercropping'],4.0,2.0,3.0,3.0,6.0,0.0,150.0,130.0,110.0,175.0,160.0,90.0,It's picked from your farm,Supplier,
F-2313,1.0,Kayunga,1,yes,10.0,no,,no,,yes,Agricultural Use,Agreement/lease,,no,,yes,,yes,,no,,,yes,,yes,,Yes,,no,,yes,,yes,,yes,,no,,6.535,1040.666,2.0,1050.0,1000.0,1969-01-01 03:00:00Z,0-25%,75-100%,"['Bananas', 'Beans']",,Rainfed,"['Pruning', 'Weeding']",0.0,0.0,0.0,0.0,0.0,0.0,3000.0,2980.0,1500.0,1500.0,1480.0,1400.0,It's picked from your farm,Hulling Station representative,
F-2314,1.0,Nakeseke,1,yes,6.0,no,,no,,yes,Agricultural Use,Agreement/lease,,no,,yes,,yes,,yes,yes,,yes,,yes,,yes,,no,,yes,,yes,,yes,,no,,7.858,1097.989,5.5,2200.0,952.0,2001-05-21 03:00:00Z,0-25%,75-100%,"['Bananas', 'Beans']",,Rainfed,"['Pruning', 'Weeding']",2.0,0.0,2.0,0.0,2.0,0.0,150.0,130.0,110.0,5100.0,2856.0,1632.0,It's picked from your farm,Supplier,
F-2315,1.0,Kayunga,1,yes,10.0,no,,no,,yes,Agricultural Use,Agreement/lease,,no,,yes,,yes,,no,,,yes,,yes,,yes,,no,,yes,,yes,,yes,,no,,8.7,1094.4,2.5,1300.0,1250.0,2007-05-15 03:00:00Z,0-25%,75-100%,['Bananas'],,Rainfed,['Weeding'],2.0,1.0,3.0,0.0,3.0,0.0,600.0,580.0,300.0,300.0,280.0,260.0,It's picked from your farm,Supplier,
F-2316,1.0,Nakeseke,1,yes,6.0,no,,no,,yes,Agricultural Use,Agreement/lease,,no,,yes,,yes,,yes,yes,,yes,,yes,,yes,,no,,yes,,yes,,yes,,no,,1.905,1073.209,5.5,2200.0,2170.0,2001-03-07 03:00:00Z,0-25%,75-100%,"['Bananas', 'Beans']",,Rainfed,"['Pruning', 'Weeding']",2.0,1.0,2.0,1.0,3.0,0.0,150.0,130.0,110.0,8000.0,4230.0,2350.0,At a hulling station,Supplier,
F-2317,1.0,Kayunga,1,yes,3.0,no,,no,,no,Agricultural Use,Title,,no,,yes,,yes,,yes,yes,,yes,,yes,,yes,,no,,yes,,yes,,yes,,no,,2.3,1094.4,2.2,880.0,850.0,2009-09-12 03:00:00Z,0-25%,75-100%,"['Bananas', 'Tobacco']",,Both(Rainfed+Irrigated),['Using Fertilizers'],5.0,2.0,3.0,4.0,5.0,2.0,150.0,130.0,110.0,1000.0,800.0,45.0,At a hulling station,Supplier,
F-2318,1.0,Luwero,1,yes,7.0,yes,LDC,no,,yes,Agricultural Use,Agreement/lease,,no,,yes,,yes,,no,,,yes,,yes,,yes,,no,,yes,,yes,,yes,,no,,11.1,1182.5,5.5,2200.0,900.0,2015-09-12 03:00:00Z,0-25%,75-100%,['Bananas'],,Rainfed,['Intercropping'],2.0,3.0,0.0,5.0,5.0,0.0,150.0,130.0,110.0,1000.0,800.0,60.0,It's picked from your farm,Supplier,
F-2319,1.0,Nakeseke,1,yes,5.0,no,,no,,yes,Agricultural Use,Agreement/lease,,no,,yes,,yes,,no,,,yes,,yes,,yes,,no,,yes,,yes,,yes,,no,,9.386,1063.759,5.5,2200.0,925.0,2002-08-06 03:00:00Z,0-25%,75-100%,['Bananas'],,Rainfed,"['Weeding', 'Pruning']",2.0,0.0,2.0,0.0,2.0,0.0,150.0,130.0,110.0,4995.0,2775.0,1548.0,It's picked from your farm,Supplier,
F-2320,1.0,Kayunga,1,yes,2.0,no,,no,,no,Agricultural Use,Title,,no,,yes,,yes,,yes,yes,,yes,,yes,,yes,,no,,yes,,yes,,yes,,no,,1.766,1048.3,3.2,1280.0,550.0,2010-09-12 03:00:00Z,0-25%,75-100%,"['Bananas', 'Tobacco']",,Both(Rainfed+Irrigated),['Using Fertilizers'],5.0,2.0,3.0,4.0,6.0,1.0,1000.0,980.0,960.0,1000.0,800.0,80.0,At a hulling station,Supplier,
F-2321,1.0,Kayunga,1,yes,3.0,no,,no,,yes,Agricultural Use,Customary,,no,,yes,,yes,,no,,,yes,,yes,,yes,,no,,yes,,yes,,yes,,no,,2.5,1108.5,2.0,800.0,700.0,2014-05-12 03:00:00Z,0-25%,75-100%,['Bananas'],,Rainfed,"['Intercropping', 'Weeding']",2.0,2.0,0.0,4.0,4.0,0.0,1500.0,1480.0,750.0,750.0,740.0,700.0,At a hulling station,Supplier,
F-2322,1.0,Kayunga,1,yes,12.0,no,,no,,yes,Agricultural Use,Agreement/lease,,no,,yes,,yes,,no,,,yes,,yes,,Yes,,no,,yes,,yes,,yes,,no,,2.282,1086.133,2.5,1500.0,1470.0,1970-11-20 03:00:00Z,0-25%,75-100%,"['Bananas', 'Beans']",,Rainfed,"['Pruning', 'Weeding']",0.0,0.0,0.0,0.0,0.0,0.0,3000.0,2980.0,1500.0,1500.0,1480.0,1450.0,It's picked from your farm,Hulling Station representative,
F-2323,1.0,Luwero,1,yes,4.0,no,,no,,yes,Agricultural Use,Customary,,no,,yes,,yes,,no,,,yes,,yes,,yes,,no,,yes,,yes,,yes,,no,,1.6195377,1140.088,3.5,1400.0,200.0,2015-03-15 03:00:00Z,0-25%,75-100%,['Bananas'],,Rainfed,['Weeding'],1.0,1.0,0.0,2.0,2.0,0.0,1000.0,980.0,960.0,1000.0,800.0,50.0,somewhere else,other,Highest Bidder
F-2324,1.0,Kayunga,1,yes,4.0,no,,no,,no,Agricultural Use,Agreement/lease,,no,,yes,,yes,,no,,,yes,,yes,,yes,,no,,yes,,yes,,yes,,no,,0.7412461,1100.632,2.0,800.0,770.0,2011-04-12 03:00:00Z,0-25%,75-100%,['Bananas'],,Rainfed,['Using Fertilizers'],2.0,0.0,0.0,2.0,2.0,0.0,150.0,130.0,110.0,600.0,580.0,400.0,It's picked from your farm,Cooperative representative,
F-2325,1.0,Luwero,2,yes,6.0,yes,LDC,no,,yes,Agricultural Use,Customary,,no,,yes,,yes,,no,,,yes,,yes,,yes,,no,,yes,,yes,,yes,,no,,9.7,1154.5,5.5,2200.0,450.0,2017-09-12 03:00:00Z,0-25%,75-100%,['Bananas'],,Rainfed,['Intercropping'],2.0,2.0,0.0,4.0,4.0,0.0,150.0,130.0,110.0,1000.0,800.0,100.0,It's picked from your farm,Supplier,
F-2326,1.0,Kayunga,1,yes,5.0,no,,no,,no,Agricultural Use,Title,,no,,yes,,yes,,no,,,yes,,yes,,yes,,no,,yes,,yes,,yes,,no,,3.216,1105.672729,4.0,1600.0,1500.0,2000-07-10 03:00:00Z,0-25%,75-100%,"['Bananas', 'Cocoa', 'other']",vanilla,Rainfed,"['Using Fertilizers', 'Pruning', 'Weeding', 'Intercropping']",4.0,3.0,5.0,2.0,7.0,0.0,3000.0,2980.0,1500.0,1500.0,1480.0,1400.0,It's picked from your farm,Supplier,
F-2327,1.0,Luwero,1,yes,6.0,no,,no,,yes,Agricultural Use,Agreement/lease,,no,,yes,,yes,,no,,,yes,,yes,,yes,,no,,yes,,yes,,yes,,no,,20.5,1093.0,3.5,1400.0,1200.0,2000-09-07 03:00:00Z,0-25%,75-100%,"['Bananas', 'Beans']",,Rainfed,"['Pruning', 'Weeding', 'Intercropping']",3.0,1.0,0.0,4.0,4.0,0.0,1000.0,980.0,960.0,1350.0,1340.0,1200.0,It's picked from your farm,Supplier,
F-2328,1.0,Kayunga,1,yes,10.0,no,,no,,yes,Agricultural Use,Agreement/lease,,no,,yes,,yes,,yes,yes,,yes,,yes,,yes,,no,,yes,,yes,,yes,,no,,2.2,1074.9,2.5,1350.0,1300.0,2000-09-05 03:00:00Z,0-25%,75-100%,"['Bananas', 'Beans']",,Rainfed,['Weeding'],9.0,6.0,5.0,10.0,15.0,0.0,2000.0,1980.0,1000.0,1000.0,980.0,900.0,At a hulling station,Supplier,
F-2329,1.0,Kayunga,1,yes,6.0,no,,no,,no,Agricultural Use,Title,,no,,yes,,yes,,yes,yes,,yes,,yes,,yes,,no,,yes,,yes,,yes,,no,,1.683,1064.9,5.5,2200.0,1000.0,2009-03-12 03:00:00Z,0-25%,75-100%,"['Bananas', 'Tobacco']",,Both(Rainfed+Irrigated),['Using Fertilizers'],8.0,3.0,2.0,9.0,11.0,0.0,900.0,880.0,150.0,1000.0,800.0,54.0,At a hulling station,Supplier,
F-2330,1.0,Kayunga,1,yes,7.0,no,,no,,no,Agricultural Use,Title,,no,,yes,,yes,,yes,yes,,yes,,yes,,yes,,no,,yes,,yes,,yes,,no,,3.216,1070.643188,1.5,900.0,200.0,2005-02-13 03:00:00Z,0-25%,75-100%,['Beans'],,Irrigated,['Using Fertilizers'],15.0,10.0,10.0,15.0,20.0,5.0,200.0,180.0,160.0,200.0,180.0,160.0,It's picked from your farm,Supplier,
F-2331,1.0,Kayunga,1,yes,7.0,no,,no,,yes,Agricultural Use,Customary,,no,,yes,,yes,,no,,,yes,,yes,,yes,,no,,yes,,yes,,yes,,no,,1.874,1033.8,2.0,1000.0,800.0,1990-08-15 03:00:00Z,0-25%,75-100%,"['Bananas', 'Beans']",,Rainfed,"['Using Fertilizers', 'Pruning', 'Weeding', 'Intercropping']",2.0,2.0,0.0,4.0,4.0,0.0,400.0,380.0,340.0,340.0,320.0,300.0,It's picked from your farm,Supplier,
F-2332,1.0,Luwero,1,yes,7.0,no,,no,,yes,Agricultural Use,Customary,,no,,yes,,yes,,yes,yes,,yes,,yes,,yes,,no,,yes,,yes,,yes,,no,,4.5,1113.9,5.5,3300.0,3270.0,2008-07-08 03:00:00Z,0-25%,75-100%,"['Bananas', 'Beans']",,Rainfed,"['Using Fertilizers', 'Pruning', 'Weeding', 'Intercropping']",2.0,0.0,2.0,0.0,2.0,0.0,1000.0,980.0,960.0,2500.0,2480.0,2250.0,It's picked from your farm,Supplier,
F-2333,1.0,Kayunga,1,yes,8.0,no,,no,,yes,Agricultural Use,Agreement/lease,,no,,yes,,yes,,no,,,yes,,yes,,yes,,no,,yes,,yes,,yes,,no,,1.6642923,1048.935,3.5,1700.0,1500.0,1998-04-08 03:00:00Z,0-25%,75-100%,"['Bananas', 'Beans']",,Rainfed,"['Using Fertilizers', 'Weeding', 'Intercropping']",6.0,3.0,2.0,7.0,9.0,0.0,150.0,130.0,110.0,1500.0,1480.0,1350.0,It's picked from your farm,Supplier,
F-2334,1.0,Luwero,1,yes,8.0,no,,no,,no,Agricultural Use,Agreement/lease,,no,,yes,,yes,,yes,yes,,yes,,yes,,yes,,no,,yes,,yes,,yes,,no,,1.457,1094.782,3.5,1400.0,600.0,2014-06-18 03:00:00Z,0-25%,75-100%,"['Bananas', 'Beans']",,Rainfed,"['Pruning', 'Weeding', 'Intercropping']",2.0,3.0,0.0,5.0,5.0,0.0,800.0,780.0,760.0,900.0,800.0,780.0,It's picked from your farm,Supplier,
F-2335,1.0,Luwero,1,yes,7.0,no,,no,,yes,Agricultural Use,Customary,,no,,yes,,yes,,yes,yes,,yes,,yes,,yes,,no,,yes,,yes,,yes,,no,,12.3,1157.4,5.5,2250.0,2220.0,2009-09-08 03:00:00Z,0-25%,75-100%,"['Bananas', 'Beans']",,Rainfed,"['Using Fertilizers', 'Pruning', 'Weeding', 'Intercropping']",1.0,0.0,0.0,1.0,1.0,0.0,150.0,130.0,110.0,1000.0,980.0,900.0,It's picked from your farm,Supplier,
F-2336,1.0,Kayunga,1,yes,4.0,no,,no,,yes,Agricultural Use,Agreement/lease,,no,,yes,,yes,,yes,yes,,yes,,yes,,Yes,,no,,yes,,yes,,yes,,no,,1.0287493,1071.134,1.2,720.0,690.0,2001-04-12 03:00:00Z,0-25%,75-100%,['Bananas'],,Rainfed,['Using Fertilizers'],2.0,0.0,0.0,2.0,2.0,0.0,9000.0,8980.0,8960.0,9000.0,8980.0,8960.0,It's picked from your farm,Cooperative representative,
F-2337,1.0,Kayunga,1,yes,2.0,no,,no,,no,Natural forest,Customary,,no,,yes,,yes,,yes,yes,,yes,,yes,,yes,,no,,yes,,yes,,yes,,no,,2.2,1080.7,3.0,1200.0,1000.0,2009-09-09 03:00:00Z,0-25%,75-100%,"['Bananas', 'Beans']",,Rainfed,['Using Fertilizers'],1.0,1.0,1.0,1.0,1.0,1.0,2000.0,1980.0,1000.0,1000.0,980.0,500.0,It's picked from your farm,Supplier,
F-2338,1.0,Luwero,1,yes,3.0,no,,no,,yes,Agricultural Use,Customary,,no,,yes,,yes,,no,,,yes,,yes,,yes,,no,,yes,,yes,,yes,,no,,1.6812768,1128.0,2.5,1000.0,200.0,2015-03-02 03:00:00Z,0-25%,75-100%,['Bananas'],,Rainfed,['Intercropping'],3.0,0.0,1.0,2.0,3.0,0.0,200.0,180.0,160.0,200.0,180.0,46.0,It's picked from your farm,Supplier,
F-2339,1.0,Luwero,1,yes,10.0,no,,no,,yes,Agricultural Use,Title,,no,,yes,,yes,,yes,yes,,yes,,yes,,yes,,no,,yes,,yes,,yes,,no,,9.5,1115.0,5.5,2200.0,310.0,2004-01-18 03:00:00Z,0-25%,75-100%,['Bananas'],,Rainfed,"['Pruning', 'Weeding', 'Using Fertilizers']",2.0,3.0,5.0,0.0,5.0,0.0,150.0,130.0,110.0,5000.0,4980.0,4960.0,At a hulling station,Hulling Station representative,
F-2340,1.0,Luwero,1,yes,6.0,yes,LDC,no,,yes,Agricultural Use,Agreement/lease,,no,,yes,,yes,,no,,,yes,,yes,,yes,,no,,yes,,yes,,yes,,no,,18.977,1163.5,5.5,2200.0,900.0,2019-09-12 03:00:00Z,0-25%,75-100%,['Bananas'],,Rainfed,['Intercropping'],1.0,5.0,0.0,6.0,6.0,0.0,150.0,130.0,110.0,1000.0,800.0,100.0,It's picked from your farm,Supplier,
F-2341,1.0,Luwero,1,yes,5.0,no,,no,,yes,Agricultural Use,Customary,,no,,yes,,yes,,yes,yes,,yes,,yes,,yes,,no,,yes,,yes,,yes,,no,,2.1,1106.4,4.0,1850.0,1800.0,2009-07-09 03:00:00Z,0-25%,75-100%,"['Bananas', 'Beans']",,Rainfed,"['Using Fertilizers', 'Pruning', 'Intercropping', 'Weeding']",2.0,0.0,1.0,1.0,2.0,0.0,1000.0,980.0,960.0,1000.0,980.0,900.0,It's picked from your farm,Supplier,
F-2342,1.0,Kayunga,1,yes,7.0,no,,no,,no,Agricultural Use,Title,,no,,yes,,yes,,no,,,yes,,yes,,yes,,no,,yes,,yes,,yes,,no,,0.7060969,1063.185,1.5,600.0,200.0,2003-03-12 03:00:00Z,0-25%,75-100%,"['Bananas', 'Tobacco']",,Both(Rainfed+Irrigated),['Using Fertilizers'],20.0,15.0,6.0,29.0,30.0,5.0,905.0,885.0,150.0,1000.0,800.0,45.0,At a hulling station,Supplier,
F-2343,1.0,Kayunga,1,no,5.0,no,,no,,no,Agricultural Use,Agreement/lease,,no,,yes,,yes,,no,,,yes,,yes,,yes,,no,,yes,,yes,,yes,,no,,1.4251902,1093.219,2.0,900.0,800.0,2009-07-12 03:00:00Z,0-25%,75-100%,['Bananas'],,Rainfed,['Using Fertilizers'],5.0,0.0,3.0,2.0,5.0,0.0,1000.0,980.0,960.0,600.0,580.0,400.0,It's picked from your farm,Cooperative representative,
F-2344,1.0,Luwero,2,yes,5.0,no,,no,,yes,Agricultural Use,Agreement/lease,,no,,yes,,yes,,no,,,yes,,yes,,yes,,no,,yes,,yes,,yes,,no,,1.79,1140.169,5.5,2200.0,1200.0,1999-12-12 03:00:00Z,0-25%,75-100%,['Bananas'],,Rainfed,['Intercropping'],1.0,1.0,1.0,1.0,2.0,0.0,150.0,130.0,110.0,1000.0,980.0,400.0,It's picked from your farm,Supplier,
F-2345,1.0,Luwero,1,no,9.0,no,,no,,no,Agricultural Use,Customary,,no,,yes,,yes,,yes,yes,,yes,,yes,,yes,,no,,yes,,yes,,yes,,no,,10.7,1125.9,2.5,1350.0,1320.0,2010-05-06 03:00:00Z,0-25%,75-100%,"['Bananas', 'Beans']",,Rainfed,"['Intercropping', 'Weeding', 'Pruning']",1.0,1.0,1.0,1.0,2.0,0.0,1000.0,980.0,500.0,500.0,480.0,450.0,It's picked from your farm,Supplier,
F-2346,1.0,Luwero,1,yes,5.0,no,,no,,no,Agricultural Use,Agreement/lease,,no,,yes,,yes,,yes,yes,,yes,,yes,,yes,,no,,yes,,yes,,yes,,no,,0.738,1110.06,3.5,1400.0,200.0,2000-07-12 03:00:00Z,0-25%,75-100%,['Bananas'],,Rainfed,"['Pruning', 'Weeding', 'Intercropping']",1.0,0.0,0.0,1.0,1.0,0.0,1000.0,980.0,960.0,200.0,180.0,160.0,It's picked from your farm,Supplier,
F-2347,1.0,Kayunga,1,yes,5.0,no,,no,,no,Agricultural Use,Agreement/lease,,no,,yes,,yes,,no,,,yes,,yes,,yes,,no,,yes,,yes,,yes,,no,,1.1154416,1030.768,3.0,1200.0,1000.0,2012-03-12 03:00:00Z,0-25%,75-100%,['Bananas'],,Rainfed,['Using Fertilizers'],3.0,0.0,0.0,3.0,3.0,0.0,1000.0,980.0,960.0,700.0,680.0,500.0,It's picked from your farm,Cooperative representative,
F-2348,1.0,Kayunga,1,no,5.0,no,,no,,yes,Agricultural Use,Agreement/lease,,no,,yes,,yes,,no,,,yes,,yes,,yes,,no,,yes,,yes,,yes,,no,,16.516,1057.6,2.5,1350.0,1300.0,2012-11-01 03:00:00Z,0-25%,75-100%,"['Bananas', 'Beans']",,Rainfed,['Weeding'],7.0,4.0,7.0,4.0,11.0,0.0,2000.0,1980.0,1000.0,1000.0,980.0,900.0,At a hulling station,Supplier,
F-2349,1.0,Kayunga,1,yes,4.0,no,,no,,yes,Agricultural Use,Customary,,no,,yes,,yes,,no,,,yes,,yes,,yes,,no,,yes,,yes,,yes,,no,,2.8,1078.2,3.0,1200.0,1100.0,2014-07-12 03:00:00Z,0-25%,75-100%,['Bananas'],,Rainfed,"['Weeding', 'Intercropping']",3.0,2.0,3.0,2.0,5.0,0.0,1000.0,980.0,960.0,1300.0,1280.0,1150.0,It's picked from your farm,Supplier,
F-2350,1.0,Luwero,1,yes,5.0,no,,no,,yes,Agricultural Use,Title,,no,,yes,,yes,,no,,,yes,,yes,,yes,,no,,yes,,yes,,yes,,no,,0.673,1089.466,5.5,2200.0,1260.0,2000-05-10 03:00:00Z,0-25%,75-100%,['Bananas'],,Rainfed,['Using Fertilizers'],6.0,2.0,3.0,5.0,8.0,0.0,9000.0,8980.0,4500.0,4500.0,4480.0,4200.0,It's picked from your farm,Supplier,
F-2351,1.0,Luwero,1,yes,4.0,yes,LDC,no,,yes,Agricultural Use,Agreement/lease,,no,,yes,,yes,,no,,,yes,,yes,,yes,,no,,yes,,yes,,yes,,no,,3.6,1065.0,5.5,2200.0,400.0,2004-10-20 03:00:00Z,0-25%,75-100%,['Bananas'],,Rainfed,"['Weeding', 'Intercropping']",1.0,1.0,1.0,1.0,1.0,1.0,150.0,130.0,110.0,400.0,380.0,360.0,It's picked from your farm,Supplier,
F-2352,1.0,Kayunga,1,no,7.0,no,,no,,yes,Agricultural Use,Agreement/lease,,no,,yes,,yes,,yes,yes,,yes,,yes,,yes,,no,,yes,,yes,,yes,,no,,3.5,1031.2,2.5,1350.0,1000.0,2000-04-21 03:00:00Z,0-25%,75-100%,['Bananas'],,Rainfed,['Weeding'],1.0,1.0,0.0,2.0,2.0,0.0,2000.0,1980.0,1960.0,2500.0,2000.0,1600.0,It's picked from your farm,Supplier,
F-2353,1.0,Luwero,1,yes,5.0,no,,no,,yes,Agricultural Use,Title,,no,,yes,,yes,,no,,,yes,,yes,,yes,,no,,yes,,yes,,yes,,no,,2.1,1145.7,3.0,1300.0,1200.0,2000-09-02 03:00:00Z,0-25%,75-100%,"['Bananas', 'Beans']",,Rainfed,"['Using Fertilizers', 'Weeding']",4.0,2.0,4.0,2.0,6.0,0.0,1000.0,980.0,960.0,1500.0,1200.0,1194.0,It's picked from your farm,Supplier,
F-2354,1.0,Kayunga,1,yes,5.0,no,,no,,yes,Agricultural Use,Agreement/lease,,no,,yes,,yes,,yes,yes,,yes,,yes,,yes,,no,,yes,,yes,,yes,,no,,2.9,1052.8,2.5,1000.0,300.0,2016-04-12 03:00:00Z,0-25%,75-100%,['Bananas'],,Rainfed,['Weeding'],1.0,1.0,0.0,2.0,2.0,0.0,900.0,880.0,150.0,1000.0,800.0,100.0,It's picked from your farm,Supplier,
F-2355,1.0,Kayunga,1,no,1.0,no,,no,,no,Natural forest,Title,,no,,yes,,yes,,no,,,yes,,yes,,yes,,no,,yes,,yes,,yes,,no,,9.648001,1165.562134,5.5,2200.0,400.0,2009-12-12 03:00:00Z,0-25%,75-100%,['Bananas'],,Rainfed,['Using Fertilizers'],0.0,0.0,0.0,0.0,0.0,0.0,150.0,130.0,110.0,1000.0,800.0,45.0,It's picked from your farm,Supplier,
F-2356,1.0,Kayunga,1,yes,5.0,no,,no,,yes,Agricultural Use,Customary,,no,,yes,,yes,,no,,,yes,,yes,,yes,,no,,yes,,yes,,yes,,no,,4.3,1060.0,3.0,1200.0,1000.0,2010-07-12 03:00:00Z,0-25%,75-100%,"['Bananas', 'Beans']",,Rainfed,"['Intercropping', 'Weeding']",4.0,4.0,4.0,4.0,8.0,0.0,1000.0,980.0,960.0,1000.0,980.0,850.0,At a hulling station,Supplier,
F-2357,1.0,Kayunga,1,yes,3.0,no,,no,,no,Agricultural Use,Title,,no,,yes,,yes,,yes,yes,,yes,,yes,,yes,,no,,yes,,yes,,yes,,no,,2.0,1084.7,3.0,1200.0,750.0,2015-09-23 03:00:00Z,0-25%,75-100%,"['Bananas', 'Tobacco']",,Both(Rainfed+Irrigated),['Using Fertilizers'],8.0,3.0,5.0,6.0,6.0,5.0,1000.0,980.0,960.0,1000.0,800.0,80.0,At a hulling station,Supplier,
F-2358,1.0,Kayunga,1,yes,3.0,no,,no,,no,Agricultural Use,Title,,no,,yes,,yes,,yes,yes,,yes,,yes,,yes,,no,,yes,,yes,,yes,,no,,1.883,1110.8,2.3,920.0,250.0,2012-09-12 03:00:00Z,0-25%,75-100%,"['Bananas', 'Tobacco']",,Both(Rainfed+Irrigated),['Using Fertilizers'],2.0,5.0,3.0,4.0,6.0,1.0,150.0,130.0,110.0,742.0,600.0,36.0,At a hulling station,Supplier,
F-2359,1.0,Kayunga,1,no,2.0,no,,no,,no,Agricultural Use,Title,,no,,yes,,yes,,yes,yes,,yes,,yes,,yes,,no,,yes,,yes,,yes,,no,,7.504,1088.411011,3.5,1400.0,500.0,2000-12-12 03:00:00Z,0-25%,75-100%,"['Bananas', 'Beans']",,Rainfed,['Using Fertilizers'],0.0,0.0,0.0,0.0,0.0,0.0,1000.0,980.0,960.0,1000.0,800.0,45.0,It's picked from your farm,Supplier,
F-2360,1.0,Kayunga,1,yes,3.0,no,,no,,no,Agricultural Use,Title,,no,,yes,,yes,,yes,yes,,yes,,yes,,yes,,no,,yes,,yes,,yes,,no,,4.1,1070.1,5.5,2200.0,1000.0,2019-03-13 03:00:00Z,0-25%,75-100%,['Wheat'],,Both(Rainfed+Irrigated),['Using Fertilizers'],18.0,14.0,12.0,20.0,24.0,8.0,800.0,780.0,150.0,1000.0,800.0,54.0,At a hulling station,Supplier,
F-2361,1.0,Kayunga,1,yes,8.0,no,,no,,yes,Agricultural Use,Agreement/lease,,no,,yes,,yes,,no,,,yes,,yes,,yes,,no,,yes,,yes,,yes,,no,,1.0456389,1075.113,3.0,1700.0,1500.0,2000-07-08 03:00:00Z,0-25%,75-100%,['Bananas'],,Rainfed,"['Using Fertilizers', 'Pruning', 'Weeding', 'Intercropping']",8.0,5.0,5.0,8.0,13.0,0.0,3000.0,2980.0,1500.0,1500.0,1480.0,1350.0,It's picked from your farm,Supplier,
F-2362,1.0,Kayunga,1,yes,5.0,no,,no,,no,Agricultural Use,Title,,no,,yes,,yes,,yes,yes,,yes,,yes,,yes,,no,,yes,,yes,,yes,,no,,8.8,1079.3,1.5,850.0,800.0,2011-01-01 03:00:00Z,0-25%,75-100%,"['Bananas', 'Beans']",,Rainfed,"['Using Fertilizers', 'Weeding', 'Intercropping']",0.0,1.0,0.0,1.0,1.0,0.0,1600.0,1580.0,800.0,800.0,780.0,400.0,It's picked from your farm,Supplier,
F-2363,1.0,Luwero,1,yes,5.0,no,,no,,yes,Agricultural Use,Title,,no,,yes,,yes,,no,,,yes,,yes,,yes,,no,,yes,,yes,,yes,,no,,7.1,1163.7,3.0,1300.0,1200.0,2015-12-03 03:00:00Z,0-25%,75-100%,['Bananas'],,Rainfed,"['Using Fertilizers', 'Pruning', 'Intercropping', 'Weeding']",2.0,4.0,4.0,2.0,6.0,0.0,1000.0,980.0,960.0,2500.0,2480.0,1340.0,It's picked from your farm,Supplier,
F-2364,1.0,Kayunga,1,yes,7.0,no,,no,,yes,Agricultural Use,Title,,no,,yes,,yes,,yes,yes,,yes,,yes,,yes,,no,,yes,,yes,,yes,,no,,3.6,1080.3,3.5,1400.0,350.0,1950-09-12 03:00:00Z,0-25%,75-100%,"['Bananas', 'Millet', 'Beans']",,Rainfed,"['Using Fertilizers', 'Pruning', 'Weeding', 'Intercropping']",1.0,2.0,1.0,2.0,3.0,0.0,1000.0,980.0,960.0,2500.0,2480.0,1250.0,It's picked from your farm,Supplier,
F-2365,1.0,Nakeseke,2,yes,7.0,no,,no,,yes,Agricultural Use,Agreement/lease,,no,,yes,,yes,,no,,,yes,,yes,,yes,,no,,yes,,yes,,yes,,no,,20.107,1128.400024,5.5,3300.0,3270.0,2021-07-03 03:00:00Z,0-25%,75-100%,['Bananas'],,Both(Rainfed+Irrigated),['Using Fertilizers'],2.0,2.0,0.0,4.0,4.0,0.0,150.0,130.0,110.0,1000.0,800.0,500.0,It's picked from your farm,other,Individuals
F-2366,1.0,Kayunga,1,yes,4.0,no,,no,,yes,Agricultural Use,Agreement/lease,,no,,yes,,yes,,yes,yes,,yes,,yes,,yes,,no,,yes,,yes,,yes,,no,,5.25,1037.5,2.5,1000.0,600.0,2020-04-12 03:00:00Z,0-25%,75-100%,['Bananas'],,Rainfed,['Weeding'],1.0,1.0,0.0,2.0,2.0,0.0,1500.0,1480.0,1460.0,1700.0,1500.0,1200.0,It's picked from your farm,Supplier,
F-2367,1.0,Kayunga,1,yes,5.0,no,,no,,yes,Agricultural Use,Agreement/lease,,no,,yes,,yes,,yes,yes,,yes,,yes,,Yes,,no,,yes,,yes,,yes,,no,,2.6,1110.8,1.2,720.0,690.0,2009-03-12 03:00:00Z,0-25%,75-100%,['Bananas'],,Rainfed,['Using Fertilizers'],0.0,0.0,0.0,0.0,0.0,0.0,900.0,880.0,700.0,700.0,680.0,500.0,It's picked from your farm,Cooperative representative,
F-2368,1.0,Kayunga,1,yes,2.0,no,,no,,no,Agricultural Use,Title,,no,,yes,,yes,,yes,yes,,yes,,yes,,yes,,no,,yes,,yes,,yes,,no,,1.333,1077.7,2.0,1050.0,1000.0,1980-12-11 03:00:00Z,0-25%,75-100%,"['Cocoa', 'Beans']",,Rainfed,"['Using Fertilizers', 'Weeding', 'Intercropping']",0.0,1.0,0.0,1.0,1.0,0.0,2000.0,1980.0,1000.0,1000.0,980.0,500.0,It's picked from your farm,Supplier,
F-2369,1.0,Kayunga,1,no,6.0,no,,no,,no,Agricultural Use,Agreement/lease,,no,,yes,,yes,,yes,yes,,yes,,yes,,yes,,no,,yes,,yes,,yes,,no,,9.7,1061.8,3.5,1600.0,1500.0,1990-08-12 03:00:00Z,0-25%,75-100%,"['Bananas', 'Beans']",,Rainfed,"['Pruning', 'Weeding', 'Intercropping']",1.0,1.0,1.0,1.0,2.0,0.0,1000.0,980.0,960.0,2250.0,2240.0,2100.0,It's picked from your farm,Supplier,
F-2370,1.0,Luwero,1,yes,4.0,no,,no,,yes,Agricultural Use,Agreement/lease,,no,,yes,,yes,,no,,,yes,,yes,,yes,,no,,yes,,yes,,yes,,no,,6.066,1079.264,3.0,1200.0,900.0,2000-08-12 03:00:00Z,0-25%,75-100%,['Bananas'],,Rainfed,['Intercropping'],1.0,1.0,1.0,1.0,2.0,0.0,600.0,580.0,300.0,300.0,280.0,200.0,It's picked from your farm,Supplier,
F-2371,1.0,Kayunga,1,yes,9.0,no,,no,,yes,Agricultural Use,Customary,,no,,yes,,yes,,yes,yes,,yes,,yes,,yes,,no,,yes,,yes,,yes,,no,,3.6,1064.9,4.0,1600.0,1300.0,2003-08-09 03:00:00Z,0-25%,75-100%,"['Bananas', 'Cocoa']",,Rainfed,"['Using Fertilizers', 'Pruning', 'Weeding']",4.0,2.0,4.0,2.0,6.0,0.0,1400.0,1380.0,800.0,1500.0,1480.0,900.0,It's picked from your farm,Supplier,
F-2372,1.0,Luwero,1,yes,5.0,no,,no,,yes,Natural forest,Agreement/lease,,no,,yes,,yes,,no,,,yes,,yes,,yes,,no,,yes,,yes,,yes,,no,,10.833,1123.0,3.5,1400.0,415.0,1999-06-30 03:00:00Z,0-25%,75-100%,['Bananas'],,Rainfed,"['Pruning', 'Weeding']",1.0,2.0,1.0,1.0,2.0,0.0,500.0,480.0,250.0,250.0,240.0,230.0,It's picked from your farm,Supplier,
F-2373,1.0,Kayunga,1,yes,3.0,no,,no,,yes,Agricultural Use,Agreement/lease,,no,,yes,,yes,,no,,,yes,,yes,,yes,,no,,yes,,yes,,yes,,no,,2.3,1071.7,1.2,720.0,690.0,2010-05-12 03:00:00Z,0-25%,75-100%,['Bananas'],,Rainfed,['Using Fertilizers'],0.0,0.0,0.0,0.0,0.0,0.0,1500.0,1480.0,1200.0,1700.0,1680.0,1000.0,It's picked from your farm,other,Highest Bidder
F-2374,1.0,Luwero,3,yes,7.0,no,,no,,no,Agricultural Use,Agreement/lease,,no,,yes,,yes,,yes,yes,,yes,,yes,,yes,,no,,yes,,yes,,yes,,no,,1.21,1099.983,3.5,1400.0,900.0,1999-02-15 03:00:00Z,0-25%,75-100%,['Bananas'],,Rainfed,"['Pruning', 'Weeding', 'Intercropping']",1.0,2.0,0.0,3.0,3.0,0.0,800.0,780.0,700.0,700.0,680.0,660.0,It's picked from your farm,Supplier,
